

================================================================
== Vivado HLS Report for 'LeakyReLU'
================================================================
* Date:           Fri Oct 25 16:05:11 2024

* Version:        2018.3 (Build 2405991 on Thu Dec 06 23:56:15 MST 2018)
* Project:        LeakyReLU
* Solution:       solution1
* Product family: zynq
* Target device:  xc7z020clg400-2


================================================================
== Performance Estimates
================================================================
+ Timing (ns): 
    * Summary: 
    +--------+-------+----------+------------+
    |  Clock | Target| Estimated| Uncertainty|
    +--------+-------+----------+------------+
    |ap_clk  |  10.00|     8.750|        1.25|
    +--------+-------+----------+------------+

+ Latency (clock cycles): 
    * Summary: 
    +-----+--------------+-----+--------------+---------+
    |       Latency      |      Interval      | Pipeline|
    | min |      max     | min |      max     |   Type  |
    +-----+--------------+-----+--------------+---------+
    |    1|  686876033026|    1|  686876033026|   none  |
    +-----+--------------+-----+--------------+---------+

    + Detail: 
        * Instance: 
        N/A

        * Loop: 
        +-------------+-----+--------------+------------+-----------+-----------+--------------+----------+
        |             |       Latency      |  Iteration |  Initiation Interval  |     Trip     |          |
        |  Loop Name  | min |      max     |   Latency  |  achieved |   target  |     Count    | Pipelined|
        +-------------+-----+--------------+------------+-----------+-----------+--------------+----------+
        |- Loop 1     |    0|  686876033025| 11 ~ 40961 |          -|          -| 0 ~ 16769025 |    no    |
        | + Loop 1.1  |    0|         40950|          10|          -|          -|   0 ~ 4095   |    no    |
        +-------------+-----+--------------+------------+-----------+-----------+--------------+----------+

============================================================
+ Verbose Summary: Synthesis Manager
============================================================
InlineROM: 1
ExposeGlobal: 0
============================================================
+ Verbose Summary: CDFG Model
============================================================
IsTopModel: 1
ResetActiveHigh: 1
IsCombinational: 0
IsDatapathOnly: 0
HasWiredReturn: 1
HasMFsm: 0
HasVarLatency: 1
IsPipeline: 0
IsRtlPipelined: 0
IsInstanceOverlapped: 0
IsDontTouch: 0
HasImplIP: 0
IsGatedGlobalClock: 0


============================================================
+ Verbose Summary: Schedule
============================================================
* Number of FSM states : 28
* Pipeline : 0
* Dataflow Pipeline: 0

* FSM state transitions: 
1 --> 
	2  / true
2 --> 
	3  / (!exitcond_flatten)
3 --> 
	4  / true
4 --> 
	5  / true
5 --> 
	6  / true
6 --> 
	7  / true
7 --> 
	8  / true
8 --> 
	9  / true
9 --> 
	10  / true
10 --> 
	11  / true
11 --> 
	12  / true
12 --> 
	13  / (!exitcond)
	2  / (exitcond)
13 --> 
	14  / (!tmp_2)
	22  / (tmp_2)
14 --> 
	15  / true
15 --> 
	16  / true
16 --> 
	17  / true
17 --> 
	18  / true
18 --> 
	19  / true
19 --> 
	20  / true
20 --> 
	21  / true
21 --> 
	12  / true
22 --> 
	23  / true
23 --> 
	24  / true
24 --> 
	25  / true
25 --> 
	26  / true
26 --> 
	27  / true
27 --> 
	28  / true
28 --> 
	21  / true

* FSM state operations: 

State 1 <SV = 0> <Delay = 6.55>
ST_1 : Operation 29 [1/1] (1.00ns)   --->   "%alpha_read = call float @_ssdm_op_Read.s_axilite.float(float %alpha)"   --->   Operation 29 'read' 'alpha_read' <Predicate = true> <Delay = 1.00> <Core = "s_axilite">   --->   Core 10 's_axilite' <Latency = 0> <II = 1> <Delay = 1.00> <Adapter> <Opcode : 'read' 'write'>
ST_1 : Operation 30 [1/1] (1.00ns)   --->   "%out_data_read = call i32 @_ssdm_op_Read.s_axilite.i32(i32 %out_data)"   --->   Operation 30 'read' 'out_data_read' <Predicate = true> <Delay = 1.00> <Core = "s_axilite">   --->   Core 10 's_axilite' <Latency = 0> <II = 1> <Delay = 1.00> <Adapter> <Opcode : 'read' 'write'>
ST_1 : Operation 31 [1/1] (1.00ns)   --->   "%in_data_read = call i32 @_ssdm_op_Read.s_axilite.i32(i32 %in_data)"   --->   Operation 31 'read' 'in_data_read' <Predicate = true> <Delay = 1.00> <Core = "s_axilite">   --->   Core 10 's_axilite' <Latency = 0> <II = 1> <Delay = 1.00> <Adapter> <Opcode : 'read' 'write'>
ST_1 : Operation 32 [1/1] (1.00ns)   --->   "%width_V_read = call i12 @_ssdm_op_Read.s_axilite.i12(i12 %width_V)"   --->   Operation 32 'read' 'width_V_read' <Predicate = true> <Delay = 1.00> <Core = "s_axilite">   --->   Core 10 's_axilite' <Latency = 0> <II = 1> <Delay = 1.00> <Adapter> <Opcode : 'read' 'write'>
ST_1 : Operation 33 [1/1] (1.00ns)   --->   "%height_V_read = call i12 @_ssdm_op_Read.s_axilite.i12(i12 %height_V)"   --->   Operation 33 'read' 'height_V_read' <Predicate = true> <Delay = 1.00> <Core = "s_axilite">   --->   Core 10 's_axilite' <Latency = 0> <II = 1> <Delay = 1.00> <Adapter> <Opcode : 'read' 'write'>
ST_1 : Operation 34 [1/1] (1.00ns)   --->   "%channel_V_read = call i12 @_ssdm_op_Read.s_axilite.i12(i12 %channel_V)"   --->   Operation 34 'read' 'channel_V_read' <Predicate = true> <Delay = 1.00> <Core = "s_axilite">   --->   Core 10 's_axilite' <Latency = 0> <II = 1> <Delay = 1.00> <Adapter> <Opcode : 'read' 'write'>
ST_1 : Operation 35 [1/1] (0.00ns)   --->   "%tmp = call i30 @_ssdm_op_PartSelect.i30.i32.i32.i32(i32 %out_data_read, i32 2, i32 31)"   --->   Operation 35 'partselect' 'tmp' <Predicate = true> <Delay = 0.00>
ST_1 : Operation 36 [1/1] (0.00ns)   --->   "%tmp_cast = zext i30 %tmp to i37"   --->   Operation 36 'zext' 'tmp_cast' <Predicate = true> <Delay = 0.00>
ST_1 : Operation 37 [1/1] (0.00ns)   --->   "%tmp_1 = call i30 @_ssdm_op_PartSelect.i30.i32.i32.i32(i32 %in_data_read, i32 2, i32 31)"   --->   Operation 37 'partselect' 'tmp_1' <Predicate = true> <Delay = 0.00>
ST_1 : Operation 38 [1/1] (0.00ns)   --->   "%tmp_1_cast = zext i30 %tmp_1 to i37"   --->   Operation 38 'zext' 'tmp_1_cast' <Predicate = true> <Delay = 0.00>
ST_1 : Operation 39 [1/1] (0.00ns)   --->   "call void (...)* @_ssdm_op_SpecBitsMap(float* %gmem), !map !62"   --->   Operation 39 'specbitsmap' <Predicate = true> <Delay = 0.00>
ST_1 : Operation 40 [1/1] (0.00ns)   --->   "call void (...)* @_ssdm_op_SpecBitsMap(i12 %channel_V), !map !67"   --->   Operation 40 'specbitsmap' <Predicate = true> <Delay = 0.00>
ST_1 : Operation 41 [1/1] (0.00ns)   --->   "call void (...)* @_ssdm_op_SpecBitsMap(i12 %height_V), !map !73"   --->   Operation 41 'specbitsmap' <Predicate = true> <Delay = 0.00>
ST_1 : Operation 42 [1/1] (0.00ns)   --->   "call void (...)* @_ssdm_op_SpecBitsMap(i12 %width_V), !map !77"   --->   Operation 42 'specbitsmap' <Predicate = true> <Delay = 0.00>
ST_1 : Operation 43 [1/1] (0.00ns)   --->   "call void (...)* @_ssdm_op_SpecBitsMap(float %alpha), !map !81"   --->   Operation 43 'specbitsmap' <Predicate = true> <Delay = 0.00>
ST_1 : Operation 44 [1/1] (0.00ns)   --->   "call void (...)* @_ssdm_op_SpecTopModule([10 x i8]* @LeakyReLU_str) nounwind"   --->   Operation 44 'spectopmodule' <Predicate = true> <Delay = 0.00>
ST_1 : Operation 45 [1/1] (0.00ns)   --->   "call void (...)* @_ssdm_op_SpecInterface(float* %gmem, [6 x i8]* @p_str, i32 0, i32 0, [1 x i8]* @p_str1, i32 0, i64 4294967295, [5 x i8]* @p_str2, [6 x i8]* @p_str3, [1 x i8]* @p_str1, i32 16, i32 16, i32 16, i32 16, [1 x i8]* @p_str1, [1 x i8]* @p_str1) nounwind" [../src/LeakyReLU/LeakyReLU.cpp:12]   --->   Operation 45 'specinterface' <Predicate = true> <Delay = 0.00>
ST_1 : Operation 46 [1/1] (0.00ns)   --->   "call void (...)* @_ssdm_op_SpecInterface(i32 %in_data, [10 x i8]* @mode, i32 0, i32 0, [1 x i8]* @p_str1, i32 0, i64 4294967295, [1 x i8]* @bundle, [6 x i8]* @p_str3, [1 x i8]* @p_str1, i32 16, i32 16, i32 16, i32 16, [1 x i8]* @p_str1, [1 x i8]* @p_str1) nounwind" [../src/LeakyReLU/LeakyReLU.cpp:12]   --->   Operation 46 'specinterface' <Predicate = true> <Delay = 0.00>
ST_1 : Operation 47 [1/1] (0.00ns)   --->   "call void (...)* @_ssdm_op_SpecInterface(i32 %out_data, [10 x i8]* @mode1, i32 0, i32 0, [1 x i8]* @p_str1, i32 0, i64 4294967295, [1 x i8]* @bundle2, [6 x i8]* @p_str3, [1 x i8]* @p_str1, i32 16, i32 16, i32 16, i32 16, [1 x i8]* @p_str1, [1 x i8]* @p_str1) nounwind" [../src/LeakyReLU/LeakyReLU.cpp:13]   --->   Operation 47 'specinterface' <Predicate = true> <Delay = 0.00>
ST_1 : Operation 48 [1/1] (0.00ns)   --->   "call void (...)* @_ssdm_op_SpecInterface(float %alpha, [10 x i8]* @p_str4, i32 0, i32 0, [1 x i8]* @p_str1, i32 0, i32 0, [1 x i8]* @p_str1, [1 x i8]* @p_str1, [1 x i8]* @p_str1, i32 0, i32 0, i32 0, i32 0, [1 x i8]* @p_str1, [1 x i8]* @p_str1) nounwind" [../src/LeakyReLU/LeakyReLU.cpp:14]   --->   Operation 48 'specinterface' <Predicate = true> <Delay = 0.00>
ST_1 : Operation 49 [1/1] (0.00ns)   --->   "call void (...)* @_ssdm_op_SpecInterface(i12 %width_V, [10 x i8]* @p_str4, i32 0, i32 0, [1 x i8]* @p_str1, i32 0, i32 0, [1 x i8]* @p_str1, [1 x i8]* @p_str1, [1 x i8]* @p_str1, i32 0, i32 0, i32 0, i32 0, [1 x i8]* @p_str1, [1 x i8]* @p_str1) nounwind" [../src/LeakyReLU/LeakyReLU.cpp:15]   --->   Operation 49 'specinterface' <Predicate = true> <Delay = 0.00>
ST_1 : Operation 50 [1/1] (0.00ns)   --->   "call void (...)* @_ssdm_op_SpecInterface(i12 %height_V, [10 x i8]* @p_str4, i32 0, i32 0, [1 x i8]* @p_str1, i32 0, i32 0, [1 x i8]* @p_str1, [1 x i8]* @p_str1, [1 x i8]* @p_str1, i32 0, i32 0, i32 0, i32 0, [1 x i8]* @p_str1, [1 x i8]* @p_str1) nounwind" [../src/LeakyReLU/LeakyReLU.cpp:16]   --->   Operation 50 'specinterface' <Predicate = true> <Delay = 0.00>
ST_1 : Operation 51 [1/1] (0.00ns)   --->   "call void (...)* @_ssdm_op_SpecInterface(i12 %channel_V, [10 x i8]* @p_str4, i32 0, i32 0, [1 x i8]* @p_str1, i32 0, i32 0, [1 x i8]* @p_str1, [1 x i8]* @p_str1, [1 x i8]* @p_str1, i32 0, i32 0, i32 0, i32 0, [1 x i8]* @p_str1, [1 x i8]* @p_str1) nounwind" [../src/LeakyReLU/LeakyReLU.cpp:17]   --->   Operation 51 'specinterface' <Predicate = true> <Delay = 0.00>
ST_1 : Operation 52 [1/1] (0.00ns)   --->   "call void (...)* @_ssdm_op_SpecInterface(i32 0, [10 x i8]* @p_str4, i32 0, i32 0, [1 x i8]* @p_str1, i32 0, i32 0, [1 x i8]* @p_str1, [1 x i8]* @p_str1, [1 x i8]* @p_str1, i32 0, i32 0, i32 0, i32 0, [1 x i8]* @p_str1, [1 x i8]* @p_str1) nounwind" [../src/LeakyReLU/LeakyReLU.cpp:18]   --->   Operation 52 'specinterface' <Predicate = true> <Delay = 0.00>
ST_1 : Operation 53 [1/1] (0.00ns)   --->   "%rhs_V_cast = zext i12 %height_V_read to i24" [../src/LeakyReLU/LeakyReLU.cpp:23]   --->   Operation 53 'zext' 'rhs_V_cast' <Predicate = true> <Delay = 0.00>
ST_1 : Operation 54 [1/1] (0.00ns)   --->   "%rhs_V_1_cast = zext i12 %width_V_read to i36" [../src/LeakyReLU/LeakyReLU.cpp:23]   --->   Operation 54 'zext' 'rhs_V_1_cast' <Predicate = true> <Delay = 0.00>
ST_1 : Operation 55 [1/1] (0.00ns)   --->   "%rhs_V_2_cast = zext i12 %width_V_read to i24"   --->   Operation 55 'zext' 'rhs_V_2_cast' <Predicate = true> <Delay = 0.00>
ST_1 : Operation 56 [1/1] (0.00ns)   --->   "%tmp_5 = zext i12 %width_V_read to i32"   --->   Operation 56 'zext' 'tmp_5' <Predicate = true> <Delay = 0.00>
ST_1 : Operation 57 [1/1] (0.00ns)   --->   "%cast = zext i12 %channel_V_read to i24"   --->   Operation 57 'zext' 'cast' <Predicate = true> <Delay = 0.00>
ST_1 : Operation 58 [1/1] (5.55ns) (root node of the DSP)   --->   "%bound = mul i24 %rhs_V_cast, %cast" [../src/LeakyReLU/LeakyReLU.cpp:23]   --->   Operation 58 'mul' 'bound' <Predicate = true> <Delay = 5.55> <Core = "DSP48">   --->   Core 65 'DSP48' <Latency = 0> <II = 1> <Delay = 5.55> <IPBlock> <Opcode : 'mul' 'add' 'sub' 'select'> <InPorts = 0> <OutPorts = 1> <Sync> <CReg>
ST_1 : Operation 59 [1/1] (0.46ns)   --->   "br label %1" [../src/LeakyReLU/LeakyReLU.cpp:19]   --->   Operation 59 'br' <Predicate = true> <Delay = 0.46>

State 2 <SV = 1> <Delay = 7.96>
ST_2 : Operation 60 [1/1] (0.00ns)   --->   "%indvar_flatten = phi i24 [ 0, %0 ], [ %indvar_flatten_next, %6 ]"   --->   Operation 60 'phi' 'indvar_flatten' <Predicate = true> <Delay = 0.00>
ST_2 : Operation 61 [1/1] (0.00ns)   --->   "%i_op_assign = phi i12 [ 0, %0 ], [ %ret_V_1_mid2_v_v_v_v, %6 ]" [../src/LeakyReLU/LeakyReLU.cpp:23]   --->   Operation 61 'phi' 'i_op_assign' <Predicate = true> <Delay = 0.00>
ST_2 : Operation 62 [1/1] (0.00ns)   --->   "%i_op_assign_1 = phi i12 [ 0, %0 ], [ %h, %6 ]"   --->   Operation 62 'phi' 'i_op_assign_1' <Predicate = true> <Delay = 0.00>
ST_2 : Operation 63 [1/1] (0.00ns)   --->   "call void (...)* @_ssdm_op_SpecPipeline(i32 -1, i32 1, i32 1, i32 0, [1 x i8]* @p_str1) nounwind" [../src/LeakyReLU/LeakyReLU.cpp:20]   --->   Operation 63 'specpipeline' <Predicate = true> <Delay = 0.00>
ST_2 : Operation 64 [1/1] (2.03ns)   --->   "%exitcond_flatten = icmp eq i24 %indvar_flatten, %bound" [../src/LeakyReLU/LeakyReLU.cpp:23]   --->   Operation 64 'icmp' 'exitcond_flatten' <Predicate = true> <Delay = 2.03> <Core = "Cmp">   --->   Core 25 'Cmp' <Latency = 0> <II = 1> <Delay = 2.02> <FuncUnit> <Opcode : 'icmp'> <InPorts = 2> <OutPorts = 1>
ST_2 : Operation 65 [1/1] (1.68ns)   --->   "%indvar_flatten_next = add i24 %indvar_flatten, 1"   --->   Operation 65 'add' 'indvar_flatten_next' <Predicate = true> <Delay = 1.68> <Core = "AddSub">   --->   Core 14 'AddSub' <Latency = 0> <II = 1> <Delay = 1.54> <FuncUnit> <Opcode : 'add' 'sub'> <InPorts = 2> <OutPorts = 1>
ST_2 : Operation 66 [1/1] (0.00ns)   --->   "br i1 %exitcond_flatten, label %7, label %.reset" [../src/LeakyReLU/LeakyReLU.cpp:23]   --->   Operation 66 'br' <Predicate = true> <Delay = 0.00>
ST_2 : Operation 67 [1/1] (1.82ns)   --->   "%exitcond1 = icmp eq i12 %i_op_assign_1, %height_V_read" [../src/LeakyReLU/LeakyReLU.cpp:21]   --->   Operation 67 'icmp' 'exitcond1' <Predicate = (!exitcond_flatten)> <Delay = 1.82> <Core = "Cmp">   --->   Core 25 'Cmp' <Latency = 0> <II = 1> <Delay = 2.02> <FuncUnit> <Opcode : 'icmp'> <InPorts = 2> <OutPorts = 1>
ST_2 : Operation 68 [1/1] (0.59ns)   --->   "%i_op_assign_1_mid2 = select i1 %exitcond1, i12 0, i12 %i_op_assign_1" [../src/LeakyReLU/LeakyReLU.cpp:21]   --->   Operation 68 'select' 'i_op_assign_1_mid2' <Predicate = (!exitcond_flatten)> <Delay = 0.59> <Core = "Sel">   --->   Core 26 'Sel' <Latency = 0> <II = 1> <Delay = 0.59> <FuncUnit> <Opcode : 'select'> <InPorts = 3> <OutPorts = 1>
ST_2 : Operation 69 [1/1] (1.54ns)   --->   "%c7 = add i12 %i_op_assign, 1" [../src/LeakyReLU/LeakyReLU.cpp:19]   --->   Operation 69 'add' 'c7' <Predicate = (!exitcond_flatten)> <Delay = 1.54> <Core = "AddSub">   --->   Core 14 'AddSub' <Latency = 0> <II = 1> <Delay = 1.54> <FuncUnit> <Opcode : 'add' 'sub'> <InPorts = 2> <OutPorts = 1>
ST_2 : Operation 70 [1/1] (0.59ns)   --->   "%ret_V_1_mid2_v_v_v_v = select i1 %exitcond1, i12 %c7, i12 %i_op_assign" [../src/LeakyReLU/LeakyReLU.cpp:23]   --->   Operation 70 'select' 'ret_V_1_mid2_v_v_v_v' <Predicate = (!exitcond_flatten)> <Delay = 0.59> <Core = "Sel">   --->   Core 26 'Sel' <Latency = 0> <II = 1> <Delay = 0.59> <FuncUnit> <Opcode : 'select'> <InPorts = 3> <OutPorts = 1>
ST_2 : Operation 71 [1/1] (0.00ns)   --->   "%ret_V_1_mid2_v_v_v = zext i12 %ret_V_1_mid2_v_v_v_v to i24" [../src/LeakyReLU/LeakyReLU.cpp:23]   --->   Operation 71 'zext' 'ret_V_1_mid2_v_v_v' <Predicate = (!exitcond_flatten)> <Delay = 0.00>
ST_2 : Operation 72 [1/1] (5.55ns) (root node of the DSP)   --->   "%ret_V_1_mid2_v_v = mul i24 %rhs_V_cast, %ret_V_1_mid2_v_v_v" [../src/LeakyReLU/LeakyReLU.cpp:23]   --->   Operation 72 'mul' 'ret_V_1_mid2_v_v' <Predicate = (!exitcond_flatten)> <Delay = 5.55> <Core = "DSP48">   --->   Core 65 'DSP48' <Latency = 0> <II = 1> <Delay = 5.55> <IPBlock> <Opcode : 'mul' 'add' 'sub' 'select'> <InPorts = 0> <OutPorts = 1> <Sync> <CReg>
ST_2 : Operation 73 [1/1] (0.00ns)   --->   "ret void" [../src/LeakyReLU/LeakyReLU.cpp:31]   --->   Operation 73 'ret' <Predicate = (exitcond_flatten)> <Delay = 0.00>

State 3 <SV = 2> <Delay = 5.55>
ST_3 : Operation 74 [1/1] (0.00ns)   --->   "%ret_V_1_mid2_v = zext i24 %ret_V_1_mid2_v_v to i36" [../src/LeakyReLU/LeakyReLU.cpp:23]   --->   Operation 74 'zext' 'ret_V_1_mid2_v' <Predicate = true> <Delay = 0.00>
ST_3 : Operation 75 [1/1] (5.55ns) (root node of the DSP)   --->   "%ret_V_1_mid2 = mul i36 %rhs_V_1_cast, %ret_V_1_mid2_v" [../src/LeakyReLU/LeakyReLU.cpp:23]   --->   Operation 75 'mul' 'ret_V_1_mid2' <Predicate = true> <Delay = 5.55> <Core = "DSP48">   --->   Core 65 'DSP48' <Latency = 0> <II = 1> <Delay = 5.55> <IPBlock> <Opcode : 'mul' 'add' 'sub' 'select'> <InPorts = 0> <OutPorts = 1> <Sync> <CReg>

State 4 <SV = 3> <Delay = 7.54>
ST_4 : Operation 76 [1/1] (0.00ns)   --->   "%lhs_V_2_cast = zext i12 %i_op_assign_1_mid2 to i24" [../src/LeakyReLU/LeakyReLU.cpp:23]   --->   Operation 76 'zext' 'lhs_V_2_cast' <Predicate = true> <Delay = 0.00>
ST_4 : Operation 77 [1/1] (2.82ns) (grouped into DSP with root node ret_V_1)   --->   "%ret_V = mul i24 %rhs_V_2_cast, %lhs_V_2_cast" [../src/LeakyReLU/LeakyReLU.cpp:23]   --->   Operation 77 'mul' 'ret_V' <Predicate = true> <Delay = 2.82> <Core = "DSP48">   --->   Core 65 'DSP48' <Latency = 0> <II = 1> <Delay = 5.55> <IPBlock> <Opcode : 'mul' 'add' 'sub' 'select'> <InPorts = 0> <OutPorts = 1> <Sync> <CReg>
ST_4 : Operation 78 [1/1] (0.00ns) (grouped into DSP with root node ret_V_1)   --->   "%rhs_V_3_cast = zext i24 %ret_V to i36" [../src/LeakyReLU/LeakyReLU.cpp:23]   --->   Operation 78 'zext' 'rhs_V_3_cast' <Predicate = true> <Delay = 0.00>
ST_4 : Operation 79 [1/1] (2.73ns) (root node of the DSP)   --->   "%ret_V_1 = add i36 %rhs_V_3_cast, %ret_V_1_mid2" [../src/LeakyReLU/LeakyReLU.cpp:23]   --->   Operation 79 'add' 'ret_V_1' <Predicate = true> <Delay = 2.73> <Core = "DSP48">   --->   Core 65 'DSP48' <Latency = 0> <II = 1> <Delay = 5.55> <IPBlock> <Opcode : 'mul' 'add' 'sub' 'select'> <InPorts = 0> <OutPorts = 1> <Sync> <CReg>
ST_4 : Operation 80 [1/1] (0.00ns)   --->   "%tmp_3_cast = zext i36 %ret_V_1 to i37" [../src/LeakyReLU/LeakyReLU.cpp:23]   --->   Operation 80 'zext' 'tmp_3_cast' <Predicate = true> <Delay = 0.00>
ST_4 : Operation 81 [1/1] (1.99ns)   --->   "%in_data2_sum = add i37 %tmp_3_cast, %tmp_1_cast" [../src/LeakyReLU/LeakyReLU.cpp:23]   --->   Operation 81 'add' 'in_data2_sum' <Predicate = true> <Delay = 1.99> <Core = "AddSub">   --->   Core 14 'AddSub' <Latency = 0> <II = 1> <Delay = 1.54> <FuncUnit> <Opcode : 'add' 'sub'> <InPorts = 2> <OutPorts = 1>
ST_4 : Operation 82 [1/1] (0.00ns)   --->   "%in_data2_sum_cast = zext i37 %in_data2_sum to i64" [../src/LeakyReLU/LeakyReLU.cpp:23]   --->   Operation 82 'zext' 'in_data2_sum_cast' <Predicate = true> <Delay = 0.00>
ST_4 : Operation 83 [1/1] (0.00ns)   --->   "%gmem_addr = getelementptr inbounds float* %gmem, i64 %in_data2_sum_cast" [../src/LeakyReLU/LeakyReLU.cpp:23]   --->   Operation 83 'getelementptr' 'gmem_addr' <Predicate = true> <Delay = 0.00>

State 5 <SV = 4> <Delay = 8.75>
ST_5 : Operation 84 [7/7] (8.75ns)   --->   "%gmem_addr_rd_req = call i1 @_ssdm_op_ReadReq.m_axi.floatP(float* %gmem_addr, i32 %tmp_5)" [../src/LeakyReLU/LeakyReLU.cpp:23]   --->   Operation 84 'readreq' 'gmem_addr_rd_req' <Predicate = true> <Delay = 8.75> <Core = "m_axi">   --->   Core 9 'm_axi' <Latency = 6> <II = 1> <Delay = 1.00> <Adapter> <Opcode : 'read' 'write' 'readreq' 'writereq' 'writeresp'>

State 6 <SV = 5> <Delay = 8.75>
ST_6 : Operation 85 [6/7] (8.75ns)   --->   "%gmem_addr_rd_req = call i1 @_ssdm_op_ReadReq.m_axi.floatP(float* %gmem_addr, i32 %tmp_5)" [../src/LeakyReLU/LeakyReLU.cpp:23]   --->   Operation 85 'readreq' 'gmem_addr_rd_req' <Predicate = true> <Delay = 8.75> <Core = "m_axi">   --->   Core 9 'm_axi' <Latency = 6> <II = 1> <Delay = 1.00> <Adapter> <Opcode : 'read' 'write' 'readreq' 'writereq' 'writeresp'>

State 7 <SV = 6> <Delay = 8.75>
ST_7 : Operation 86 [5/7] (8.75ns)   --->   "%gmem_addr_rd_req = call i1 @_ssdm_op_ReadReq.m_axi.floatP(float* %gmem_addr, i32 %tmp_5)" [../src/LeakyReLU/LeakyReLU.cpp:23]   --->   Operation 86 'readreq' 'gmem_addr_rd_req' <Predicate = true> <Delay = 8.75> <Core = "m_axi">   --->   Core 9 'm_axi' <Latency = 6> <II = 1> <Delay = 1.00> <Adapter> <Opcode : 'read' 'write' 'readreq' 'writereq' 'writeresp'>

State 8 <SV = 7> <Delay = 8.75>
ST_8 : Operation 87 [4/7] (8.75ns)   --->   "%gmem_addr_rd_req = call i1 @_ssdm_op_ReadReq.m_axi.floatP(float* %gmem_addr, i32 %tmp_5)" [../src/LeakyReLU/LeakyReLU.cpp:23]   --->   Operation 87 'readreq' 'gmem_addr_rd_req' <Predicate = true> <Delay = 8.75> <Core = "m_axi">   --->   Core 9 'm_axi' <Latency = 6> <II = 1> <Delay = 1.00> <Adapter> <Opcode : 'read' 'write' 'readreq' 'writereq' 'writeresp'>

State 9 <SV = 8> <Delay = 8.75>
ST_9 : Operation 88 [3/7] (8.75ns)   --->   "%gmem_addr_rd_req = call i1 @_ssdm_op_ReadReq.m_axi.floatP(float* %gmem_addr, i32 %tmp_5)" [../src/LeakyReLU/LeakyReLU.cpp:23]   --->   Operation 88 'readreq' 'gmem_addr_rd_req' <Predicate = true> <Delay = 8.75> <Core = "m_axi">   --->   Core 9 'm_axi' <Latency = 6> <II = 1> <Delay = 1.00> <Adapter> <Opcode : 'read' 'write' 'readreq' 'writereq' 'writeresp'>

State 10 <SV = 9> <Delay = 8.75>
ST_10 : Operation 89 [2/7] (8.75ns)   --->   "%gmem_addr_rd_req = call i1 @_ssdm_op_ReadReq.m_axi.floatP(float* %gmem_addr, i32 %tmp_5)" [../src/LeakyReLU/LeakyReLU.cpp:23]   --->   Operation 89 'readreq' 'gmem_addr_rd_req' <Predicate = true> <Delay = 8.75> <Core = "m_axi">   --->   Core 9 'm_axi' <Latency = 6> <II = 1> <Delay = 1.00> <Adapter> <Opcode : 'read' 'write' 'readreq' 'writereq' 'writeresp'>

State 11 <SV = 10> <Delay = 8.75>
ST_11 : Operation 90 [1/1] (0.00ns)   --->   "call void (...)* @_ssdm_op_SpecPipeline(i32 -1, i32 1, i32 1, i32 0, [1 x i8]* @p_str1) nounwind" [../src/LeakyReLU/LeakyReLU.cpp:20]   --->   Operation 90 'specpipeline' <Predicate = true> <Delay = 0.00>
ST_11 : Operation 91 [1/1] (0.00ns)   --->   "call void (...)* @_ssdm_op_SpecPipeline(i32 -1, i32 1, i32 1, i32 0, [1 x i8]* @p_str1) nounwind" [../src/LeakyReLU/LeakyReLU.cpp:20]   --->   Operation 91 'specpipeline' <Predicate = true> <Delay = 0.00>
ST_11 : Operation 92 [1/7] (8.75ns)   --->   "%gmem_addr_rd_req = call i1 @_ssdm_op_ReadReq.m_axi.floatP(float* %gmem_addr, i32 %tmp_5)" [../src/LeakyReLU/LeakyReLU.cpp:23]   --->   Operation 92 'readreq' 'gmem_addr_rd_req' <Predicate = true> <Delay = 8.75> <Core = "m_axi">   --->   Core 9 'm_axi' <Latency = 6> <II = 1> <Delay = 1.00> <Adapter> <Opcode : 'read' 'write' 'readreq' 'writereq' 'writeresp'>
ST_11 : Operation 93 [1/1] (0.46ns)   --->   "br label %.preheader" [../src/LeakyReLU/LeakyReLU.cpp:22]   --->   Operation 93 'br' <Predicate = true> <Delay = 0.46>

State 12 <SV = 11> <Delay = 8.75>
ST_12 : Operation 94 [1/1] (0.00ns)   --->   "%i_op_assign_2 = phi i12 [ %w, %5 ], [ 0, %.reset ]"   --->   Operation 94 'phi' 'i_op_assign_2' <Predicate = true> <Delay = 0.00>
ST_12 : Operation 95 [1/1] (1.82ns)   --->   "%exitcond = icmp eq i12 %i_op_assign_2, %width_V_read" [../src/LeakyReLU/LeakyReLU.cpp:22]   --->   Operation 95 'icmp' 'exitcond' <Predicate = true> <Delay = 1.82> <Core = "Cmp">   --->   Core 25 'Cmp' <Latency = 0> <II = 1> <Delay = 2.02> <FuncUnit> <Opcode : 'icmp'> <InPorts = 2> <OutPorts = 1>
ST_12 : Operation 96 [1/1] (0.00ns)   --->   "%empty = call i32 (...)* @_ssdm_op_SpecLoopTripCount(i64 0, i64 4095, i64 0)"   --->   Operation 96 'speclooptripcount' 'empty' <Predicate = true> <Delay = 0.00>
ST_12 : Operation 97 [1/1] (1.54ns)   --->   "%w = add i12 %i_op_assign_2, 1" [../src/LeakyReLU/LeakyReLU.cpp:22]   --->   Operation 97 'add' 'w' <Predicate = true> <Delay = 1.54> <Core = "AddSub">   --->   Core 14 'AddSub' <Latency = 0> <II = 1> <Delay = 1.54> <FuncUnit> <Opcode : 'add' 'sub'> <InPorts = 2> <OutPorts = 1>
ST_12 : Operation 98 [1/1] (0.00ns)   --->   "br i1 %exitcond, label %6, label %2" [../src/LeakyReLU/LeakyReLU.cpp:22]   --->   Operation 98 'br' <Predicate = true> <Delay = 0.00>
ST_12 : Operation 99 [1/1] (0.00ns)   --->   "%rhs_V_4_cast = zext i12 %i_op_assign_2 to i36" [../src/LeakyReLU/LeakyReLU.cpp:23]   --->   Operation 99 'zext' 'rhs_V_4_cast' <Predicate = (!exitcond)> <Delay = 0.00>
ST_12 : Operation 100 [1/1] (1.99ns)   --->   "%ret_V_2 = add i36 %rhs_V_4_cast, %ret_V_1" [../src/LeakyReLU/LeakyReLU.cpp:23]   --->   Operation 100 'add' 'ret_V_2' <Predicate = (!exitcond)> <Delay = 1.99> <Core = "AddSub">   --->   Core 14 'AddSub' <Latency = 0> <II = 1> <Delay = 1.54> <FuncUnit> <Opcode : 'add' 'sub'> <InPorts = 2> <OutPorts = 1>
ST_12 : Operation 101 [1/1] (8.75ns)   --->   "%gmem_addr_read = call float @_ssdm_op_Read.m_axi.floatP(float* %gmem_addr)" [../src/LeakyReLU/LeakyReLU.cpp:23]   --->   Operation 101 'read' 'gmem_addr_read' <Predicate = (!exitcond)> <Delay = 8.75> <Core = "m_axi">   --->   Core 9 'm_axi' <Latency = 6> <II = 1> <Delay = 1.00> <Adapter> <Opcode : 'read' 'write' 'readreq' 'writereq' 'writeresp'>
ST_12 : Operation 102 [1/1] (1.54ns)   --->   "%h = add i12 %i_op_assign_1_mid2, 1" [../src/LeakyReLU/LeakyReLU.cpp:21]   --->   Operation 102 'add' 'h' <Predicate = (exitcond)> <Delay = 1.54> <Core = "AddSub">   --->   Core 14 'AddSub' <Latency = 0> <II = 1> <Delay = 1.54> <FuncUnit> <Opcode : 'add' 'sub'> <InPorts = 2> <OutPorts = 1>
ST_12 : Operation 103 [1/1] (0.00ns)   --->   "br label %1" [../src/LeakyReLU/LeakyReLU.cpp:21]   --->   Operation 103 'br' <Predicate = (exitcond)> <Delay = 0.00>

State 13 <SV = 12> <Delay = 8.43>
ST_13 : Operation 104 [1/1] (0.00ns)   --->   "%tmp_4_cast = zext i36 %ret_V_2 to i37" [../src/LeakyReLU/LeakyReLU.cpp:23]   --->   Operation 104 'zext' 'tmp_4_cast' <Predicate = true> <Delay = 0.00>
ST_13 : Operation 105 [1/1] (0.00ns)   --->   "%in_data_load_to_int = bitcast float %gmem_addr_read to i32" [../src/LeakyReLU/LeakyReLU.cpp:23]   --->   Operation 105 'bitcast' 'in_data_load_to_int' <Predicate = true> <Delay = 0.00>
ST_13 : Operation 106 [1/1] (0.00ns)   --->   "%tmp_7 = call i8 @_ssdm_op_PartSelect.i8.i32.i32.i32(i32 %in_data_load_to_int, i32 23, i32 30)" [../src/LeakyReLU/LeakyReLU.cpp:23]   --->   Operation 106 'partselect' 'tmp_7' <Predicate = true> <Delay = 0.00>
ST_13 : Operation 107 [1/1] (0.00ns)   --->   "%tmp_3 = trunc i32 %in_data_load_to_int to i23" [../src/LeakyReLU/LeakyReLU.cpp:23]   --->   Operation 107 'trunc' 'tmp_3' <Predicate = true> <Delay = 0.00>
ST_13 : Operation 108 [1/1] (1.31ns)   --->   "%notlhs = icmp ne i8 %tmp_7, -1" [../src/LeakyReLU/LeakyReLU.cpp:23]   --->   Operation 108 'icmp' 'notlhs' <Predicate = true> <Delay = 1.31> <Core = "Cmp">   --->   Core 25 'Cmp' <Latency = 0> <II = 1> <Delay = 2.02> <FuncUnit> <Opcode : 'icmp'> <InPorts = 2> <OutPorts = 1>
ST_13 : Operation 109 [1/1] (2.02ns)   --->   "%notrhs = icmp eq i23 %tmp_3, 0" [../src/LeakyReLU/LeakyReLU.cpp:23]   --->   Operation 109 'icmp' 'notrhs' <Predicate = true> <Delay = 2.02> <Core = "Cmp">   --->   Core 25 'Cmp' <Latency = 0> <II = 1> <Delay = 2.02> <FuncUnit> <Opcode : 'icmp'> <InPorts = 2> <OutPorts = 1>
ST_13 : Operation 110 [1/1] (0.00ns) (grouped into LUT with out node tmp_2)   --->   "%tmp_9 = or i1 %notrhs, %notlhs" [../src/LeakyReLU/LeakyReLU.cpp:23]   --->   Operation 110 'or' 'tmp_9' <Predicate = true> <Delay = 0.00> <Core = "LogicGate">   --->   Core 27 'LogicGate' <Latency = 0> <II = 1> <Delay = 0.80> <FuncUnit> <Opcode : 'and' 'or' 'xor'> <InPorts = 2> <OutPorts = 1>
ST_13 : Operation 111 [1/1] (5.24ns)   --->   "%tmp_s = fcmp ogt float %gmem_addr_read, 0.000000e+00" [../src/LeakyReLU/LeakyReLU.cpp:23]   --->   Operation 111 'fcmp' 'tmp_s' <Predicate = true> <Delay = 5.24> <Core = "FCmp">   --->   Core 110 'FCmp' <Latency = 0> <II = 1> <Delay = 5.24> <FuncUnit> <Opcode : 'fcmp'> <InPorts = 2> <OutPorts = 1>
ST_13 : Operation 112 [1/1] (0.80ns) (out node of the LUT)   --->   "%tmp_2 = and i1 %tmp_9, %tmp_s" [../src/LeakyReLU/LeakyReLU.cpp:23]   --->   Operation 112 'and' 'tmp_2' <Predicate = true> <Delay = 0.80> <Core = "LogicGate">   --->   Core 27 'LogicGate' <Latency = 0> <II = 1> <Delay = 0.80> <FuncUnit> <Opcode : 'and' 'or' 'xor'> <InPorts = 2> <OutPorts = 1>
ST_13 : Operation 113 [1/1] (0.00ns)   --->   "br i1 %tmp_2, label %3, label %4" [../src/LeakyReLU/LeakyReLU.cpp:23]   --->   Operation 113 'br' <Predicate = true> <Delay = 0.00>
ST_13 : Operation 114 [3/3] (8.43ns)   --->   "%tmp_6 = fmul float %gmem_addr_read, %alpha_read" [../src/LeakyReLU/LeakyReLU.cpp:26]   --->   Operation 114 'fmul' 'tmp_6' <Predicate = (!tmp_2)> <Delay = 8.43> <Core = "FMul">   --->   Core 105 'FMul' <Latency = 2> <II = 1> <Delay = 8.43> <FuncUnit> <Opcode : 'fmul'> <InPorts = 2> <OutPorts = 1>
ST_13 : Operation 115 [1/1] (1.99ns)   --->   "%out_data4_sum = add i37 %tmp_cast, %tmp_4_cast" [../src/LeakyReLU/LeakyReLU.cpp:26]   --->   Operation 115 'add' 'out_data4_sum' <Predicate = (!tmp_2)> <Delay = 1.99> <Core = "AddSub">   --->   Core 14 'AddSub' <Latency = 0> <II = 1> <Delay = 1.54> <FuncUnit> <Opcode : 'add' 'sub'> <InPorts = 2> <OutPorts = 1>
ST_13 : Operation 116 [1/1] (0.00ns)   --->   "%out_data4_sum_cast = zext i37 %out_data4_sum to i64" [../src/LeakyReLU/LeakyReLU.cpp:26]   --->   Operation 116 'zext' 'out_data4_sum_cast' <Predicate = (!tmp_2)> <Delay = 0.00>
ST_13 : Operation 117 [1/1] (0.00ns)   --->   "%gmem_addr_2 = getelementptr inbounds float* %gmem, i64 %out_data4_sum_cast" [../src/LeakyReLU/LeakyReLU.cpp:26]   --->   Operation 117 'getelementptr' 'gmem_addr_2' <Predicate = (!tmp_2)> <Delay = 0.00>
ST_13 : Operation 118 [1/1] (1.99ns)   --->   "%out_data4_sum6 = add i37 %tmp_cast, %tmp_4_cast" [../src/LeakyReLU/LeakyReLU.cpp:24]   --->   Operation 118 'add' 'out_data4_sum6' <Predicate = (tmp_2)> <Delay = 1.99> <Core = "AddSub">   --->   Core 14 'AddSub' <Latency = 0> <II = 1> <Delay = 1.54> <FuncUnit> <Opcode : 'add' 'sub'> <InPorts = 2> <OutPorts = 1>
ST_13 : Operation 119 [1/1] (0.00ns)   --->   "%out_data4_sum6_cast = zext i37 %out_data4_sum6 to i64" [../src/LeakyReLU/LeakyReLU.cpp:24]   --->   Operation 119 'zext' 'out_data4_sum6_cast' <Predicate = (tmp_2)> <Delay = 0.00>
ST_13 : Operation 120 [1/1] (0.00ns)   --->   "%gmem_addr_1 = getelementptr inbounds float* %gmem, i64 %out_data4_sum6_cast" [../src/LeakyReLU/LeakyReLU.cpp:24]   --->   Operation 120 'getelementptr' 'gmem_addr_1' <Predicate = (tmp_2)> <Delay = 0.00>

State 14 <SV = 13> <Delay = 8.43>
ST_14 : Operation 121 [2/3] (8.43ns)   --->   "%tmp_6 = fmul float %gmem_addr_read, %alpha_read" [../src/LeakyReLU/LeakyReLU.cpp:26]   --->   Operation 121 'fmul' 'tmp_6' <Predicate = true> <Delay = 8.43> <Core = "FMul">   --->   Core 105 'FMul' <Latency = 2> <II = 1> <Delay = 8.43> <FuncUnit> <Opcode : 'fmul'> <InPorts = 2> <OutPorts = 1>

State 15 <SV = 14> <Delay = 8.75>
ST_15 : Operation 122 [1/3] (8.43ns)   --->   "%tmp_6 = fmul float %gmem_addr_read, %alpha_read" [../src/LeakyReLU/LeakyReLU.cpp:26]   --->   Operation 122 'fmul' 'tmp_6' <Predicate = true> <Delay = 8.43> <Core = "FMul">   --->   Core 105 'FMul' <Latency = 2> <II = 1> <Delay = 8.43> <FuncUnit> <Opcode : 'fmul'> <InPorts = 2> <OutPorts = 1>
ST_15 : Operation 123 [1/1] (8.75ns)   --->   "%gmem_addr_3_req = call i1 @_ssdm_op_WriteReq.m_axi.floatP(float* %gmem_addr_2, i32 1)" [../src/LeakyReLU/LeakyReLU.cpp:26]   --->   Operation 123 'writereq' 'gmem_addr_3_req' <Predicate = true> <Delay = 8.75> <Core = "m_axi">   --->   Core 9 'm_axi' <Latency = 6> <II = 1> <Delay = 1.00> <Adapter> <Opcode : 'read' 'write' 'readreq' 'writereq' 'writeresp'>

State 16 <SV = 15> <Delay = 8.75>
ST_16 : Operation 124 [1/1] (8.75ns)   --->   "call void @_ssdm_op_Write.m_axi.floatP(float* %gmem_addr_2, float %tmp_6, i4 -1)" [../src/LeakyReLU/LeakyReLU.cpp:26]   --->   Operation 124 'write' <Predicate = true> <Delay = 8.75> <Core = "m_axi">   --->   Core 9 'm_axi' <Latency = 6> <II = 1> <Delay = 1.00> <Adapter> <Opcode : 'read' 'write' 'readreq' 'writereq' 'writeresp'>

State 17 <SV = 16> <Delay = 8.75>
ST_17 : Operation 125 [5/5] (8.75ns)   --->   "%gmem_addr_3_resp = call i1 @_ssdm_op_WriteResp.m_axi.floatP(float* %gmem_addr_2)" [../src/LeakyReLU/LeakyReLU.cpp:26]   --->   Operation 125 'writeresp' 'gmem_addr_3_resp' <Predicate = true> <Delay = 8.75> <Core = "m_axi">   --->   Core 9 'm_axi' <Latency = 6> <II = 1> <Delay = 1.00> <Adapter> <Opcode : 'read' 'write' 'readreq' 'writereq' 'writeresp'>

State 18 <SV = 17> <Delay = 8.75>
ST_18 : Operation 126 [4/5] (8.75ns)   --->   "%gmem_addr_3_resp = call i1 @_ssdm_op_WriteResp.m_axi.floatP(float* %gmem_addr_2)" [../src/LeakyReLU/LeakyReLU.cpp:26]   --->   Operation 126 'writeresp' 'gmem_addr_3_resp' <Predicate = true> <Delay = 8.75> <Core = "m_axi">   --->   Core 9 'm_axi' <Latency = 6> <II = 1> <Delay = 1.00> <Adapter> <Opcode : 'read' 'write' 'readreq' 'writereq' 'writeresp'>

State 19 <SV = 18> <Delay = 8.75>
ST_19 : Operation 127 [3/5] (8.75ns)   --->   "%gmem_addr_3_resp = call i1 @_ssdm_op_WriteResp.m_axi.floatP(float* %gmem_addr_2)" [../src/LeakyReLU/LeakyReLU.cpp:26]   --->   Operation 127 'writeresp' 'gmem_addr_3_resp' <Predicate = true> <Delay = 8.75> <Core = "m_axi">   --->   Core 9 'm_axi' <Latency = 6> <II = 1> <Delay = 1.00> <Adapter> <Opcode : 'read' 'write' 'readreq' 'writereq' 'writeresp'>

State 20 <SV = 19> <Delay = 8.75>
ST_20 : Operation 128 [2/5] (8.75ns)   --->   "%gmem_addr_3_resp = call i1 @_ssdm_op_WriteResp.m_axi.floatP(float* %gmem_addr_2)" [../src/LeakyReLU/LeakyReLU.cpp:26]   --->   Operation 128 'writeresp' 'gmem_addr_3_resp' <Predicate = true> <Delay = 8.75> <Core = "m_axi">   --->   Core 9 'm_axi' <Latency = 6> <II = 1> <Delay = 1.00> <Adapter> <Opcode : 'read' 'write' 'readreq' 'writereq' 'writeresp'>

State 21 <SV = 20> <Delay = 8.75>
ST_21 : Operation 129 [1/5] (8.75ns)   --->   "%gmem_addr_3_resp = call i1 @_ssdm_op_WriteResp.m_axi.floatP(float* %gmem_addr_2)" [../src/LeakyReLU/LeakyReLU.cpp:26]   --->   Operation 129 'writeresp' 'gmem_addr_3_resp' <Predicate = (!tmp_2)> <Delay = 8.75> <Core = "m_axi">   --->   Core 9 'm_axi' <Latency = 6> <II = 1> <Delay = 1.00> <Adapter> <Opcode : 'read' 'write' 'readreq' 'writereq' 'writeresp'>
ST_21 : Operation 130 [1/1] (0.00ns)   --->   "br label %5"   --->   Operation 130 'br' <Predicate = (!tmp_2)> <Delay = 0.00>
ST_21 : Operation 131 [1/1] (0.00ns)   --->   "br label %.preheader" [../src/LeakyReLU/LeakyReLU.cpp:22]   --->   Operation 131 'br' <Predicate = true> <Delay = 0.00>

State 22 <SV = 13> <Delay = 8.75>
ST_22 : Operation 132 [1/1] (8.75ns)   --->   "%gmem_addr_2_req = call i1 @_ssdm_op_WriteReq.m_axi.floatP(float* %gmem_addr_1, i32 1)" [../src/LeakyReLU/LeakyReLU.cpp:24]   --->   Operation 132 'writereq' 'gmem_addr_2_req' <Predicate = true> <Delay = 8.75> <Core = "m_axi">   --->   Core 9 'm_axi' <Latency = 6> <II = 1> <Delay = 1.00> <Adapter> <Opcode : 'read' 'write' 'readreq' 'writereq' 'writeresp'>

State 23 <SV = 14> <Delay = 8.75>
ST_23 : Operation 133 [1/1] (8.75ns)   --->   "call void @_ssdm_op_Write.m_axi.floatP(float* %gmem_addr_1, float %gmem_addr_read, i4 -1)" [../src/LeakyReLU/LeakyReLU.cpp:24]   --->   Operation 133 'write' <Predicate = true> <Delay = 8.75> <Core = "m_axi">   --->   Core 9 'm_axi' <Latency = 6> <II = 1> <Delay = 1.00> <Adapter> <Opcode : 'read' 'write' 'readreq' 'writereq' 'writeresp'>

State 24 <SV = 15> <Delay = 8.75>
ST_24 : Operation 134 [5/5] (8.75ns)   --->   "%gmem_addr_2_resp = call i1 @_ssdm_op_WriteResp.m_axi.floatP(float* %gmem_addr_1)" [../src/LeakyReLU/LeakyReLU.cpp:24]   --->   Operation 134 'writeresp' 'gmem_addr_2_resp' <Predicate = true> <Delay = 8.75> <Core = "m_axi">   --->   Core 9 'm_axi' <Latency = 6> <II = 1> <Delay = 1.00> <Adapter> <Opcode : 'read' 'write' 'readreq' 'writereq' 'writeresp'>

State 25 <SV = 16> <Delay = 8.75>
ST_25 : Operation 135 [4/5] (8.75ns)   --->   "%gmem_addr_2_resp = call i1 @_ssdm_op_WriteResp.m_axi.floatP(float* %gmem_addr_1)" [../src/LeakyReLU/LeakyReLU.cpp:24]   --->   Operation 135 'writeresp' 'gmem_addr_2_resp' <Predicate = true> <Delay = 8.75> <Core = "m_axi">   --->   Core 9 'm_axi' <Latency = 6> <II = 1> <Delay = 1.00> <Adapter> <Opcode : 'read' 'write' 'readreq' 'writereq' 'writeresp'>

State 26 <SV = 17> <Delay = 8.75>
ST_26 : Operation 136 [3/5] (8.75ns)   --->   "%gmem_addr_2_resp = call i1 @_ssdm_op_WriteResp.m_axi.floatP(float* %gmem_addr_1)" [../src/LeakyReLU/LeakyReLU.cpp:24]   --->   Operation 136 'writeresp' 'gmem_addr_2_resp' <Predicate = true> <Delay = 8.75> <Core = "m_axi">   --->   Core 9 'm_axi' <Latency = 6> <II = 1> <Delay = 1.00> <Adapter> <Opcode : 'read' 'write' 'readreq' 'writereq' 'writeresp'>

State 27 <SV = 18> <Delay = 8.75>
ST_27 : Operation 137 [2/5] (8.75ns)   --->   "%gmem_addr_2_resp = call i1 @_ssdm_op_WriteResp.m_axi.floatP(float* %gmem_addr_1)" [../src/LeakyReLU/LeakyReLU.cpp:24]   --->   Operation 137 'writeresp' 'gmem_addr_2_resp' <Predicate = true> <Delay = 8.75> <Core = "m_axi">   --->   Core 9 'm_axi' <Latency = 6> <II = 1> <Delay = 1.00> <Adapter> <Opcode : 'read' 'write' 'readreq' 'writereq' 'writeresp'>

State 28 <SV = 19> <Delay = 8.75>
ST_28 : Operation 138 [1/5] (8.75ns)   --->   "%gmem_addr_2_resp = call i1 @_ssdm_op_WriteResp.m_axi.floatP(float* %gmem_addr_1)" [../src/LeakyReLU/LeakyReLU.cpp:24]   --->   Operation 138 'writeresp' 'gmem_addr_2_resp' <Predicate = true> <Delay = 8.75> <Core = "m_axi">   --->   Core 9 'm_axi' <Latency = 6> <II = 1> <Delay = 1.00> <Adapter> <Opcode : 'read' 'write' 'readreq' 'writereq' 'writeresp'>
ST_28 : Operation 139 [1/1] (0.00ns)   --->   "br label %5" [../src/LeakyReLU/LeakyReLU.cpp:25]   --->   Operation 139 'br' <Predicate = true> <Delay = 0.00>


============================================================
+ Verbose Summary: Binding
============================================================
STG Binding: 
---------------- STG Properties BEGIN ----------------
- Is combinational: 0
- Is one-state seq: 0
- Is datapath-only: 0
- Is pipelined: 0
- Is top level: 1
Port [ Return ] is wired: 1; IO mode=ap_ctrl_hs:ce=0
Port [ gmem]:  wired=1; compound=1; hidden=0; nouse=0; global=0; static=0; extern=0; dir=2; type=4; pingpong=0; private_global=0; IO mode=m_axi:ce=0
Port [ channel_V]:  wired=1; compound=0; hidden=0; nouse=0; global=0; static=0; extern=0; dir=0; type=0; pingpong=0; private_global=0; IO mode=ap_none:ce=0
Port [ height_V]:  wired=1; compound=0; hidden=0; nouse=0; global=0; static=0; extern=0; dir=0; type=0; pingpong=0; private_global=0; IO mode=ap_none:ce=0
Port [ width_V]:  wired=1; compound=0; hidden=0; nouse=0; global=0; static=0; extern=0; dir=0; type=0; pingpong=0; private_global=0; IO mode=ap_none:ce=0
Port [ in_data]:  wired=1; compound=0; hidden=0; nouse=0; global=0; static=0; extern=0; dir=0; type=0; pingpong=0; private_global=0; IO mode=ap_none:ce=0
Port [ out_data]:  wired=1; compound=0; hidden=0; nouse=0; global=0; static=0; extern=0; dir=0; type=0; pingpong=0; private_global=0; IO mode=ap_none:ce=0
Port [ alpha]:  wired=1; compound=0; hidden=0; nouse=0; global=0; static=0; extern=0; dir=0; type=0; pingpong=0; private_global=0; IO mode=ap_none:ce=0
---------------- STG Properties END ------------------

---------------- Datapath Model BEGIN ----------------

<LifeTime>
<method=bitvector/>
alpha_read           (read             ) [ 00111111111111111111111111111]
out_data_read        (read             ) [ 00000000000000000000000000000]
in_data_read         (read             ) [ 00000000000000000000000000000]
width_V_read         (read             ) [ 00111111111111111111111111111]
height_V_read        (read             ) [ 00111111111111111111111111111]
channel_V_read       (read             ) [ 00000000000000000000000000000]
tmp                  (partselect       ) [ 00000000000000000000000000000]
tmp_cast             (zext             ) [ 00111111111111111111111111111]
tmp_1                (partselect       ) [ 00000000000000000000000000000]
tmp_1_cast           (zext             ) [ 00111111111111111111111111111]
StgValue_39          (specbitsmap      ) [ 00000000000000000000000000000]
StgValue_40          (specbitsmap      ) [ 00000000000000000000000000000]
StgValue_41          (specbitsmap      ) [ 00000000000000000000000000000]
StgValue_42          (specbitsmap      ) [ 00000000000000000000000000000]
StgValue_43          (specbitsmap      ) [ 00000000000000000000000000000]
StgValue_44          (spectopmodule    ) [ 00000000000000000000000000000]
StgValue_45          (specinterface    ) [ 00000000000000000000000000000]
StgValue_46          (specinterface    ) [ 00000000000000000000000000000]
StgValue_47          (specinterface    ) [ 00000000000000000000000000000]
StgValue_48          (specinterface    ) [ 00000000000000000000000000000]
StgValue_49          (specinterface    ) [ 00000000000000000000000000000]
StgValue_50          (specinterface    ) [ 00000000000000000000000000000]
StgValue_51          (specinterface    ) [ 00000000000000000000000000000]
StgValue_52          (specinterface    ) [ 00000000000000000000000000000]
rhs_V_cast           (zext             ) [ 00111111111111111111111111111]
rhs_V_1_cast         (zext             ) [ 00111111111111111111111111111]
rhs_V_2_cast         (zext             ) [ 00111111111111111111111111111]
tmp_5                (zext             ) [ 00111111111111111111111111111]
cast                 (zext             ) [ 00000000000000000000000000000]
bound                (mul              ) [ 00111111111111111111111111111]
StgValue_59          (br               ) [ 01111111111111111111111111111]
indvar_flatten       (phi              ) [ 00100000000000000000000000000]
i_op_assign          (phi              ) [ 00100000000000000000000000000]
i_op_assign_1        (phi              ) [ 00100000000000000000000000000]
StgValue_63          (specpipeline     ) [ 00000000000000000000000000000]
exitcond_flatten     (icmp             ) [ 00111111111111111111111111111]
indvar_flatten_next  (add              ) [ 01111111111111111111111111111]
StgValue_66          (br               ) [ 00000000000000000000000000000]
exitcond1            (icmp             ) [ 00000000000000000000000000000]
i_op_assign_1_mid2   (select           ) [ 00011111111111111111111111111]
c7                   (add              ) [ 00000000000000000000000000000]
ret_V_1_mid2_v_v_v_v (select           ) [ 01111111111111111111111111111]
ret_V_1_mid2_v_v_v   (zext             ) [ 00000000000000000000000000000]
ret_V_1_mid2_v_v     (mul              ) [ 00010000000000000000000000000]
StgValue_73          (ret              ) [ 00000000000000000000000000000]
ret_V_1_mid2_v       (zext             ) [ 00000000000000000000000000000]
ret_V_1_mid2         (mul              ) [ 00001000000000000000000000000]
lhs_V_2_cast         (zext             ) [ 00000000000000000000000000000]
ret_V                (mul              ) [ 00000000000000000000000000000]
rhs_V_3_cast         (zext             ) [ 00000000000000000000000000000]
ret_V_1              (add              ) [ 00000111111111111111111111111]
tmp_3_cast           (zext             ) [ 00000000000000000000000000000]
in_data2_sum         (add              ) [ 00000000000000000000000000000]
in_data2_sum_cast    (zext             ) [ 00000000000000000000000000000]
gmem_addr            (getelementptr    ) [ 00000111111111111111111111111]
StgValue_90          (specpipeline     ) [ 00000000000000000000000000000]
StgValue_91          (specpipeline     ) [ 00000000000000000000000000000]
gmem_addr_rd_req     (readreq          ) [ 00000000000000000000000000000]
StgValue_93          (br               ) [ 00111111111111111111111111111]
i_op_assign_2        (phi              ) [ 00000000000010000000000000000]
exitcond             (icmp             ) [ 00111111111111111111111111111]
empty                (speclooptripcount) [ 00000000000000000000000000000]
w                    (add              ) [ 00111111111111111111111111111]
StgValue_98          (br               ) [ 00000000000000000000000000000]
rhs_V_4_cast         (zext             ) [ 00000000000000000000000000000]
ret_V_2              (add              ) [ 00000000000001000000000000000]
gmem_addr_read       (read             ) [ 00000000000001110000001100000]
h                    (add              ) [ 01111111111111111111111111111]
StgValue_103         (br               ) [ 01111111111111111111111111111]
tmp_4_cast           (zext             ) [ 00000000000000000000000000000]
in_data_load_to_int  (bitcast          ) [ 00000000000000000000000000000]
tmp_7                (partselect       ) [ 00000000000000000000000000000]
tmp_3                (trunc            ) [ 00000000000000000000000000000]
notlhs               (icmp             ) [ 00000000000000000000000000000]
notrhs               (icmp             ) [ 00000000000000000000000000000]
tmp_9                (or               ) [ 00000000000000000000000000000]
tmp_s                (fcmp             ) [ 00000000000000000000000000000]
tmp_2                (and              ) [ 00111111111111111111111111111]
StgValue_113         (br               ) [ 00000000000000000000000000000]
out_data4_sum        (add              ) [ 00000000000000000000000000000]
out_data4_sum_cast   (zext             ) [ 00000000000000000000000000000]
gmem_addr_2          (getelementptr    ) [ 00000000000000111111111111111]
out_data4_sum6       (add              ) [ 00000000000000000000000000000]
out_data4_sum6_cast  (zext             ) [ 00000000000000000000000000000]
gmem_addr_1          (getelementptr    ) [ 00000000000000000000001111111]
tmp_6                (fmul             ) [ 00000000000000001000000000000]
gmem_addr_3_req      (writereq         ) [ 00000000000000000000000000000]
StgValue_124         (write            ) [ 00000000000000000000000000000]
gmem_addr_3_resp     (writeresp        ) [ 00000000000000000000000000000]
StgValue_130         (br               ) [ 00000000000000000000000000000]
StgValue_131         (br               ) [ 00111111111111111111111111111]
gmem_addr_2_req      (writereq         ) [ 00000000000000000000000000000]
StgValue_133         (write            ) [ 00000000000000000000000000000]
gmem_addr_2_resp     (writeresp        ) [ 00000000000000000000000000000]
StgValue_139         (br               ) [ 00000000000000000000000000000]
</LifeTime>

<model>

<comp_list>
<comp id="0" class="1000" name="gmem">
<pin_list>
<pin id="1" dir="1" index="0" bw="1" slack="0"/>
</pin_list>
<bind>
<StgValue><ssdm name="gmem"/></StgValue>
</bind>
</comp>

<comp id="2" class="1000" name="channel_V">
<pin_list>
<pin id="3" dir="1" index="0" bw="1" slack="0"/>
</pin_list>
<bind>
<StgValue><ssdm name="channel_V"/></StgValue>
</bind>
</comp>

<comp id="4" class="1000" name="height_V">
<pin_list>
<pin id="5" dir="1" index="0" bw="1" slack="0"/>
</pin_list>
<bind>
<StgValue><ssdm name="height_V"/></StgValue>
</bind>
</comp>

<comp id="6" class="1000" name="width_V">
<pin_list>
<pin id="7" dir="1" index="0" bw="1" slack="0"/>
</pin_list>
<bind>
<StgValue><ssdm name="width_V"/></StgValue>
</bind>
</comp>

<comp id="8" class="1000" name="in_data">
<pin_list>
<pin id="9" dir="1" index="0" bw="1" slack="0"/>
</pin_list>
<bind>
<StgValue><ssdm name="in_data"/></StgValue>
</bind>
</comp>

<comp id="10" class="1000" name="out_data">
<pin_list>
<pin id="11" dir="1" index="0" bw="1" slack="0"/>
</pin_list>
<bind>
<StgValue><ssdm name="out_data"/></StgValue>
</bind>
</comp>

<comp id="12" class="1000" name="alpha">
<pin_list>
<pin id="13" dir="1" index="0" bw="1" slack="0"/>
</pin_list>
<bind>
<StgValue><ssdm name="alpha"/></StgValue>
</bind>
</comp>

<comp id="14" class="1001" name="const_14">
<pin_list>
<pin id="15" dir="1" index="0" bw="1" slack="0"/>
</pin_list>
<bind>
<StgValue><ssdm name="_ssdm_op_Read.s_axilite.float"/></StgValue>
</bind>
</comp>

<comp id="16" class="1001" name="const_16">
<pin_list>
<pin id="17" dir="1" index="0" bw="1" slack="0"/>
</pin_list>
<bind>
<StgValue><ssdm name="_ssdm_op_Read.s_axilite.i32"/></StgValue>
</bind>
</comp>

<comp id="18" class="1001" name="const_18">
<pin_list>
<pin id="19" dir="1" index="0" bw="1" slack="0"/>
</pin_list>
<bind>
<StgValue><ssdm name="_ssdm_op_Read.s_axilite.i12"/></StgValue>
</bind>
</comp>

<comp id="20" class="1001" name="const_20">
<pin_list>
<pin id="21" dir="1" index="0" bw="1" slack="0"/>
</pin_list>
<bind>
<StgValue><ssdm name="_ssdm_op_PartSelect.i30.i32.i32.i32"/></StgValue>
</bind>
</comp>

<comp id="22" class="1001" name="const_22">
<pin_list>
<pin id="23" dir="1" index="0" bw="1" slack="0"/>
</pin_list>
<bind>
<StgValue><ssdm name=""/></StgValue>
</bind>
</comp>

<comp id="24" class="1001" name="const_24">
<pin_list>
<pin id="25" dir="1" index="0" bw="1" slack="0"/>
</pin_list>
<bind>
<StgValue><ssdm name=""/></StgValue>
</bind>
</comp>

<comp id="26" class="1001" name="const_26">
<pin_list>
<pin id="27" dir="1" index="0" bw="1" slack="2147483647"/>
</pin_list>
<bind>
<StgValue><ssdm name="_ssdm_op_SpecBitsMap"/></StgValue>
</bind>
</comp>

<comp id="28" class="1001" name="const_28">
<pin_list>
<pin id="29" dir="1" index="0" bw="1" slack="2147483647"/>
</pin_list>
<bind>
<StgValue><ssdm name="_ssdm_op_SpecTopModule"/></StgValue>
</bind>
</comp>

<comp id="30" class="1001" name="const_30">
<pin_list>
<pin id="31" dir="1" index="0" bw="1" slack="2147483647"/>
</pin_list>
<bind>
<StgValue><ssdm name="LeakyReLU_str"/></StgValue>
</bind>
</comp>

<comp id="32" class="1001" name="const_32">
<pin_list>
<pin id="33" dir="1" index="0" bw="1" slack="2147483647"/>
</pin_list>
<bind>
<StgValue><ssdm name="_ssdm_op_SpecInterface"/></StgValue>
</bind>
</comp>

<comp id="34" class="1001" name="const_34">
<pin_list>
<pin id="35" dir="1" index="0" bw="1" slack="2147483647"/>
</pin_list>
<bind>
<StgValue><ssdm name="p_str"/></StgValue>
</bind>
</comp>

<comp id="36" class="1001" name="const_36">
<pin_list>
<pin id="37" dir="1" index="0" bw="1" slack="2147483647"/>
</pin_list>
<bind>
<StgValue><ssdm name=""/></StgValue>
</bind>
</comp>

<comp id="38" class="1001" name="const_38">
<pin_list>
<pin id="39" dir="1" index="0" bw="1" slack="2147483647"/>
</pin_list>
<bind>
<StgValue><ssdm name="p_str1"/></StgValue>
</bind>
</comp>

<comp id="40" class="1001" name="const_40">
<pin_list>
<pin id="41" dir="1" index="0" bw="1" slack="2147483647"/>
</pin_list>
<bind>
<StgValue><ssdm name=""/></StgValue>
</bind>
</comp>

<comp id="42" class="1001" name="const_42">
<pin_list>
<pin id="43" dir="1" index="0" bw="1" slack="2147483647"/>
</pin_list>
<bind>
<StgValue><ssdm name="p_str2"/></StgValue>
</bind>
</comp>

<comp id="44" class="1001" name="const_44">
<pin_list>
<pin id="45" dir="1" index="0" bw="1" slack="2147483647"/>
</pin_list>
<bind>
<StgValue><ssdm name="p_str3"/></StgValue>
</bind>
</comp>

<comp id="46" class="1001" name="const_46">
<pin_list>
<pin id="47" dir="1" index="0" bw="1" slack="2147483647"/>
</pin_list>
<bind>
<StgValue><ssdm name=""/></StgValue>
</bind>
</comp>

<comp id="48" class="1001" name="const_48">
<pin_list>
<pin id="49" dir="1" index="0" bw="1" slack="2147483647"/>
</pin_list>
<bind>
<StgValue><ssdm name="mode"/></StgValue>
</bind>
</comp>

<comp id="50" class="1001" name="const_50">
<pin_list>
<pin id="51" dir="1" index="0" bw="1" slack="2147483647"/>
</pin_list>
<bind>
<StgValue><ssdm name="bundle"/></StgValue>
</bind>
</comp>

<comp id="52" class="1001" name="const_52">
<pin_list>
<pin id="53" dir="1" index="0" bw="1" slack="2147483647"/>
</pin_list>
<bind>
<StgValue><ssdm name="mode1"/></StgValue>
</bind>
</comp>

<comp id="54" class="1001" name="const_54">
<pin_list>
<pin id="55" dir="1" index="0" bw="1" slack="2147483647"/>
</pin_list>
<bind>
<StgValue><ssdm name="bundle2"/></StgValue>
</bind>
</comp>

<comp id="56" class="1001" name="const_56">
<pin_list>
<pin id="57" dir="1" index="0" bw="1" slack="2147483647"/>
</pin_list>
<bind>
<StgValue><ssdm name="p_str4"/></StgValue>
</bind>
</comp>

<comp id="58" class="1001" name="const_58">
<pin_list>
<pin id="59" dir="1" index="0" bw="1" slack="1"/>
</pin_list>
<bind>
<StgValue><ssdm name=""/></StgValue>
</bind>
</comp>

<comp id="60" class="1001" name="const_60">
<pin_list>
<pin id="61" dir="1" index="0" bw="1" slack="0"/>
</pin_list>
<bind>
<StgValue><ssdm name=""/></StgValue>
</bind>
</comp>

<comp id="62" class="1001" name="const_62">
<pin_list>
<pin id="63" dir="1" index="0" bw="1" slack="2147483647"/>
</pin_list>
<bind>
<StgValue><ssdm name="_ssdm_op_SpecPipeline"/></StgValue>
</bind>
</comp>

<comp id="64" class="1001" name="const_64">
<pin_list>
<pin id="65" dir="1" index="0" bw="1" slack="2147483647"/>
</pin_list>
<bind>
<StgValue><ssdm name=""/></StgValue>
</bind>
</comp>

<comp id="66" class="1001" name="const_66">
<pin_list>
<pin id="67" dir="1" index="0" bw="1" slack="0"/>
</pin_list>
<bind>
<StgValue><ssdm name=""/></StgValue>
</bind>
</comp>

<comp id="68" class="1001" name="const_68">
<pin_list>
<pin id="69" dir="1" index="0" bw="1" slack="0"/>
</pin_list>
<bind>
<StgValue><ssdm name=""/></StgValue>
</bind>
</comp>

<comp id="70" class="1001" name="const_70">
<pin_list>
<pin id="71" dir="1" index="0" bw="1" slack="0"/>
</pin_list>
<bind>
<StgValue><ssdm name=""/></StgValue>
</bind>
</comp>

<comp id="72" class="1001" name="const_72">
<pin_list>
<pin id="73" dir="1" index="0" bw="1" slack="0"/>
</pin_list>
<bind>
<StgValue><ssdm name="_ssdm_op_ReadReq.m_axi.floatP"/></StgValue>
</bind>
</comp>

<comp id="74" class="1001" name="const_74">
<pin_list>
<pin id="75" dir="1" index="0" bw="1" slack="2147483647"/>
</pin_list>
<bind>
<StgValue><ssdm name="_ssdm_op_SpecLoopTripCount"/></StgValue>
</bind>
</comp>

<comp id="76" class="1001" name="const_76">
<pin_list>
<pin id="77" dir="1" index="0" bw="1" slack="2147483647"/>
</pin_list>
<bind>
<StgValue><ssdm name=""/></StgValue>
</bind>
</comp>

<comp id="78" class="1001" name="const_78">
<pin_list>
<pin id="79" dir="1" index="0" bw="1" slack="2147483647"/>
</pin_list>
<bind>
<StgValue><ssdm name=""/></StgValue>
</bind>
</comp>

<comp id="80" class="1001" name="const_80">
<pin_list>
<pin id="81" dir="1" index="0" bw="1" slack="0"/>
</pin_list>
<bind>
<StgValue><ssdm name="_ssdm_op_Read.m_axi.floatP"/></StgValue>
</bind>
</comp>

<comp id="82" class="1001" name="const_82">
<pin_list>
<pin id="83" dir="1" index="0" bw="1" slack="0"/>
</pin_list>
<bind>
<StgValue><ssdm name="_ssdm_op_PartSelect.i8.i32.i32.i32"/></StgValue>
</bind>
</comp>

<comp id="84" class="1001" name="const_84">
<pin_list>
<pin id="85" dir="1" index="0" bw="1" slack="0"/>
</pin_list>
<bind>
<StgValue><ssdm name=""/></StgValue>
</bind>
</comp>

<comp id="86" class="1001" name="const_86">
<pin_list>
<pin id="87" dir="1" index="0" bw="1" slack="0"/>
</pin_list>
<bind>
<StgValue><ssdm name=""/></StgValue>
</bind>
</comp>

<comp id="88" class="1001" name="const_88">
<pin_list>
<pin id="89" dir="1" index="0" bw="1" slack="0"/>
</pin_list>
<bind>
<StgValue><ssdm name=""/></StgValue>
</bind>
</comp>

<comp id="90" class="1001" name="const_90">
<pin_list>
<pin id="91" dir="1" index="0" bw="1" slack="0"/>
</pin_list>
<bind>
<StgValue><ssdm name=""/></StgValue>
</bind>
</comp>

<comp id="92" class="1001" name="const_92">
<pin_list>
<pin id="93" dir="1" index="0" bw="1" slack="0"/>
</pin_list>
<bind>
<StgValue><ssdm name=""/></StgValue>
</bind>
</comp>

<comp id="94" class="1001" name="const_94">
<pin_list>
<pin id="95" dir="1" index="0" bw="1" slack="0"/>
</pin_list>
<bind>
<StgValue><ssdm name="_ssdm_op_WriteReq.m_axi.floatP"/></StgValue>
</bind>
</comp>

<comp id="96" class="1001" name="const_96">
<pin_list>
<pin id="97" dir="1" index="0" bw="1" slack="0"/>
</pin_list>
<bind>
<StgValue><ssdm name="_ssdm_op_Write.m_axi.floatP"/></StgValue>
</bind>
</comp>

<comp id="98" class="1001" name="const_98">
<pin_list>
<pin id="99" dir="1" index="0" bw="1" slack="0"/>
</pin_list>
<bind>
<StgValue><ssdm name=""/></StgValue>
</bind>
</comp>

<comp id="100" class="1001" name="const_100">
<pin_list>
<pin id="101" dir="1" index="0" bw="1" slack="0"/>
</pin_list>
<bind>
<StgValue><ssdm name="_ssdm_op_WriteResp.m_axi.floatP"/></StgValue>
</bind>
</comp>

<comp id="102" class="1004" name="alpha_read_read_fu_102">
<pin_list>
<pin id="103" dir="0" index="0" bw="32" slack="0"/>
<pin id="104" dir="0" index="1" bw="32" slack="0"/>
<pin id="105" dir="1" index="2" bw="32" slack="12"/>
</pin_list>
<bind>
<opcode="read(1150) " fcode="read"/>
<opset="alpha_read/1 "/>
</bind>
</comp>

<comp id="108" class="1004" name="out_data_read_read_fu_108">
<pin_list>
<pin id="109" dir="0" index="0" bw="32" slack="0"/>
<pin id="110" dir="0" index="1" bw="32" slack="0"/>
<pin id="111" dir="1" index="2" bw="32" slack="0"/>
</pin_list>
<bind>
<opcode="read(1150) " fcode="read"/>
<opset="out_data_read/1 "/>
</bind>
</comp>

<comp id="114" class="1004" name="in_data_read_read_fu_114">
<pin_list>
<pin id="115" dir="0" index="0" bw="32" slack="0"/>
<pin id="116" dir="0" index="1" bw="32" slack="0"/>
<pin id="117" dir="1" index="2" bw="32" slack="0"/>
</pin_list>
<bind>
<opcode="read(1150) " fcode="read"/>
<opset="in_data_read/1 "/>
</bind>
</comp>

<comp id="120" class="1004" name="width_V_read_read_fu_120">
<pin_list>
<pin id="121" dir="0" index="0" bw="12" slack="0"/>
<pin id="122" dir="0" index="1" bw="12" slack="0"/>
<pin id="123" dir="1" index="2" bw="12" slack="0"/>
</pin_list>
<bind>
<opcode="read(1150) " fcode="read"/>
<opset="width_V_read/1 "/>
</bind>
</comp>

<comp id="126" class="1004" name="height_V_read_read_fu_126">
<pin_list>
<pin id="127" dir="0" index="0" bw="12" slack="0"/>
<pin id="128" dir="0" index="1" bw="12" slack="0"/>
<pin id="129" dir="1" index="2" bw="12" slack="0"/>
</pin_list>
<bind>
<opcode="read(1150) " fcode="read"/>
<opset="height_V_read/1 "/>
</bind>
</comp>

<comp id="132" class="1004" name="channel_V_read_read_fu_132">
<pin_list>
<pin id="133" dir="0" index="0" bw="12" slack="0"/>
<pin id="134" dir="0" index="1" bw="12" slack="0"/>
<pin id="135" dir="1" index="2" bw="12" slack="0"/>
</pin_list>
<bind>
<opcode="read(1150) " fcode="read"/>
<opset="channel_V_read/1 "/>
</bind>
</comp>

<comp id="138" class="1004" name="grp_readreq_fu_138">
<pin_list>
<pin id="139" dir="0" index="0" bw="1" slack="0"/>
<pin id="140" dir="0" index="1" bw="32" slack="1"/>
<pin id="141" dir="0" index="2" bw="12" slack="4"/>
<pin id="142" dir="1" index="3" bw="1" slack="2147483647"/>
</pin_list>
<bind>
<opcode="readreq(1154) " fcode="readreq"/>
<opset="gmem_addr_rd_req/5 "/>
</bind>
</comp>

<comp id="144" class="1004" name="gmem_addr_read_read_fu_144">
<pin_list>
<pin id="145" dir="0" index="0" bw="32" slack="0"/>
<pin id="146" dir="0" index="1" bw="32" slack="8"/>
<pin id="147" dir="1" index="2" bw="32" slack="1"/>
</pin_list>
<bind>
<opcode="read(1150) " fcode="read"/>
<opset="gmem_addr_read/12 "/>
</bind>
</comp>

<comp id="149" class="1004" name="grp_writeresp_fu_149">
<pin_list>
<pin id="150" dir="0" index="0" bw="1" slack="0"/>
<pin id="151" dir="0" index="1" bw="32" slack="2"/>
<pin id="152" dir="0" index="2" bw="1" slack="0"/>
<pin id="153" dir="1" index="3" bw="1" slack="2147483647"/>
</pin_list>
<bind>
<opcode="writereq(1155) writeresp(1158) " fcode="writeresp"/>
<opset="gmem_addr_3_req/15 gmem_addr_3_resp/17 "/>
</bind>
</comp>

<comp id="156" class="1004" name="StgValue_124_write_fu_156">
<pin_list>
<pin id="157" dir="0" index="0" bw="0" slack="0"/>
<pin id="158" dir="0" index="1" bw="32" slack="3"/>
<pin id="159" dir="0" index="2" bw="32" slack="1"/>
<pin id="160" dir="0" index="3" bw="1" slack="0"/>
<pin id="161" dir="1" index="4" bw="0" slack="2147483647"/>
</pin_list>
<bind>
<opcode="write(1151) " fcode="write"/>
<opset="StgValue_124/16 "/>
</bind>
</comp>

<comp id="165" class="1004" name="grp_writeresp_fu_165">
<pin_list>
<pin id="166" dir="0" index="0" bw="1" slack="0"/>
<pin id="167" dir="0" index="1" bw="32" slack="1"/>
<pin id="168" dir="0" index="2" bw="1" slack="0"/>
<pin id="169" dir="1" index="3" bw="1" slack="2147483647"/>
</pin_list>
<bind>
<opcode="writereq(1155) writeresp(1158) " fcode="writeresp"/>
<opset="gmem_addr_2_req/22 gmem_addr_2_resp/24 "/>
</bind>
</comp>

<comp id="172" class="1004" name="StgValue_133_write_fu_172">
<pin_list>
<pin id="173" dir="0" index="0" bw="0" slack="0"/>
<pin id="174" dir="0" index="1" bw="32" slack="2"/>
<pin id="175" dir="0" index="2" bw="32" slack="3"/>
<pin id="176" dir="0" index="3" bw="1" slack="0"/>
<pin id="177" dir="1" index="4" bw="0" slack="2147483647"/>
</pin_list>
<bind>
<opcode="write(1151) " fcode="write"/>
<opset="StgValue_133/23 "/>
</bind>
</comp>

<comp id="181" class="1005" name="indvar_flatten_reg_181">
<pin_list>
<pin id="182" dir="0" index="0" bw="24" slack="1"/>
<pin id="183" dir="1" index="1" bw="24" slack="1"/>
</pin_list>
<bind>
<opset="indvar_flatten (phireg) "/>
</bind>
</comp>

<comp id="185" class="1004" name="indvar_flatten_phi_fu_185">
<pin_list>
<pin id="186" dir="0" index="0" bw="1" slack="1"/>
<pin id="187" dir="0" index="1" bw="0" slack="2147483647"/>
<pin id="188" dir="0" index="2" bw="24" slack="0"/>
<pin id="189" dir="0" index="3" bw="0" slack="2147483647"/>
<pin id="190" dir="1" index="4" bw="24" slack="0"/>
</pin_list>
<bind>
<opcode="phi(47) " fcode="phi"/>
<opset="indvar_flatten/2 "/>
</bind>
</comp>

<comp id="192" class="1005" name="i_op_assign_reg_192">
<pin_list>
<pin id="193" dir="0" index="0" bw="12" slack="1"/>
<pin id="194" dir="1" index="1" bw="12" slack="1"/>
</pin_list>
<bind>
<opset="i_op_assign (phireg) "/>
</bind>
</comp>

<comp id="196" class="1004" name="i_op_assign_phi_fu_196">
<pin_list>
<pin id="197" dir="0" index="0" bw="1" slack="1"/>
<pin id="198" dir="0" index="1" bw="0" slack="2147483647"/>
<pin id="199" dir="0" index="2" bw="12" slack="0"/>
<pin id="200" dir="0" index="3" bw="0" slack="2147483647"/>
<pin id="201" dir="1" index="4" bw="12" slack="0"/>
</pin_list>
<bind>
<opcode="phi(47) " fcode="phi"/>
<opset="i_op_assign/2 "/>
</bind>
</comp>

<comp id="203" class="1005" name="i_op_assign_1_reg_203">
<pin_list>
<pin id="204" dir="0" index="0" bw="12" slack="1"/>
<pin id="205" dir="1" index="1" bw="12" slack="1"/>
</pin_list>
<bind>
<opset="i_op_assign_1 (phireg) "/>
</bind>
</comp>

<comp id="207" class="1004" name="i_op_assign_1_phi_fu_207">
<pin_list>
<pin id="208" dir="0" index="0" bw="1" slack="1"/>
<pin id="209" dir="0" index="1" bw="0" slack="2147483647"/>
<pin id="210" dir="0" index="2" bw="12" slack="1"/>
<pin id="211" dir="0" index="3" bw="0" slack="2147483647"/>
<pin id="212" dir="1" index="4" bw="12" slack="0"/>
</pin_list>
<bind>
<opcode="phi(47) " fcode="phi"/>
<opset="i_op_assign_1/2 "/>
</bind>
</comp>

<comp id="214" class="1005" name="i_op_assign_2_reg_214">
<pin_list>
<pin id="215" dir="0" index="0" bw="12" slack="1"/>
<pin id="216" dir="1" index="1" bw="12" slack="1"/>
</pin_list>
<bind>
<opset="i_op_assign_2 (phireg) "/>
</bind>
</comp>

<comp id="218" class="1004" name="i_op_assign_2_phi_fu_218">
<pin_list>
<pin id="219" dir="0" index="0" bw="12" slack="0"/>
<pin id="220" dir="0" index="1" bw="0" slack="2147483647"/>
<pin id="221" dir="0" index="2" bw="1" slack="1"/>
<pin id="222" dir="0" index="3" bw="0" slack="2147483647"/>
<pin id="223" dir="1" index="4" bw="12" slack="0"/>
</pin_list>
<bind>
<opcode="phi(47) " fcode="phi"/>
<opset="i_op_assign_2/12 "/>
</bind>
</comp>

<comp id="225" class="1004" name="grp_fu_225">
<pin_list>
<pin id="226" dir="0" index="0" bw="32" slack="1"/>
<pin id="227" dir="0" index="1" bw="32" slack="12"/>
<pin id="228" dir="1" index="2" bw="32" slack="1"/>
</pin_list>
<bind>
<opcode="fmul(13) " fcode="fmul"/>
<opset="tmp_6/13 "/>
</bind>
</comp>

<comp id="229" class="1004" name="tmp_s_fu_229">
<pin_list>
<pin id="230" dir="0" index="0" bw="32" slack="1"/>
<pin id="231" dir="0" index="1" bw="32" slack="0"/>
<pin id="232" dir="1" index="2" bw="1" slack="0"/>
</pin_list>
<bind>
<opcode="fcmp(46) " fcode="fcmp"/>
<opset="tmp_s/13 "/>
</bind>
</comp>

<comp id="234" class="1004" name="grp_fu_234">
<pin_list>
<pin id="235" dir="0" index="0" bw="30" slack="12"/>
<pin id="236" dir="0" index="1" bw="36" slack="0"/>
<pin id="237" dir="1" index="2" bw="37" slack="0"/>
</pin_list>
<bind>
<opcode="add(8) " fcode="add"/>
<opset="out_data4_sum/13 out_data4_sum6/13 "/>
</bind>
</comp>

<comp id="238" class="1004" name="tmp_fu_238">
<pin_list>
<pin id="239" dir="0" index="0" bw="30" slack="0"/>
<pin id="240" dir="0" index="1" bw="32" slack="0"/>
<pin id="241" dir="0" index="2" bw="3" slack="0"/>
<pin id="242" dir="0" index="3" bw="6" slack="0"/>
<pin id="243" dir="1" index="4" bw="30" slack="0"/>
</pin_list>
<bind>
<opcode="partselect(1002) " fcode="partselect"/>
<opset="tmp/1 "/>
</bind>
</comp>

<comp id="248" class="1004" name="tmp_cast_fu_248">
<pin_list>
<pin id="249" dir="0" index="0" bw="30" slack="0"/>
<pin id="250" dir="1" index="1" bw="37" slack="12"/>
</pin_list>
<bind>
<opcode="zext(34) " fcode="zext"/>
<opset="tmp_cast/1 "/>
</bind>
</comp>

<comp id="252" class="1004" name="tmp_1_fu_252">
<pin_list>
<pin id="253" dir="0" index="0" bw="30" slack="0"/>
<pin id="254" dir="0" index="1" bw="32" slack="0"/>
<pin id="255" dir="0" index="2" bw="3" slack="0"/>
<pin id="256" dir="0" index="3" bw="6" slack="0"/>
<pin id="257" dir="1" index="4" bw="30" slack="0"/>
</pin_list>
<bind>
<opcode="partselect(1002) " fcode="partselect"/>
<opset="tmp_1/1 "/>
</bind>
</comp>

<comp id="262" class="1004" name="tmp_1_cast_fu_262">
<pin_list>
<pin id="263" dir="0" index="0" bw="30" slack="0"/>
<pin id="264" dir="1" index="1" bw="37" slack="3"/>
</pin_list>
<bind>
<opcode="zext(34) " fcode="zext"/>
<opset="tmp_1_cast/1 "/>
</bind>
</comp>

<comp id="266" class="1004" name="rhs_V_cast_fu_266">
<pin_list>
<pin id="267" dir="0" index="0" bw="12" slack="0"/>
<pin id="268" dir="1" index="1" bw="24" slack="0"/>
</pin_list>
<bind>
<opcode="zext(34) " fcode="zext"/>
<opset="rhs_V_cast/1 "/>
</bind>
</comp>

<comp id="270" class="1004" name="rhs_V_1_cast_fu_270">
<pin_list>
<pin id="271" dir="0" index="0" bw="12" slack="0"/>
<pin id="272" dir="1" index="1" bw="36" slack="2"/>
</pin_list>
<bind>
<opcode="zext(34) " fcode="zext"/>
<opset="rhs_V_1_cast/1 "/>
</bind>
</comp>

<comp id="274" class="1004" name="rhs_V_2_cast_fu_274">
<pin_list>
<pin id="275" dir="0" index="0" bw="12" slack="0"/>
<pin id="276" dir="1" index="1" bw="24" slack="3"/>
</pin_list>
<bind>
<opcode="zext(34) " fcode="zext"/>
<opset="rhs_V_2_cast/1 "/>
</bind>
</comp>

<comp id="278" class="1004" name="tmp_5_fu_278">
<pin_list>
<pin id="279" dir="0" index="0" bw="12" slack="0"/>
<pin id="280" dir="1" index="1" bw="32" slack="4"/>
</pin_list>
<bind>
<opcode="zext(34) " fcode="zext"/>
<opset="tmp_5/1 "/>
</bind>
</comp>

<comp id="282" class="1004" name="cast_fu_282">
<pin_list>
<pin id="283" dir="0" index="0" bw="12" slack="0"/>
<pin id="284" dir="1" index="1" bw="24" slack="0"/>
</pin_list>
<bind>
<opcode="zext(34) " fcode="zext"/>
<opset="cast/1 "/>
</bind>
</comp>

<comp id="286" class="1004" name="exitcond_flatten_fu_286">
<pin_list>
<pin id="287" dir="0" index="0" bw="24" slack="0"/>
<pin id="288" dir="0" index="1" bw="24" slack="1"/>
<pin id="289" dir="1" index="2" bw="1" slack="2147483647"/>
</pin_list>
<bind>
<opcode="icmp(45) " fcode="icmp"/>
<opset="exitcond_flatten/2 "/>
</bind>
</comp>

<comp id="291" class="1004" name="indvar_flatten_next_fu_291">
<pin_list>
<pin id="292" dir="0" index="0" bw="24" slack="0"/>
<pin id="293" dir="0" index="1" bw="1" slack="0"/>
<pin id="294" dir="1" index="2" bw="24" slack="0"/>
</pin_list>
<bind>
<opcode="add(8) " fcode="add"/>
<opset="indvar_flatten_next/2 "/>
</bind>
</comp>

<comp id="297" class="1004" name="exitcond1_fu_297">
<pin_list>
<pin id="298" dir="0" index="0" bw="12" slack="0"/>
<pin id="299" dir="0" index="1" bw="12" slack="1"/>
<pin id="300" dir="1" index="2" bw="1" slack="0"/>
</pin_list>
<bind>
<opcode="icmp(45) " fcode="icmp"/>
<opset="exitcond1/2 "/>
</bind>
</comp>

<comp id="302" class="1004" name="i_op_assign_1_mid2_fu_302">
<pin_list>
<pin id="303" dir="0" index="0" bw="1" slack="0"/>
<pin id="304" dir="0" index="1" bw="1" slack="0"/>
<pin id="305" dir="0" index="2" bw="12" slack="0"/>
<pin id="306" dir="1" index="3" bw="12" slack="2"/>
</pin_list>
<bind>
<opcode="select(49) " fcode="select"/>
<opset="i_op_assign_1_mid2/2 "/>
</bind>
</comp>

<comp id="310" class="1004" name="c7_fu_310">
<pin_list>
<pin id="311" dir="0" index="0" bw="12" slack="0"/>
<pin id="312" dir="0" index="1" bw="1" slack="0"/>
<pin id="313" dir="1" index="2" bw="12" slack="0"/>
</pin_list>
<bind>
<opcode="add(8) " fcode="add"/>
<opset="c7/2 "/>
</bind>
</comp>

<comp id="316" class="1004" name="ret_V_1_mid2_v_v_v_v_fu_316">
<pin_list>
<pin id="317" dir="0" index="0" bw="1" slack="0"/>
<pin id="318" dir="0" index="1" bw="12" slack="0"/>
<pin id="319" dir="0" index="2" bw="12" slack="0"/>
<pin id="320" dir="1" index="3" bw="12" slack="0"/>
</pin_list>
<bind>
<opcode="select(49) " fcode="select"/>
<opset="ret_V_1_mid2_v_v_v_v/2 "/>
</bind>
</comp>

<comp id="324" class="1004" name="ret_V_1_mid2_v_v_v_fu_324">
<pin_list>
<pin id="325" dir="0" index="0" bw="12" slack="0"/>
<pin id="326" dir="1" index="1" bw="24" slack="0"/>
</pin_list>
<bind>
<opcode="zext(34) " fcode="zext"/>
<opset="ret_V_1_mid2_v_v_v/2 "/>
</bind>
</comp>

<comp id="328" class="1004" name="ret_V_1_mid2_v_fu_328">
<pin_list>
<pin id="329" dir="0" index="0" bw="24" slack="1"/>
<pin id="330" dir="1" index="1" bw="36" slack="0"/>
</pin_list>
<bind>
<opcode="zext(34) " fcode="zext"/>
<opset="ret_V_1_mid2_v/3 "/>
</bind>
</comp>

<comp id="331" class="1004" name="lhs_V_2_cast_fu_331">
<pin_list>
<pin id="332" dir="0" index="0" bw="12" slack="2"/>
<pin id="333" dir="1" index="1" bw="24" slack="0"/>
</pin_list>
<bind>
<opcode="zext(34) " fcode="zext"/>
<opset="lhs_V_2_cast/4 "/>
</bind>
</comp>

<comp id="334" class="1004" name="tmp_3_cast_fu_334">
<pin_list>
<pin id="335" dir="0" index="0" bw="36" slack="0"/>
<pin id="336" dir="1" index="1" bw="37" slack="0"/>
</pin_list>
<bind>
<opcode="zext(34) " fcode="zext"/>
<opset="tmp_3_cast/4 "/>
</bind>
</comp>

<comp id="337" class="1004" name="in_data2_sum_fu_337">
<pin_list>
<pin id="338" dir="0" index="0" bw="36" slack="0"/>
<pin id="339" dir="0" index="1" bw="30" slack="3"/>
<pin id="340" dir="1" index="2" bw="37" slack="0"/>
</pin_list>
<bind>
<opcode="add(8) " fcode="add"/>
<opset="in_data2_sum/4 "/>
</bind>
</comp>

<comp id="342" class="1004" name="in_data2_sum_cast_fu_342">
<pin_list>
<pin id="343" dir="0" index="0" bw="37" slack="0"/>
<pin id="344" dir="1" index="1" bw="64" slack="0"/>
</pin_list>
<bind>
<opcode="zext(34) " fcode="zext"/>
<opset="in_data2_sum_cast/4 "/>
</bind>
</comp>

<comp id="346" class="1004" name="gmem_addr_fu_346">
<pin_list>
<pin id="347" dir="0" index="0" bw="32" slack="0"/>
<pin id="348" dir="0" index="1" bw="37" slack="0"/>
<pin id="349" dir="1" index="2" bw="32" slack="1"/>
</pin_list>
<bind>
<opcode="getelementptr(29) " fcode="getelementptr"/>
<opset="gmem_addr/4 "/>
</bind>
</comp>

<comp id="352" class="1004" name="exitcond_fu_352">
<pin_list>
<pin id="353" dir="0" index="0" bw="12" slack="0"/>
<pin id="354" dir="0" index="1" bw="12" slack="11"/>
<pin id="355" dir="1" index="2" bw="1" slack="2147483647"/>
</pin_list>
<bind>
<opcode="icmp(45) " fcode="icmp"/>
<opset="exitcond/12 "/>
</bind>
</comp>

<comp id="357" class="1004" name="w_fu_357">
<pin_list>
<pin id="358" dir="0" index="0" bw="12" slack="0"/>
<pin id="359" dir="0" index="1" bw="1" slack="0"/>
<pin id="360" dir="1" index="2" bw="12" slack="0"/>
</pin_list>
<bind>
<opcode="add(8) " fcode="add"/>
<opset="w/12 "/>
</bind>
</comp>

<comp id="363" class="1004" name="rhs_V_4_cast_fu_363">
<pin_list>
<pin id="364" dir="0" index="0" bw="12" slack="0"/>
<pin id="365" dir="1" index="1" bw="36" slack="0"/>
</pin_list>
<bind>
<opcode="zext(34) " fcode="zext"/>
<opset="rhs_V_4_cast/12 "/>
</bind>
</comp>

<comp id="367" class="1004" name="ret_V_2_fu_367">
<pin_list>
<pin id="368" dir="0" index="0" bw="12" slack="0"/>
<pin id="369" dir="0" index="1" bw="36" slack="8"/>
<pin id="370" dir="1" index="2" bw="36" slack="1"/>
</pin_list>
<bind>
<opcode="add(8) " fcode="add"/>
<opset="ret_V_2/12 "/>
</bind>
</comp>

<comp id="372" class="1004" name="h_fu_372">
<pin_list>
<pin id="373" dir="0" index="0" bw="12" slack="10"/>
<pin id="374" dir="0" index="1" bw="1" slack="0"/>
<pin id="375" dir="1" index="2" bw="12" slack="1"/>
</pin_list>
<bind>
<opcode="add(8) " fcode="add"/>
<opset="h/12 "/>
</bind>
</comp>

<comp id="377" class="1004" name="tmp_4_cast_fu_377">
<pin_list>
<pin id="378" dir="0" index="0" bw="36" slack="1"/>
<pin id="379" dir="1" index="1" bw="37" slack="0"/>
</pin_list>
<bind>
<opcode="zext(34) " fcode="zext"/>
<opset="tmp_4_cast/13 "/>
</bind>
</comp>

<comp id="381" class="1004" name="in_data_load_to_int_fu_381">
<pin_list>
<pin id="382" dir="0" index="0" bw="32" slack="1"/>
<pin id="383" dir="1" index="1" bw="32" slack="0"/>
</pin_list>
<bind>
<opcode="bitcast(44) " fcode="bitcast"/>
<opset="in_data_load_to_int/13 "/>
</bind>
</comp>

<comp id="384" class="1004" name="tmp_7_fu_384">
<pin_list>
<pin id="385" dir="0" index="0" bw="8" slack="0"/>
<pin id="386" dir="0" index="1" bw="32" slack="0"/>
<pin id="387" dir="0" index="2" bw="6" slack="0"/>
<pin id="388" dir="0" index="3" bw="6" slack="0"/>
<pin id="389" dir="1" index="4" bw="8" slack="0"/>
</pin_list>
<bind>
<opcode="partselect(1002) " fcode="partselect"/>
<opset="tmp_7/13 "/>
</bind>
</comp>

<comp id="394" class="1004" name="tmp_3_fu_394">
<pin_list>
<pin id="395" dir="0" index="0" bw="32" slack="0"/>
<pin id="396" dir="1" index="1" bw="23" slack="0"/>
</pin_list>
<bind>
<opcode="trunc(33) " fcode="trunc"/>
<opset="tmp_3/13 "/>
</bind>
</comp>

<comp id="398" class="1004" name="notlhs_fu_398">
<pin_list>
<pin id="399" dir="0" index="0" bw="8" slack="0"/>
<pin id="400" dir="0" index="1" bw="1" slack="0"/>
<pin id="401" dir="1" index="2" bw="1" slack="0"/>
</pin_list>
<bind>
<opcode="icmp(45) " fcode="icmp"/>
<opset="notlhs/13 "/>
</bind>
</comp>

<comp id="404" class="1004" name="notrhs_fu_404">
<pin_list>
<pin id="405" dir="0" index="0" bw="23" slack="0"/>
<pin id="406" dir="0" index="1" bw="1" slack="0"/>
<pin id="407" dir="1" index="2" bw="1" slack="0"/>
</pin_list>
<bind>
<opcode="icmp(45) " fcode="icmp"/>
<opset="notrhs/13 "/>
</bind>
</comp>

<comp id="410" class="1004" name="tmp_9_fu_410">
<pin_list>
<pin id="411" dir="0" index="0" bw="1" slack="0"/>
<pin id="412" dir="0" index="1" bw="1" slack="0"/>
<pin id="413" dir="1" index="2" bw="1" slack="0"/>
</pin_list>
<bind>
<opcode="or(24) " fcode="or"/>
<opset="tmp_9/13 "/>
</bind>
</comp>

<comp id="416" class="1004" name="tmp_2_fu_416">
<pin_list>
<pin id="417" dir="0" index="0" bw="1" slack="0"/>
<pin id="418" dir="0" index="1" bw="1" slack="0"/>
<pin id="419" dir="1" index="2" bw="1" slack="8"/>
</pin_list>
<bind>
<opcode="and(23) " fcode="and"/>
<opset="tmp_2/13 "/>
</bind>
</comp>

<comp id="422" class="1004" name="out_data4_sum_cast_fu_422">
<pin_list>
<pin id="423" dir="0" index="0" bw="37" slack="0"/>
<pin id="424" dir="1" index="1" bw="64" slack="0"/>
</pin_list>
<bind>
<opcode="zext(34) " fcode="zext"/>
<opset="out_data4_sum_cast/13 "/>
</bind>
</comp>

<comp id="426" class="1004" name="gmem_addr_2_fu_426">
<pin_list>
<pin id="427" dir="0" index="0" bw="32" slack="0"/>
<pin id="428" dir="0" index="1" bw="37" slack="0"/>
<pin id="429" dir="1" index="2" bw="32" slack="2"/>
</pin_list>
<bind>
<opcode="getelementptr(29) " fcode="getelementptr"/>
<opset="gmem_addr_2/13 "/>
</bind>
</comp>

<comp id="432" class="1004" name="out_data4_sum6_cast_fu_432">
<pin_list>
<pin id="433" dir="0" index="0" bw="37" slack="0"/>
<pin id="434" dir="1" index="1" bw="64" slack="0"/>
</pin_list>
<bind>
<opcode="zext(34) " fcode="zext"/>
<opset="out_data4_sum6_cast/13 "/>
</bind>
</comp>

<comp id="436" class="1004" name="gmem_addr_1_fu_436">
<pin_list>
<pin id="437" dir="0" index="0" bw="32" slack="0"/>
<pin id="438" dir="0" index="1" bw="37" slack="0"/>
<pin id="439" dir="1" index="2" bw="32" slack="1"/>
</pin_list>
<bind>
<opcode="getelementptr(29) " fcode="getelementptr"/>
<opset="gmem_addr_1/13 "/>
</bind>
</comp>

<comp id="442" class="1007" name="bound_fu_442">
<pin_list>
<pin id="443" dir="0" index="0" bw="12" slack="0"/>
<pin id="444" dir="0" index="1" bw="12" slack="0"/>
<pin id="445" dir="1" index="2" bw="24" slack="1"/>
</pin_list>
<bind>
<opcode="mul(12) " fcode="mul"/>
<opset="bound/1 "/>
</bind>
</comp>

<comp id="448" class="1007" name="ret_V_1_mid2_v_v_fu_448">
<pin_list>
<pin id="449" dir="0" index="0" bw="12" slack="1"/>
<pin id="450" dir="0" index="1" bw="12" slack="0"/>
<pin id="451" dir="1" index="2" bw="24" slack="1"/>
</pin_list>
<bind>
<opcode="mul(12) " fcode="mul"/>
<opset="ret_V_1_mid2_v_v/2 "/>
</bind>
</comp>

<comp id="453" class="1007" name="ret_V_1_mid2_fu_453">
<pin_list>
<pin id="454" dir="0" index="0" bw="12" slack="2"/>
<pin id="455" dir="0" index="1" bw="24" slack="0"/>
<pin id="456" dir="1" index="2" bw="36" slack="1"/>
</pin_list>
<bind>
<opcode="mul(12) " fcode="mul"/>
<opset="ret_V_1_mid2/3 "/>
</bind>
</comp>

<comp id="458" class="1007" name="grp_fu_458">
<pin_list>
<pin id="459" dir="0" index="0" bw="12" slack="3"/>
<pin id="460" dir="0" index="1" bw="12" slack="0"/>
<pin id="461" dir="0" index="2" bw="36" slack="2147483647"/>
<pin id="462" dir="1" index="3" bw="36" slack="0"/>
</pin_list>
<bind>
<opcode="muladd(1172) " fcode="muladd"/>
<opset="ret_V/4 rhs_V_3_cast/4 ret_V_1/4 "/>
</bind>
</comp>

<comp id="465" class="1005" name="alpha_read_reg_465">
<pin_list>
<pin id="466" dir="0" index="0" bw="32" slack="12"/>
<pin id="467" dir="1" index="1" bw="32" slack="12"/>
</pin_list>
<bind>
<opset="alpha_read "/>
</bind>
</comp>

<comp id="470" class="1005" name="width_V_read_reg_470">
<pin_list>
<pin id="471" dir="0" index="0" bw="12" slack="11"/>
<pin id="472" dir="1" index="1" bw="12" slack="11"/>
</pin_list>
<bind>
<opset="width_V_read "/>
</bind>
</comp>

<comp id="475" class="1005" name="height_V_read_reg_475">
<pin_list>
<pin id="476" dir="0" index="0" bw="12" slack="1"/>
<pin id="477" dir="1" index="1" bw="12" slack="1"/>
</pin_list>
<bind>
<opset="height_V_read "/>
</bind>
</comp>

<comp id="480" class="1005" name="tmp_cast_reg_480">
<pin_list>
<pin id="481" dir="0" index="0" bw="37" slack="12"/>
<pin id="482" dir="1" index="1" bw="37" slack="12"/>
</pin_list>
<bind>
<opset="tmp_cast "/>
</bind>
</comp>

<comp id="485" class="1005" name="tmp_1_cast_reg_485">
<pin_list>
<pin id="486" dir="0" index="0" bw="37" slack="3"/>
<pin id="487" dir="1" index="1" bw="37" slack="3"/>
</pin_list>
<bind>
<opset="tmp_1_cast "/>
</bind>
</comp>

<comp id="490" class="1005" name="rhs_V_cast_reg_490">
<pin_list>
<pin id="491" dir="0" index="0" bw="24" slack="1"/>
<pin id="492" dir="1" index="1" bw="24" slack="1"/>
</pin_list>
<bind>
<opset="rhs_V_cast "/>
</bind>
</comp>

<comp id="495" class="1005" name="rhs_V_1_cast_reg_495">
<pin_list>
<pin id="496" dir="0" index="0" bw="36" slack="2"/>
<pin id="497" dir="1" index="1" bw="36" slack="2"/>
</pin_list>
<bind>
<opset="rhs_V_1_cast "/>
</bind>
</comp>

<comp id="500" class="1005" name="rhs_V_2_cast_reg_500">
<pin_list>
<pin id="501" dir="0" index="0" bw="24" slack="3"/>
<pin id="502" dir="1" index="1" bw="24" slack="3"/>
</pin_list>
<bind>
<opset="rhs_V_2_cast "/>
</bind>
</comp>

<comp id="505" class="1005" name="tmp_5_reg_505">
<pin_list>
<pin id="506" dir="0" index="0" bw="32" slack="4"/>
<pin id="507" dir="1" index="1" bw="32" slack="4"/>
</pin_list>
<bind>
<opset="tmp_5 "/>
</bind>
</comp>

<comp id="510" class="1005" name="bound_reg_510">
<pin_list>
<pin id="511" dir="0" index="0" bw="24" slack="1"/>
<pin id="512" dir="1" index="1" bw="24" slack="1"/>
</pin_list>
<bind>
<opset="bound "/>
</bind>
</comp>

<comp id="518" class="1005" name="indvar_flatten_next_reg_518">
<pin_list>
<pin id="519" dir="0" index="0" bw="24" slack="0"/>
<pin id="520" dir="1" index="1" bw="24" slack="0"/>
</pin_list>
<bind>
<opset="indvar_flatten_next "/>
</bind>
</comp>

<comp id="523" class="1005" name="i_op_assign_1_mid2_reg_523">
<pin_list>
<pin id="524" dir="0" index="0" bw="12" slack="2"/>
<pin id="525" dir="1" index="1" bw="12" slack="2"/>
</pin_list>
<bind>
<opset="i_op_assign_1_mid2 "/>
</bind>
</comp>

<comp id="529" class="1005" name="ret_V_1_mid2_v_v_v_v_reg_529">
<pin_list>
<pin id="530" dir="0" index="0" bw="12" slack="0"/>
<pin id="531" dir="1" index="1" bw="12" slack="0"/>
</pin_list>
<bind>
<opset="ret_V_1_mid2_v_v_v_v "/>
</bind>
</comp>

<comp id="534" class="1005" name="ret_V_1_mid2_v_v_reg_534">
<pin_list>
<pin id="535" dir="0" index="0" bw="24" slack="1"/>
<pin id="536" dir="1" index="1" bw="24" slack="1"/>
</pin_list>
<bind>
<opset="ret_V_1_mid2_v_v "/>
</bind>
</comp>

<comp id="539" class="1005" name="ret_V_1_mid2_reg_539">
<pin_list>
<pin id="540" dir="0" index="0" bw="36" slack="1"/>
<pin id="541" dir="1" index="1" bw="36" slack="1"/>
</pin_list>
<bind>
<opset="ret_V_1_mid2 "/>
</bind>
</comp>

<comp id="544" class="1005" name="ret_V_1_reg_544">
<pin_list>
<pin id="545" dir="0" index="0" bw="36" slack="8"/>
<pin id="546" dir="1" index="1" bw="36" slack="8"/>
</pin_list>
<bind>
<opset="ret_V_1 "/>
</bind>
</comp>

<comp id="549" class="1005" name="gmem_addr_reg_549">
<pin_list>
<pin id="550" dir="0" index="0" bw="32" slack="1"/>
<pin id="551" dir="1" index="1" bw="32" slack="1"/>
</pin_list>
<bind>
<opset="gmem_addr "/>
</bind>
</comp>

<comp id="558" class="1005" name="w_reg_558">
<pin_list>
<pin id="559" dir="0" index="0" bw="12" slack="0"/>
<pin id="560" dir="1" index="1" bw="12" slack="0"/>
</pin_list>
<bind>
<opset="w "/>
</bind>
</comp>

<comp id="563" class="1005" name="ret_V_2_reg_563">
<pin_list>
<pin id="564" dir="0" index="0" bw="36" slack="1"/>
<pin id="565" dir="1" index="1" bw="36" slack="1"/>
</pin_list>
<bind>
<opset="ret_V_2 "/>
</bind>
</comp>

<comp id="568" class="1005" name="gmem_addr_read_reg_568">
<pin_list>
<pin id="569" dir="0" index="0" bw="32" slack="1"/>
<pin id="570" dir="1" index="1" bw="32" slack="1"/>
</pin_list>
<bind>
<opset="gmem_addr_read "/>
</bind>
</comp>

<comp id="576" class="1005" name="h_reg_576">
<pin_list>
<pin id="577" dir="0" index="0" bw="12" slack="1"/>
<pin id="578" dir="1" index="1" bw="12" slack="1"/>
</pin_list>
<bind>
<opset="h "/>
</bind>
</comp>

<comp id="581" class="1005" name="tmp_2_reg_581">
<pin_list>
<pin id="582" dir="0" index="0" bw="1" slack="8"/>
<pin id="583" dir="1" index="1" bw="1" slack="2147483647"/>
</pin_list>
<bind>
<opset="tmp_2 "/>
</bind>
</comp>

<comp id="585" class="1005" name="gmem_addr_2_reg_585">
<pin_list>
<pin id="586" dir="0" index="0" bw="32" slack="2"/>
<pin id="587" dir="1" index="1" bw="32" slack="2"/>
</pin_list>
<bind>
<opset="gmem_addr_2 "/>
</bind>
</comp>

<comp id="591" class="1005" name="gmem_addr_1_reg_591">
<pin_list>
<pin id="592" dir="0" index="0" bw="32" slack="1"/>
<pin id="593" dir="1" index="1" bw="32" slack="1"/>
</pin_list>
<bind>
<opset="gmem_addr_1 "/>
</bind>
</comp>

<comp id="597" class="1005" name="tmp_6_reg_597">
<pin_list>
<pin id="598" dir="0" index="0" bw="32" slack="1"/>
<pin id="599" dir="1" index="1" bw="32" slack="1"/>
</pin_list>
<bind>
<opset="tmp_6 "/>
</bind>
</comp>

</comp_list>

<net_list>
<net id="106"><net_src comp="14" pin="0"/><net_sink comp="102" pin=0"/></net>

<net id="107"><net_src comp="12" pin="0"/><net_sink comp="102" pin=1"/></net>

<net id="112"><net_src comp="16" pin="0"/><net_sink comp="108" pin=0"/></net>

<net id="113"><net_src comp="10" pin="0"/><net_sink comp="108" pin=1"/></net>

<net id="118"><net_src comp="16" pin="0"/><net_sink comp="114" pin=0"/></net>

<net id="119"><net_src comp="8" pin="0"/><net_sink comp="114" pin=1"/></net>

<net id="124"><net_src comp="18" pin="0"/><net_sink comp="120" pin=0"/></net>

<net id="125"><net_src comp="6" pin="0"/><net_sink comp="120" pin=1"/></net>

<net id="130"><net_src comp="18" pin="0"/><net_sink comp="126" pin=0"/></net>

<net id="131"><net_src comp="4" pin="0"/><net_sink comp="126" pin=1"/></net>

<net id="136"><net_src comp="18" pin="0"/><net_sink comp="132" pin=0"/></net>

<net id="137"><net_src comp="2" pin="0"/><net_sink comp="132" pin=1"/></net>

<net id="143"><net_src comp="72" pin="0"/><net_sink comp="138" pin=0"/></net>

<net id="148"><net_src comp="80" pin="0"/><net_sink comp="144" pin=0"/></net>

<net id="154"><net_src comp="94" pin="0"/><net_sink comp="149" pin=0"/></net>

<net id="155"><net_src comp="66" pin="0"/><net_sink comp="149" pin=2"/></net>

<net id="162"><net_src comp="96" pin="0"/><net_sink comp="156" pin=0"/></net>

<net id="163"><net_src comp="98" pin="0"/><net_sink comp="156" pin=3"/></net>

<net id="164"><net_src comp="100" pin="0"/><net_sink comp="149" pin=0"/></net>

<net id="170"><net_src comp="94" pin="0"/><net_sink comp="165" pin=0"/></net>

<net id="171"><net_src comp="66" pin="0"/><net_sink comp="165" pin=2"/></net>

<net id="178"><net_src comp="96" pin="0"/><net_sink comp="172" pin=0"/></net>

<net id="179"><net_src comp="98" pin="0"/><net_sink comp="172" pin=3"/></net>

<net id="180"><net_src comp="100" pin="0"/><net_sink comp="165" pin=0"/></net>

<net id="184"><net_src comp="58" pin="0"/><net_sink comp="181" pin=0"/></net>

<net id="191"><net_src comp="181" pin="1"/><net_sink comp="185" pin=0"/></net>

<net id="195"><net_src comp="60" pin="0"/><net_sink comp="192" pin=0"/></net>

<net id="202"><net_src comp="192" pin="1"/><net_sink comp="196" pin=0"/></net>

<net id="206"><net_src comp="60" pin="0"/><net_sink comp="203" pin=0"/></net>

<net id="213"><net_src comp="203" pin="1"/><net_sink comp="207" pin=0"/></net>

<net id="217"><net_src comp="60" pin="0"/><net_sink comp="214" pin=0"/></net>

<net id="224"><net_src comp="214" pin="1"/><net_sink comp="218" pin=2"/></net>

<net id="233"><net_src comp="92" pin="0"/><net_sink comp="229" pin=1"/></net>

<net id="244"><net_src comp="20" pin="0"/><net_sink comp="238" pin=0"/></net>

<net id="245"><net_src comp="108" pin="2"/><net_sink comp="238" pin=1"/></net>

<net id="246"><net_src comp="22" pin="0"/><net_sink comp="238" pin=2"/></net>

<net id="247"><net_src comp="24" pin="0"/><net_sink comp="238" pin=3"/></net>

<net id="251"><net_src comp="238" pin="4"/><net_sink comp="248" pin=0"/></net>

<net id="258"><net_src comp="20" pin="0"/><net_sink comp="252" pin=0"/></net>

<net id="259"><net_src comp="114" pin="2"/><net_sink comp="252" pin=1"/></net>

<net id="260"><net_src comp="22" pin="0"/><net_sink comp="252" pin=2"/></net>

<net id="261"><net_src comp="24" pin="0"/><net_sink comp="252" pin=3"/></net>

<net id="265"><net_src comp="252" pin="4"/><net_sink comp="262" pin=0"/></net>

<net id="269"><net_src comp="126" pin="2"/><net_sink comp="266" pin=0"/></net>

<net id="273"><net_src comp="120" pin="2"/><net_sink comp="270" pin=0"/></net>

<net id="277"><net_src comp="120" pin="2"/><net_sink comp="274" pin=0"/></net>

<net id="281"><net_src comp="120" pin="2"/><net_sink comp="278" pin=0"/></net>

<net id="285"><net_src comp="132" pin="2"/><net_sink comp="282" pin=0"/></net>

<net id="290"><net_src comp="185" pin="4"/><net_sink comp="286" pin=0"/></net>

<net id="295"><net_src comp="185" pin="4"/><net_sink comp="291" pin=0"/></net>

<net id="296"><net_src comp="68" pin="0"/><net_sink comp="291" pin=1"/></net>

<net id="301"><net_src comp="207" pin="4"/><net_sink comp="297" pin=0"/></net>

<net id="307"><net_src comp="297" pin="2"/><net_sink comp="302" pin=0"/></net>

<net id="308"><net_src comp="60" pin="0"/><net_sink comp="302" pin=1"/></net>

<net id="309"><net_src comp="207" pin="4"/><net_sink comp="302" pin=2"/></net>

<net id="314"><net_src comp="196" pin="4"/><net_sink comp="310" pin=0"/></net>

<net id="315"><net_src comp="70" pin="0"/><net_sink comp="310" pin=1"/></net>

<net id="321"><net_src comp="297" pin="2"/><net_sink comp="316" pin=0"/></net>

<net id="322"><net_src comp="310" pin="2"/><net_sink comp="316" pin=1"/></net>

<net id="323"><net_src comp="196" pin="4"/><net_sink comp="316" pin=2"/></net>

<net id="327"><net_src comp="316" pin="3"/><net_sink comp="324" pin=0"/></net>

<net id="341"><net_src comp="334" pin="1"/><net_sink comp="337" pin=0"/></net>

<net id="345"><net_src comp="337" pin="2"/><net_sink comp="342" pin=0"/></net>

<net id="350"><net_src comp="0" pin="0"/><net_sink comp="346" pin=0"/></net>

<net id="351"><net_src comp="342" pin="1"/><net_sink comp="346" pin=1"/></net>

<net id="356"><net_src comp="218" pin="4"/><net_sink comp="352" pin=0"/></net>

<net id="361"><net_src comp="218" pin="4"/><net_sink comp="357" pin=0"/></net>

<net id="362"><net_src comp="70" pin="0"/><net_sink comp="357" pin=1"/></net>

<net id="366"><net_src comp="218" pin="4"/><net_sink comp="363" pin=0"/></net>

<net id="371"><net_src comp="363" pin="1"/><net_sink comp="367" pin=0"/></net>

<net id="376"><net_src comp="70" pin="0"/><net_sink comp="372" pin=1"/></net>

<net id="380"><net_src comp="377" pin="1"/><net_sink comp="234" pin=1"/></net>

<net id="390"><net_src comp="82" pin="0"/><net_sink comp="384" pin=0"/></net>

<net id="391"><net_src comp="381" pin="1"/><net_sink comp="384" pin=1"/></net>

<net id="392"><net_src comp="84" pin="0"/><net_sink comp="384" pin=2"/></net>

<net id="393"><net_src comp="86" pin="0"/><net_sink comp="384" pin=3"/></net>

<net id="397"><net_src comp="381" pin="1"/><net_sink comp="394" pin=0"/></net>

<net id="402"><net_src comp="384" pin="4"/><net_sink comp="398" pin=0"/></net>

<net id="403"><net_src comp="88" pin="0"/><net_sink comp="398" pin=1"/></net>

<net id="408"><net_src comp="394" pin="1"/><net_sink comp="404" pin=0"/></net>

<net id="409"><net_src comp="90" pin="0"/><net_sink comp="404" pin=1"/></net>

<net id="414"><net_src comp="404" pin="2"/><net_sink comp="410" pin=0"/></net>

<net id="415"><net_src comp="398" pin="2"/><net_sink comp="410" pin=1"/></net>

<net id="420"><net_src comp="410" pin="2"/><net_sink comp="416" pin=0"/></net>

<net id="421"><net_src comp="229" pin="2"/><net_sink comp="416" pin=1"/></net>

<net id="425"><net_src comp="234" pin="2"/><net_sink comp="422" pin=0"/></net>

<net id="430"><net_src comp="0" pin="0"/><net_sink comp="426" pin=0"/></net>

<net id="431"><net_src comp="422" pin="1"/><net_sink comp="426" pin=1"/></net>

<net id="435"><net_src comp="234" pin="2"/><net_sink comp="432" pin=0"/></net>

<net id="440"><net_src comp="0" pin="0"/><net_sink comp="436" pin=0"/></net>

<net id="441"><net_src comp="432" pin="1"/><net_sink comp="436" pin=1"/></net>

<net id="446"><net_src comp="266" pin="1"/><net_sink comp="442" pin=0"/></net>

<net id="447"><net_src comp="282" pin="1"/><net_sink comp="442" pin=1"/></net>

<net id="452"><net_src comp="324" pin="1"/><net_sink comp="448" pin=1"/></net>

<net id="457"><net_src comp="328" pin="1"/><net_sink comp="453" pin=1"/></net>

<net id="463"><net_src comp="331" pin="1"/><net_sink comp="458" pin=1"/></net>

<net id="464"><net_src comp="458" pin="3"/><net_sink comp="334" pin=0"/></net>

<net id="468"><net_src comp="102" pin="2"/><net_sink comp="465" pin=0"/></net>

<net id="469"><net_src comp="465" pin="1"/><net_sink comp="225" pin=1"/></net>

<net id="473"><net_src comp="120" pin="2"/><net_sink comp="470" pin=0"/></net>

<net id="474"><net_src comp="470" pin="1"/><net_sink comp="352" pin=1"/></net>

<net id="478"><net_src comp="126" pin="2"/><net_sink comp="475" pin=0"/></net>

<net id="479"><net_src comp="475" pin="1"/><net_sink comp="297" pin=1"/></net>

<net id="483"><net_src comp="248" pin="1"/><net_sink comp="480" pin=0"/></net>

<net id="484"><net_src comp="480" pin="1"/><net_sink comp="234" pin=0"/></net>

<net id="488"><net_src comp="262" pin="1"/><net_sink comp="485" pin=0"/></net>

<net id="489"><net_src comp="485" pin="1"/><net_sink comp="337" pin=1"/></net>

<net id="493"><net_src comp="266" pin="1"/><net_sink comp="490" pin=0"/></net>

<net id="494"><net_src comp="490" pin="1"/><net_sink comp="448" pin=0"/></net>

<net id="498"><net_src comp="270" pin="1"/><net_sink comp="495" pin=0"/></net>

<net id="499"><net_src comp="495" pin="1"/><net_sink comp="453" pin=0"/></net>

<net id="503"><net_src comp="274" pin="1"/><net_sink comp="500" pin=0"/></net>

<net id="504"><net_src comp="500" pin="1"/><net_sink comp="458" pin=0"/></net>

<net id="508"><net_src comp="278" pin="1"/><net_sink comp="505" pin=0"/></net>

<net id="509"><net_src comp="505" pin="1"/><net_sink comp="138" pin=2"/></net>

<net id="513"><net_src comp="442" pin="2"/><net_sink comp="510" pin=0"/></net>

<net id="514"><net_src comp="510" pin="1"/><net_sink comp="286" pin=1"/></net>

<net id="521"><net_src comp="291" pin="2"/><net_sink comp="518" pin=0"/></net>

<net id="522"><net_src comp="518" pin="1"/><net_sink comp="185" pin=2"/></net>

<net id="526"><net_src comp="302" pin="3"/><net_sink comp="523" pin=0"/></net>

<net id="527"><net_src comp="523" pin="1"/><net_sink comp="331" pin=0"/></net>

<net id="528"><net_src comp="523" pin="1"/><net_sink comp="372" pin=0"/></net>

<net id="532"><net_src comp="316" pin="3"/><net_sink comp="529" pin=0"/></net>

<net id="533"><net_src comp="529" pin="1"/><net_sink comp="196" pin=2"/></net>

<net id="537"><net_src comp="448" pin="2"/><net_sink comp="534" pin=0"/></net>

<net id="538"><net_src comp="534" pin="1"/><net_sink comp="328" pin=0"/></net>

<net id="542"><net_src comp="453" pin="2"/><net_sink comp="539" pin=0"/></net>

<net id="543"><net_src comp="539" pin="1"/><net_sink comp="458" pin=1"/></net>

<net id="547"><net_src comp="458" pin="3"/><net_sink comp="544" pin=0"/></net>

<net id="548"><net_src comp="544" pin="1"/><net_sink comp="367" pin=1"/></net>

<net id="552"><net_src comp="346" pin="2"/><net_sink comp="549" pin=0"/></net>

<net id="553"><net_src comp="549" pin="1"/><net_sink comp="138" pin=1"/></net>

<net id="554"><net_src comp="549" pin="1"/><net_sink comp="144" pin=1"/></net>

<net id="561"><net_src comp="357" pin="2"/><net_sink comp="558" pin=0"/></net>

<net id="562"><net_src comp="558" pin="1"/><net_sink comp="218" pin=0"/></net>

<net id="566"><net_src comp="367" pin="2"/><net_sink comp="563" pin=0"/></net>

<net id="567"><net_src comp="563" pin="1"/><net_sink comp="377" pin=0"/></net>

<net id="571"><net_src comp="144" pin="2"/><net_sink comp="568" pin=0"/></net>

<net id="572"><net_src comp="568" pin="1"/><net_sink comp="381" pin=0"/></net>

<net id="573"><net_src comp="568" pin="1"/><net_sink comp="229" pin=0"/></net>

<net id="574"><net_src comp="568" pin="1"/><net_sink comp="225" pin=0"/></net>

<net id="575"><net_src comp="568" pin="1"/><net_sink comp="172" pin=2"/></net>

<net id="579"><net_src comp="372" pin="2"/><net_sink comp="576" pin=0"/></net>

<net id="580"><net_src comp="576" pin="1"/><net_sink comp="207" pin=2"/></net>

<net id="584"><net_src comp="416" pin="2"/><net_sink comp="581" pin=0"/></net>

<net id="588"><net_src comp="426" pin="2"/><net_sink comp="585" pin=0"/></net>

<net id="589"><net_src comp="585" pin="1"/><net_sink comp="149" pin=1"/></net>

<net id="590"><net_src comp="585" pin="1"/><net_sink comp="156" pin=1"/></net>

<net id="594"><net_src comp="436" pin="2"/><net_sink comp="591" pin=0"/></net>

<net id="595"><net_src comp="591" pin="1"/><net_sink comp="165" pin=1"/></net>

<net id="596"><net_src comp="591" pin="1"/><net_sink comp="172" pin=1"/></net>

<net id="600"><net_src comp="225" pin="2"/><net_sink comp="597" pin=0"/></net>

<net id="601"><net_src comp="597" pin="1"/><net_sink comp="156" pin=2"/></net>

</net_list>

</model> 
---------------- Datapath Model END ------------------

* FSMD analyzer results:
  - Output states:
	Port: gmem | {15 16 17 18 19 20 21 22 23 24 25 26 27 28 }
 - Input state : 
	Port: LeakyReLU : gmem | {5 6 7 8 9 10 11 12 }
	Port: LeakyReLU : channel_V | {1 }
	Port: LeakyReLU : height_V | {1 }
	Port: LeakyReLU : width_V | {1 }
	Port: LeakyReLU : in_data | {1 }
	Port: LeakyReLU : out_data | {1 }
	Port: LeakyReLU : alpha | {1 }
  - Chain level:
	State 1
		tmp_cast : 1
		tmp_1_cast : 1
		bound : 1
	State 2
		exitcond_flatten : 1
		indvar_flatten_next : 1
		StgValue_66 : 2
		exitcond1 : 1
		i_op_assign_1_mid2 : 2
		c7 : 1
		ret_V_1_mid2_v_v_v_v : 2
		ret_V_1_mid2_v_v_v : 3
		ret_V_1_mid2_v_v : 4
	State 3
		ret_V_1_mid2 : 1
	State 4
		ret_V : 1
		rhs_V_3_cast : 2
		ret_V_1 : 3
		tmp_3_cast : 4
		in_data2_sum : 5
		in_data2_sum_cast : 6
		gmem_addr : 7
	State 5
	State 6
	State 7
	State 8
	State 9
	State 10
	State 11
	State 12
		exitcond : 1
		w : 1
		StgValue_98 : 2
		rhs_V_4_cast : 1
		ret_V_2 : 2
	State 13
		tmp_7 : 1
		tmp_3 : 1
		notlhs : 2
		notrhs : 2
		tmp_9 : 3
		tmp_2 : 3
		StgValue_113 : 3
		out_data4_sum : 1
		out_data4_sum_cast : 2
		gmem_addr_2 : 3
		out_data4_sum6 : 1
		out_data4_sum6_cast : 2
		gmem_addr_1 : 3
	State 14
	State 15
	State 16
	State 17
	State 18
	State 19
	State 20
	State 21
	State 22
	State 23
	State 24
	State 25
	State 26
	State 27
	State 28


============================================================
+ Verbose Summary: Datapath Resource usage 
============================================================

* Functional unit list:
|----------|-----------------------------|---------|---------|---------|
| Operation|       Functional Unit       |  DSP48E |    FF   |   LUT   |
|----------|-----------------------------|---------|---------|---------|
|   fmul   |          grp_fu_225         |    3    |   128   |   320   |
|----------|-----------------------------|---------|---------|---------|
|   fcmp   |         tmp_s_fu_229        |    0    |    66   |   239   |
|----------|-----------------------------|---------|---------|---------|
|          |          grp_fu_234         |    0    |    0    |    36   |
|          |  indvar_flatten_next_fu_291 |    0    |    0    |    24   |
|          |          c7_fu_310          |    0    |    0    |    12   |
|    add   |     in_data2_sum_fu_337     |    0    |    0    |    36   |
|          |           w_fu_357          |    0    |    0    |    12   |
|          |        ret_V_2_fu_367       |    0    |    0    |    36   |
|          |           h_fu_372          |    0    |    0    |    12   |
|----------|-----------------------------|---------|---------|---------|
|          |   exitcond_flatten_fu_286   |    0    |    0    |    9    |
|          |       exitcond1_fu_297      |    0    |    0    |    5    |
|   icmp   |       exitcond_fu_352       |    0    |    0    |    5    |
|          |        notlhs_fu_398        |    0    |    0    |    4    |
|          |        notrhs_fu_404        |    0    |    0    |    9    |
|----------|-----------------------------|---------|---------|---------|
|  select  |  i_op_assign_1_mid2_fu_302  |    0    |    0    |    12   |
|          | ret_V_1_mid2_v_v_v_v_fu_316 |    0    |    0    |    12   |
|----------|-----------------------------|---------|---------|---------|
|          |         bound_fu_442        |    1    |    0    |    0    |
|    mul   |   ret_V_1_mid2_v_v_fu_448   |    1    |    0    |    0    |
|          |     ret_V_1_mid2_fu_453     |    1    |    0    |    0    |
|----------|-----------------------------|---------|---------|---------|
|    or    |         tmp_9_fu_410        |    0    |    0    |    1    |
|----------|-----------------------------|---------|---------|---------|
|    and   |         tmp_2_fu_416        |    0    |    0    |    1    |
|----------|-----------------------------|---------|---------|---------|
|  muladd  |          grp_fu_458         |    1    |    0    |    0    |
|----------|-----------------------------|---------|---------|---------|
|          |    alpha_read_read_fu_102   |    0    |    0    |    0    |
|          |  out_data_read_read_fu_108  |    0    |    0    |    0    |
|          |   in_data_read_read_fu_114  |    0    |    0    |    0    |
|   read   |   width_V_read_read_fu_120  |    0    |    0    |    0    |
|          |  height_V_read_read_fu_126  |    0    |    0    |    0    |
|          |  channel_V_read_read_fu_132 |    0    |    0    |    0    |
|          |  gmem_addr_read_read_fu_144 |    0    |    0    |    0    |
|----------|-----------------------------|---------|---------|---------|
|  readreq |      grp_readreq_fu_138     |    0    |    0    |    0    |
|----------|-----------------------------|---------|---------|---------|
| writeresp|     grp_writeresp_fu_149    |    0    |    0    |    0    |
|          |     grp_writeresp_fu_165    |    0    |    0    |    0    |
|----------|-----------------------------|---------|---------|---------|
|   write  |  StgValue_124_write_fu_156  |    0    |    0    |    0    |
|          |  StgValue_133_write_fu_172  |    0    |    0    |    0    |
|----------|-----------------------------|---------|---------|---------|
|          |          tmp_fu_238         |    0    |    0    |    0    |
|partselect|         tmp_1_fu_252        |    0    |    0    |    0    |
|          |         tmp_7_fu_384        |    0    |    0    |    0    |
|----------|-----------------------------|---------|---------|---------|
|          |       tmp_cast_fu_248       |    0    |    0    |    0    |
|          |      tmp_1_cast_fu_262      |    0    |    0    |    0    |
|          |      rhs_V_cast_fu_266      |    0    |    0    |    0    |
|          |     rhs_V_1_cast_fu_270     |    0    |    0    |    0    |
|          |     rhs_V_2_cast_fu_274     |    0    |    0    |    0    |
|          |         tmp_5_fu_278        |    0    |    0    |    0    |
|          |         cast_fu_282         |    0    |    0    |    0    |
|   zext   |  ret_V_1_mid2_v_v_v_fu_324  |    0    |    0    |    0    |
|          |    ret_V_1_mid2_v_fu_328    |    0    |    0    |    0    |
|          |     lhs_V_2_cast_fu_331     |    0    |    0    |    0    |
|          |      tmp_3_cast_fu_334      |    0    |    0    |    0    |
|          |   in_data2_sum_cast_fu_342  |    0    |    0    |    0    |
|          |     rhs_V_4_cast_fu_363     |    0    |    0    |    0    |
|          |      tmp_4_cast_fu_377      |    0    |    0    |    0    |
|          |  out_data4_sum_cast_fu_422  |    0    |    0    |    0    |
|          |  out_data4_sum6_cast_fu_432 |    0    |    0    |    0    |
|----------|-----------------------------|---------|---------|---------|
|   trunc  |         tmp_3_fu_394        |    0    |    0    |    0    |
|----------|-----------------------------|---------|---------|---------|
|   Total  |                             |    7    |   194   |   785   |
|----------|-----------------------------|---------|---------|---------|

Memories:
N/A

* Register list:
+----------------------------+--------+
|                            |   FF   |
+----------------------------+--------+
|     alpha_read_reg_465     |   32   |
|        bound_reg_510       |   24   |
|     gmem_addr_1_reg_591    |   32   |
|     gmem_addr_2_reg_585    |   32   |
|   gmem_addr_read_reg_568   |   32   |
|      gmem_addr_reg_549     |   32   |
|          h_reg_576         |   12   |
|    height_V_read_reg_475   |   12   |
| i_op_assign_1_mid2_reg_523 |   12   |
|    i_op_assign_1_reg_203   |   12   |
|    i_op_assign_2_reg_214   |   12   |
|     i_op_assign_reg_192    |   12   |
| indvar_flatten_next_reg_518|   24   |
|   indvar_flatten_reg_181   |   24   |
|    ret_V_1_mid2_reg_539    |   36   |
|  ret_V_1_mid2_v_v_reg_534  |   24   |
|ret_V_1_mid2_v_v_v_v_reg_529|   12   |
|       ret_V_1_reg_544      |   36   |
|       ret_V_2_reg_563      |   36   |
|    rhs_V_1_cast_reg_495    |   36   |
|    rhs_V_2_cast_reg_500    |   24   |
|     rhs_V_cast_reg_490     |   24   |
|     tmp_1_cast_reg_485     |   37   |
|        tmp_2_reg_581       |    1   |
|        tmp_5_reg_505       |   32   |
|        tmp_6_reg_597       |   32   |
|      tmp_cast_reg_480      |   37   |
|          w_reg_558         |   12   |
|    width_V_read_reg_470    |   12   |
+----------------------------+--------+
|            Total           |   695  |
+----------------------------+--------+

* Multiplexer (MUX) list: 
|----------------------|------|------|------|--------||---------||---------|
|         Comp         |  Pin | Size |  BW  | S x BW ||  Delay  ||   LUT   |
|----------------------|------|------|------|--------||---------||---------|
| grp_writeresp_fu_149 |  p0  |   2  |   1  |    2   |
| grp_writeresp_fu_165 |  p0  |   2  |   1  |    2   |
|      grp_fu_458      |  p1  |   2  |  12  |   24   ||    3    |
|----------------------|------|------|------|--------||---------||---------|
|         Total        |      |      |      |   28   ||  1.398  ||    3    |
|----------------------|------|------|------|--------||---------||---------|



* Summary:
+-----------+--------+--------+--------+--------+
|           | DSP48E |  Delay |   FF   |   LUT  |
+-----------+--------+--------+--------+--------+
|  Function |    7   |    -   |   194  |   785  |
|   Memory  |    -   |    -   |    -   |    -   |
|Multiplexer|    -   |    1   |    -   |    3   |
|  Register |    -   |    -   |   695  |    -   |
+-----------+--------+--------+--------+--------+
|   Total   |    7   |    1   |   889  |   788  |
+-----------+--------+--------+--------+--------+
