

================================================================
== Vivado HLS Report for 'GELU'
================================================================
* Date:           Fri Oct 25 16:43:43 2024

* Version:        2018.3 (Build 2405991 on Thu Dec 06 23:56:15 MST 2018)
* Project:        Gelu
* Solution:       solution1
* Product family: zynq
* Target device:  xc7z020clg400-2


================================================================
== Performance Estimates
================================================================
+ Timing (ns): 
    * Summary: 
    +--------+-------+----------+------------+
    |  Clock | Target| Estimated| Uncertainty|
    +--------+-------+----------+------------+
    |ap_clk  |  10.00|     9.164|        1.25|
    +--------+-------+----------+------------+

+ Latency (clock cycles): 
    * Summary: 
    +-----+--------------+-----+--------------+---------+
    |       Latency      |      Interval      | Pipeline|
    | min |      max     | min |      max     |   Type  |
    +-----+--------------+-----+--------------+---------+
    |    1|  346374654136|    1|  346374654136|   none  |
    +-----+--------------+-----+--------------+---------+

    + Detail: 
        * Instance: 
        +---------------------------------+----------------------+-----+-----+-----+-----+---------+
        |                                 |                      |  Latency  |  Interval | Pipeline|
        |             Instance            |        Module        | min | max | min | max |   Type  |
        +---------------------------------+----------------------+-----+-----+-----+-----+---------+
        |grp_generic_tanh_float_s_fu_212  |generic_tanh_float_s  |    1|   45|    1|   45|   none  |
        +---------------------------------+----------------------+-----+-----+-----+-----+---------+

        * Loop: 
        +-----------------+-----+--------------+----------------+-----------+-----------+----------+----------+
        |                 |       Latency      |    Iteration   |  Initiation Interval  |   Trip   |          |
        |    Loop Name    | min |      max     |     Latency    |  achieved |   target  |   Count  | Pipelined|
        +-----------------+-----+--------------+----------------+-----------+-----------+----------+----------+
        |- Loop 1         |    0|  346374654135| 2 ~ 1358331977 |          -|          -|  0 ~ 255 |    no    |
        | + Loop 1.1      |    0|    1358331975|   10 ~ 331705  |          -|          -| 0 ~ 4095 |    no    |
        |  ++ Loop 1.1.1  |    0|        331695|     37 ~ 81    |          -|          -| 0 ~ 4095 |    no    |
        +-----------------+-----+--------------+----------------+-----------+-----------+----------+----------+

============================================================
+ Verbose Summary: Synthesis Manager
============================================================
InlineROM: 1
ExposeGlobal: 0
============================================================
+ Verbose Summary: CDFG Model
============================================================
IsTopModel: 1
ResetActiveHigh: 1
IsCombinational: 0
IsDatapathOnly: 0
HasWiredReturn: 1
HasMFsm: 0
HasVarLatency: 1
IsPipeline: 0
IsRtlPipelined: 0
IsInstanceOverlapped: 0
IsDontTouch: 0
HasImplIP: 0
IsGatedGlobalClock: 0


============================================================
+ Verbose Summary: Schedule
============================================================
* Number of FSM states : 47
* Pipeline : 0
* Dataflow Pipeline: 0

* FSM state transitions: 
1 --> 
	2  / true
2 --> 
	3  / (!exitcond2)
3 --> 
	4  / (!exitcond1)
	2  / (exitcond1)
4 --> 
	5  / true
5 --> 
	6  / true
6 --> 
	7  / true
7 --> 
	8  / true
8 --> 
	9  / true
9 --> 
	10  / true
10 --> 
	11  / true
11 --> 
	12  / true
12 --> 
	13  / (!exitcond)
	3  / (exitcond)
13 --> 
	14  / true
14 --> 
	15  / true
15 --> 
	16  / true
16 --> 
	17  / true
17 --> 
	18  / true
18 --> 
	19  / true
19 --> 
	20  / true
20 --> 
	21  / true
21 --> 
	22  / true
22 --> 
	23  / true
23 --> 
	24  / true
24 --> 
	25  / true
25 --> 
	26  / true
26 --> 
	27  / true
27 --> 
	28  / true
28 --> 
	29  / true
29 --> 
	30  / true
30 --> 
	31  / true
31 --> 
	32  / true
32 --> 
	33  / true
33 --> 
	34  / true
34 --> 
	35  / true
35 --> 
	36  / true
36 --> 
	37  / true
37 --> 
	38  / true
38 --> 
	39  / true
39 --> 
	40  / true
40 --> 
	41  / true
41 --> 
	42  / true
42 --> 
	43  / true
43 --> 
	44  / true
44 --> 
	45  / true
45 --> 
	46  / true
46 --> 
	47  / true
47 --> 
	12  / true

* FSM state operations: 

State 1 <SV = 0> <Delay = 1.00>
ST_1 : Operation 48 [1/1] (1.00ns)   --->   "%out_data_read = call i32 @_ssdm_op_Read.s_axilite.i32(i32 %out_data)"   --->   Operation 48 'read' 'out_data_read' <Predicate = true> <Delay = 1.00> <Core = "s_axilite">   --->   Core 10 's_axilite' <Latency = 0> <II = 1> <Delay = 1.00> <Adapter> <Opcode : 'read' 'write'>
ST_1 : Operation 49 [1/1] (1.00ns)   --->   "%in_data_read = call i32 @_ssdm_op_Read.s_axilite.i32(i32 %in_data)"   --->   Operation 49 'read' 'in_data_read' <Predicate = true> <Delay = 1.00> <Core = "s_axilite">   --->   Core 10 's_axilite' <Latency = 0> <II = 1> <Delay = 1.00> <Adapter> <Opcode : 'read' 'write'>
ST_1 : Operation 50 [1/1] (1.00ns)   --->   "%input_depth_V_read = call i8 @_ssdm_op_Read.s_axilite.i8(i8 %input_depth_V)"   --->   Operation 50 'read' 'input_depth_V_read' <Predicate = true> <Delay = 1.00> <Core = "s_axilite">   --->   Core 10 's_axilite' <Latency = 0> <II = 1> <Delay = 1.00> <Adapter> <Opcode : 'read' 'write'>
ST_1 : Operation 51 [1/1] (1.00ns)   --->   "%input_height_V_read = call i12 @_ssdm_op_Read.s_axilite.i12(i12 %input_height_V)"   --->   Operation 51 'read' 'input_height_V_read' <Predicate = true> <Delay = 1.00> <Core = "s_axilite">   --->   Core 10 's_axilite' <Latency = 0> <II = 1> <Delay = 1.00> <Adapter> <Opcode : 'read' 'write'>
ST_1 : Operation 52 [1/1] (1.00ns)   --->   "%input_width_V_read = call i12 @_ssdm_op_Read.s_axilite.i12(i12 %input_width_V)"   --->   Operation 52 'read' 'input_width_V_read' <Predicate = true> <Delay = 1.00> <Core = "s_axilite">   --->   Core 10 's_axilite' <Latency = 0> <II = 1> <Delay = 1.00> <Adapter> <Opcode : 'read' 'write'>
ST_1 : Operation 53 [1/1] (0.00ns)   --->   "%tmp_49 = call i30 @_ssdm_op_PartSelect.i30.i32.i32.i32(i32 %out_data_read, i32 2, i32 31)"   --->   Operation 53 'partselect' 'tmp_49' <Predicate = true> <Delay = 0.00>
ST_1 : Operation 54 [1/1] (0.00ns)   --->   "%tmp_14_cast = zext i30 %tmp_49 to i33"   --->   Operation 54 'zext' 'tmp_14_cast' <Predicate = true> <Delay = 0.00>
ST_1 : Operation 55 [1/1] (0.00ns)   --->   "%tmp_50 = call i30 @_ssdm_op_PartSelect.i30.i32.i32.i32(i32 %in_data_read, i32 2, i32 31)"   --->   Operation 55 'partselect' 'tmp_50' <Predicate = true> <Delay = 0.00>
ST_1 : Operation 56 [1/1] (0.00ns)   --->   "%tmp_15_cast = zext i30 %tmp_50 to i33"   --->   Operation 56 'zext' 'tmp_15_cast' <Predicate = true> <Delay = 0.00>
ST_1 : Operation 57 [1/1] (0.00ns)   --->   "call void (...)* @_ssdm_op_SpecBitsMap(float* %gmem), !map !69"   --->   Operation 57 'specbitsmap' <Predicate = true> <Delay = 0.00>
ST_1 : Operation 58 [1/1] (0.00ns)   --->   "call void (...)* @_ssdm_op_SpecBitsMap(i12 %input_width_V), !map !74"   --->   Operation 58 'specbitsmap' <Predicate = true> <Delay = 0.00>
ST_1 : Operation 59 [1/1] (0.00ns)   --->   "call void (...)* @_ssdm_op_SpecBitsMap(i12 %input_height_V), !map !80"   --->   Operation 59 'specbitsmap' <Predicate = true> <Delay = 0.00>
ST_1 : Operation 60 [1/1] (0.00ns)   --->   "call void (...)* @_ssdm_op_SpecBitsMap(i8 %input_depth_V), !map !84"   --->   Operation 60 'specbitsmap' <Predicate = true> <Delay = 0.00>
ST_1 : Operation 61 [1/1] (0.00ns)   --->   "call void (...)* @_ssdm_op_SpecTopModule([5 x i8]* @GELU_str) nounwind"   --->   Operation 61 'spectopmodule' <Predicate = true> <Delay = 0.00>
ST_1 : Operation 62 [1/1] (0.00ns)   --->   "call void (...)* @_ssdm_op_SpecInterface(float* %gmem, [6 x i8]* @p_str, i32 0, i32 0, [1 x i8]* @p_str1, i32 0, i64 4294967295, [5 x i8]* @p_str2, [6 x i8]* @p_str3, [1 x i8]* @p_str1, i32 16, i32 16, i32 16, i32 16, [1 x i8]* @p_str1, [1 x i8]* @p_str1) nounwind" [../src/Gelu/GELU.cpp:10]   --->   Operation 62 'specinterface' <Predicate = true> <Delay = 0.00>
ST_1 : Operation 63 [1/1] (0.00ns)   --->   "call void (...)* @_ssdm_op_SpecInterface(i32 %in_data, [10 x i8]* @mode, i32 0, i32 0, [1 x i8]* @p_str1, i32 0, i64 4294967295, [1 x i8]* @bundle, [6 x i8]* @p_str3, [1 x i8]* @p_str1, i32 16, i32 16, i32 16, i32 16, [1 x i8]* @p_str1, [1 x i8]* @p_str1) nounwind" [../src/Gelu/GELU.cpp:10]   --->   Operation 63 'specinterface' <Predicate = true> <Delay = 0.00>
ST_1 : Operation 64 [1/1] (0.00ns)   --->   "call void (...)* @_ssdm_op_SpecInterface(i32 %out_data, [10 x i8]* @mode1, i32 0, i32 0, [1 x i8]* @p_str1, i32 0, i64 4294967295, [1 x i8]* @bundle2, [6 x i8]* @p_str3, [1 x i8]* @p_str1, i32 16, i32 16, i32 16, i32 16, [1 x i8]* @p_str1, [1 x i8]* @p_str1) nounwind" [../src/Gelu/GELU.cpp:11]   --->   Operation 64 'specinterface' <Predicate = true> <Delay = 0.00>
ST_1 : Operation 65 [1/1] (0.00ns)   --->   "call void (...)* @_ssdm_op_SpecInterface(i12 %input_width_V, [10 x i8]* @p_str4, i32 0, i32 0, [1 x i8]* @p_str1, i32 0, i32 0, [1 x i8]* @p_str1, [1 x i8]* @p_str1, [1 x i8]* @p_str1, i32 0, i32 0, i32 0, i32 0, [1 x i8]* @p_str1, [1 x i8]* @p_str1) nounwind" [../src/Gelu/GELU.cpp:12]   --->   Operation 65 'specinterface' <Predicate = true> <Delay = 0.00>
ST_1 : Operation 66 [1/1] (0.00ns)   --->   "call void (...)* @_ssdm_op_SpecInterface(i12 %input_height_V, [10 x i8]* @p_str4, i32 0, i32 0, [1 x i8]* @p_str1, i32 0, i32 0, [1 x i8]* @p_str1, [1 x i8]* @p_str1, [1 x i8]* @p_str1, i32 0, i32 0, i32 0, i32 0, [1 x i8]* @p_str1, [1 x i8]* @p_str1) nounwind" [../src/Gelu/GELU.cpp:13]   --->   Operation 66 'specinterface' <Predicate = true> <Delay = 0.00>
ST_1 : Operation 67 [1/1] (0.00ns)   --->   "call void (...)* @_ssdm_op_SpecInterface(i8 %input_depth_V, [10 x i8]* @p_str4, i32 0, i32 0, [1 x i8]* @p_str1, i32 0, i32 0, [1 x i8]* @p_str1, [1 x i8]* @p_str1, [1 x i8]* @p_str1, i32 0, i32 0, i32 0, i32 0, [1 x i8]* @p_str1, [1 x i8]* @p_str1) nounwind" [../src/Gelu/GELU.cpp:14]   --->   Operation 67 'specinterface' <Predicate = true> <Delay = 0.00>
ST_1 : Operation 68 [1/1] (0.00ns)   --->   "call void (...)* @_ssdm_op_SpecInterface(i32 0, [10 x i8]* @p_str4, i32 0, i32 0, [1 x i8]* @p_str1, i32 0, i32 0, [1 x i8]* @p_str1, [1 x i8]* @p_str1, [1 x i8]* @p_str1, i32 0, i32 0, i32 0, i32 0, [1 x i8]* @p_str1, [1 x i8]* @p_str1) nounwind" [../src/Gelu/GELU.cpp:15]   --->   Operation 68 'specinterface' <Predicate = true> <Delay = 0.00>
ST_1 : Operation 69 [1/1] (0.00ns)   --->   "%tmp_3 = zext i12 %input_width_V_read to i32"   --->   Operation 69 'zext' 'tmp_3' <Predicate = true> <Delay = 0.00>
ST_1 : Operation 70 [1/1] (0.00ns)   --->   "%tmp_4_cast4 = zext i12 %input_height_V_read to i20"   --->   Operation 70 'zext' 'tmp_4_cast4' <Predicate = true> <Delay = 0.00>
ST_1 : Operation 71 [1/1] (0.46ns)   --->   "br label %1" [../src/Gelu/GELU.cpp:22]   --->   Operation 71 'br' <Predicate = true> <Delay = 0.46>

State 2 <SV = 1> <Delay = 1.58>
ST_2 : Operation 72 [1/1] (0.00ns)   --->   "%i_op_assign = phi i8 [ 0, %0 ], [ %d, %4 ]"   --->   Operation 72 'phi' 'i_op_assign' <Predicate = true> <Delay = 0.00>
ST_2 : Operation 73 [1/1] (0.00ns)   --->   "%phi_mul = phi i20 [ 0, %0 ], [ %next_mul, %4 ]"   --->   Operation 73 'phi' 'phi_mul' <Predicate = true> <Delay = 0.00>
ST_2 : Operation 74 [1/1] (1.58ns)   --->   "%next_mul = add i20 %phi_mul, %tmp_4_cast4"   --->   Operation 74 'add' 'next_mul' <Predicate = true> <Delay = 1.58> <Core = "AddSub">   --->   Core 14 'AddSub' <Latency = 0> <II = 1> <Delay = 1.89> <FuncUnit> <Opcode : 'add' 'sub'> <InPorts = 2> <OutPorts = 1>
ST_2 : Operation 75 [1/1] (1.31ns)   --->   "%exitcond2 = icmp eq i8 %i_op_assign, %input_depth_V_read" [../src/Gelu/GELU.cpp:22]   --->   Operation 75 'icmp' 'exitcond2' <Predicate = true> <Delay = 1.31> <Core = "Cmp">   --->   Core 25 'Cmp' <Latency = 0> <II = 1> <Delay = 1.82> <FuncUnit> <Opcode : 'icmp'> <InPorts = 2> <OutPorts = 1>
ST_2 : Operation 76 [1/1] (0.00ns)   --->   "%empty = call i32 (...)* @_ssdm_op_SpecLoopTripCount(i64 0, i64 255, i64 0)"   --->   Operation 76 'speclooptripcount' 'empty' <Predicate = true> <Delay = 0.00>
ST_2 : Operation 77 [1/1] (1.30ns)   --->   "%d = add i8 %i_op_assign, 1" [../src/Gelu/GELU.cpp:22]   --->   Operation 77 'add' 'd' <Predicate = true> <Delay = 1.30> <Core = "AddSub">   --->   Core 14 'AddSub' <Latency = 0> <II = 1> <Delay = 1.89> <FuncUnit> <Opcode : 'add' 'sub'> <InPorts = 2> <OutPorts = 1>
ST_2 : Operation 78 [1/1] (0.00ns)   --->   "br i1 %exitcond2, label %5, label %2" [../src/Gelu/GELU.cpp:22]   --->   Operation 78 'br' <Predicate = true> <Delay = 0.00>
ST_2 : Operation 79 [1/1] (0.00ns)   --->   "%tmp_6 = call i32 (...)* @_ssdm_op_SpecRegionBegin([12 x i8]* @p_str5)" [../src/Gelu/GELU.cpp:22]   --->   Operation 79 'specregionbegin' 'tmp_6' <Predicate = (!exitcond2)> <Delay = 0.00>
ST_2 : Operation 80 [1/1] (0.46ns)   --->   "br label %.loopexit" [../src/Gelu/GELU.cpp:24]   --->   Operation 80 'br' <Predicate = (!exitcond2)> <Delay = 0.46>
ST_2 : Operation 81 [1/1] (0.00ns)   --->   "ret void" [../src/Gelu/GELU.cpp:39]   --->   Operation 81 'ret' <Predicate = (exitcond2)> <Delay = 0.00>

State 3 <SV = 2> <Delay = 1.82>
ST_3 : Operation 82 [1/1] (0.00ns)   --->   "%i_op_assign_1 = phi i12 [ 0, %2 ], [ %h, %.loopexit.loopexit ]"   --->   Operation 82 'phi' 'i_op_assign_1' <Predicate = true> <Delay = 0.00>
ST_3 : Operation 83 [1/1] (0.00ns)   --->   "%i_op_assign_1_cast2 = zext i12 %i_op_assign_1 to i20" [../src/Gelu/GELU.cpp:24]   --->   Operation 83 'zext' 'i_op_assign_1_cast2' <Predicate = true> <Delay = 0.00>
ST_3 : Operation 84 [1/1] (1.82ns)   --->   "%exitcond1 = icmp eq i12 %i_op_assign_1, %input_height_V_read" [../src/Gelu/GELU.cpp:24]   --->   Operation 84 'icmp' 'exitcond1' <Predicate = true> <Delay = 1.82> <Core = "Cmp">   --->   Core 25 'Cmp' <Latency = 0> <II = 1> <Delay = 1.82> <FuncUnit> <Opcode : 'icmp'> <InPorts = 2> <OutPorts = 1>
ST_3 : Operation 85 [1/1] (0.00ns)   --->   "%empty_127 = call i32 (...)* @_ssdm_op_SpecLoopTripCount(i64 0, i64 4095, i64 0)"   --->   Operation 85 'speclooptripcount' 'empty_127' <Predicate = true> <Delay = 0.00>
ST_3 : Operation 86 [1/1] (1.54ns)   --->   "%h = add i12 %i_op_assign_1, 1" [../src/Gelu/GELU.cpp:24]   --->   Operation 86 'add' 'h' <Predicate = true> <Delay = 1.54> <Core = "AddSub">   --->   Core 14 'AddSub' <Latency = 0> <II = 1> <Delay = 1.89> <FuncUnit> <Opcode : 'add' 'sub'> <InPorts = 2> <OutPorts = 1>
ST_3 : Operation 87 [1/1] (0.00ns)   --->   "br i1 %exitcond1, label %4, label %.preheader.preheader" [../src/Gelu/GELU.cpp:24]   --->   Operation 87 'br' <Predicate = true> <Delay = 0.00>
ST_3 : Operation 88 [1/1] (1.58ns)   --->   "%tmp = add i20 %i_op_assign_1_cast2, %phi_mul" [../src/Gelu/GELU.cpp:24]   --->   Operation 88 'add' 'tmp' <Predicate = (!exitcond1)> <Delay = 1.58> <Core = "AddSub">   --->   Core 14 'AddSub' <Latency = 0> <II = 1> <Delay = 1.89> <FuncUnit> <Opcode : 'add' 'sub'> <InPorts = 2> <OutPorts = 1>
ST_3 : Operation 89 [1/1] (0.00ns)   --->   "%empty_129 = call i32 (...)* @_ssdm_op_SpecRegionEnd([12 x i8]* @p_str5, i32 %tmp_6)" [../src/Gelu/GELU.cpp:38]   --->   Operation 89 'specregionend' 'empty_129' <Predicate = (exitcond1)> <Delay = 0.00>
ST_3 : Operation 90 [1/1] (0.00ns)   --->   "br label %1" [../src/Gelu/GELU.cpp:22]   --->   Operation 90 'br' <Predicate = (exitcond1)> <Delay = 0.00>

State 4 <SV = 3> <Delay = 7.44>
ST_4 : Operation 91 [1/1] (0.00ns)   --->   "%tmp_cast = zext i20 %tmp to i32" [../src/Gelu/GELU.cpp:24]   --->   Operation 91 'zext' 'tmp_cast' <Predicate = true> <Delay = 0.00>
ST_4 : Operation 92 [1/1] (5.55ns) (root node of the DSP)   --->   "%tmp1 = mul i32 %tmp_3, %tmp_cast" [../src/Gelu/GELU.cpp:24]   --->   Operation 92 'mul' 'tmp1' <Predicate = true> <Delay = 5.55> <Core = "DSP48">   --->   Core 65 'DSP48' <Latency = 0> <II = 1> <Delay = 5.55> <IPBlock> <Opcode : 'mul' 'add' 'sub' 'select'> <InPorts = 0> <OutPorts = 1> <Sync> <CReg>
ST_4 : Operation 93 [1/1] (0.00ns)   --->   "%tmp_44_cast = sext i32 %tmp1 to i33" [../src/Gelu/GELU.cpp:31]   --->   Operation 93 'sext' 'tmp_44_cast' <Predicate = true> <Delay = 0.00>
ST_4 : Operation 94 [1/1] (1.89ns)   --->   "%in_data2_sum = add i33 %tmp_44_cast, %tmp_15_cast" [../src/Gelu/GELU.cpp:31]   --->   Operation 94 'add' 'in_data2_sum' <Predicate = true> <Delay = 1.89> <Core = "AddSub">   --->   Core 14 'AddSub' <Latency = 0> <II = 1> <Delay = 1.89> <FuncUnit> <Opcode : 'add' 'sub'> <InPorts = 2> <OutPorts = 1>
ST_4 : Operation 95 [1/1] (0.00ns)   --->   "%in_data2_sum_cast = sext i33 %in_data2_sum to i64" [../src/Gelu/GELU.cpp:31]   --->   Operation 95 'sext' 'in_data2_sum_cast' <Predicate = true> <Delay = 0.00>
ST_4 : Operation 96 [1/1] (0.00ns)   --->   "%gmem_addr = getelementptr inbounds float* %gmem, i64 %in_data2_sum_cast" [../src/Gelu/GELU.cpp:31]   --->   Operation 96 'getelementptr' 'gmem_addr' <Predicate = true> <Delay = 0.00>

State 5 <SV = 4> <Delay = 8.75>
ST_5 : Operation 97 [7/7] (8.75ns)   --->   "%gmem_addr_rd_req = call i1 @_ssdm_op_ReadReq.m_axi.floatP(float* %gmem_addr, i32 %tmp_3)" [../src/Gelu/GELU.cpp:31]   --->   Operation 97 'readreq' 'gmem_addr_rd_req' <Predicate = true> <Delay = 8.75> <Core = "m_axi">   --->   Core 9 'm_axi' <Latency = 6> <II = 1> <Delay = 1.00> <Adapter> <Opcode : 'read' 'write' 'readreq' 'writereq' 'writeresp'>

State 6 <SV = 5> <Delay = 8.75>
ST_6 : Operation 98 [6/7] (8.75ns)   --->   "%gmem_addr_rd_req = call i1 @_ssdm_op_ReadReq.m_axi.floatP(float* %gmem_addr, i32 %tmp_3)" [../src/Gelu/GELU.cpp:31]   --->   Operation 98 'readreq' 'gmem_addr_rd_req' <Predicate = true> <Delay = 8.75> <Core = "m_axi">   --->   Core 9 'm_axi' <Latency = 6> <II = 1> <Delay = 1.00> <Adapter> <Opcode : 'read' 'write' 'readreq' 'writereq' 'writeresp'>

State 7 <SV = 6> <Delay = 8.75>
ST_7 : Operation 99 [5/7] (8.75ns)   --->   "%gmem_addr_rd_req = call i1 @_ssdm_op_ReadReq.m_axi.floatP(float* %gmem_addr, i32 %tmp_3)" [../src/Gelu/GELU.cpp:31]   --->   Operation 99 'readreq' 'gmem_addr_rd_req' <Predicate = true> <Delay = 8.75> <Core = "m_axi">   --->   Core 9 'm_axi' <Latency = 6> <II = 1> <Delay = 1.00> <Adapter> <Opcode : 'read' 'write' 'readreq' 'writereq' 'writeresp'>

State 8 <SV = 7> <Delay = 8.75>
ST_8 : Operation 100 [4/7] (8.75ns)   --->   "%gmem_addr_rd_req = call i1 @_ssdm_op_ReadReq.m_axi.floatP(float* %gmem_addr, i32 %tmp_3)" [../src/Gelu/GELU.cpp:31]   --->   Operation 100 'readreq' 'gmem_addr_rd_req' <Predicate = true> <Delay = 8.75> <Core = "m_axi">   --->   Core 9 'm_axi' <Latency = 6> <II = 1> <Delay = 1.00> <Adapter> <Opcode : 'read' 'write' 'readreq' 'writereq' 'writeresp'>

State 9 <SV = 8> <Delay = 8.75>
ST_9 : Operation 101 [3/7] (8.75ns)   --->   "%gmem_addr_rd_req = call i1 @_ssdm_op_ReadReq.m_axi.floatP(float* %gmem_addr, i32 %tmp_3)" [../src/Gelu/GELU.cpp:31]   --->   Operation 101 'readreq' 'gmem_addr_rd_req' <Predicate = true> <Delay = 8.75> <Core = "m_axi">   --->   Core 9 'm_axi' <Latency = 6> <II = 1> <Delay = 1.00> <Adapter> <Opcode : 'read' 'write' 'readreq' 'writereq' 'writeresp'>

State 10 <SV = 9> <Delay = 8.75>
ST_10 : Operation 102 [2/7] (8.75ns)   --->   "%gmem_addr_rd_req = call i1 @_ssdm_op_ReadReq.m_axi.floatP(float* %gmem_addr, i32 %tmp_3)" [../src/Gelu/GELU.cpp:31]   --->   Operation 102 'readreq' 'gmem_addr_rd_req' <Predicate = true> <Delay = 8.75> <Core = "m_axi">   --->   Core 9 'm_axi' <Latency = 6> <II = 1> <Delay = 1.00> <Adapter> <Opcode : 'read' 'write' 'readreq' 'writereq' 'writeresp'>

State 11 <SV = 10> <Delay = 8.75>
ST_11 : Operation 103 [1/7] (8.75ns)   --->   "%gmem_addr_rd_req = call i1 @_ssdm_op_ReadReq.m_axi.floatP(float* %gmem_addr, i32 %tmp_3)" [../src/Gelu/GELU.cpp:31]   --->   Operation 103 'readreq' 'gmem_addr_rd_req' <Predicate = true> <Delay = 8.75> <Core = "m_axi">   --->   Core 9 'm_axi' <Latency = 6> <II = 1> <Delay = 1.00> <Adapter> <Opcode : 'read' 'write' 'readreq' 'writereq' 'writeresp'>
ST_11 : Operation 104 [1/1] (0.46ns)   --->   "br label %.preheader" [../src/Gelu/GELU.cpp:26]   --->   Operation 104 'br' <Predicate = true> <Delay = 0.46>

State 12 <SV = 11> <Delay = 8.75>
ST_12 : Operation 105 [1/1] (0.00ns)   --->   "%i_op_assign_2 = phi i12 [ %w, %3 ], [ 0, %.preheader.preheader ]"   --->   Operation 105 'phi' 'i_op_assign_2' <Predicate = true> <Delay = 0.00>
ST_12 : Operation 106 [1/1] (0.00ns)   --->   "%i_op_assign_2_cast1 = zext i12 %i_op_assign_2 to i32" [../src/Gelu/GELU.cpp:26]   --->   Operation 106 'zext' 'i_op_assign_2_cast1' <Predicate = true> <Delay = 0.00>
ST_12 : Operation 107 [1/1] (1.82ns)   --->   "%exitcond = icmp eq i12 %i_op_assign_2, %input_width_V_read" [../src/Gelu/GELU.cpp:26]   --->   Operation 107 'icmp' 'exitcond' <Predicate = true> <Delay = 1.82> <Core = "Cmp">   --->   Core 25 'Cmp' <Latency = 0> <II = 1> <Delay = 1.82> <FuncUnit> <Opcode : 'icmp'> <InPorts = 2> <OutPorts = 1>
ST_12 : Operation 108 [1/1] (0.00ns)   --->   "%empty_128 = call i32 (...)* @_ssdm_op_SpecLoopTripCount(i64 0, i64 4095, i64 0)"   --->   Operation 108 'speclooptripcount' 'empty_128' <Predicate = true> <Delay = 0.00>
ST_12 : Operation 109 [1/1] (1.54ns)   --->   "%w = add i12 %i_op_assign_2, 1" [../src/Gelu/GELU.cpp:26]   --->   Operation 109 'add' 'w' <Predicate = true> <Delay = 1.54> <Core = "AddSub">   --->   Core 14 'AddSub' <Latency = 0> <II = 1> <Delay = 1.89> <FuncUnit> <Opcode : 'add' 'sub'> <InPorts = 2> <OutPorts = 1>
ST_12 : Operation 110 [1/1] (0.00ns)   --->   "br i1 %exitcond, label %.loopexit.loopexit, label %3" [../src/Gelu/GELU.cpp:26]   --->   Operation 110 'br' <Predicate = true> <Delay = 0.00>
ST_12 : Operation 111 [1/1] (1.89ns)   --->   "%index = add i32 %i_op_assign_2_cast1, %tmp1" [../src/Gelu/GELU.cpp:28]   --->   Operation 111 'add' 'index' <Predicate = (!exitcond)> <Delay = 1.89> <Core = "AddSub">   --->   Core 14 'AddSub' <Latency = 0> <II = 1> <Delay = 1.89> <FuncUnit> <Opcode : 'add' 'sub'> <InPorts = 2> <OutPorts = 1>
ST_12 : Operation 112 [1/1] (0.00ns)   --->   "%tmp_34_cast = sext i32 %index to i33" [../src/Gelu/GELU.cpp:31]   --->   Operation 112 'sext' 'tmp_34_cast' <Predicate = (!exitcond)> <Delay = 0.00>
ST_12 : Operation 113 [1/1] (8.75ns)   --->   "%x = call float @_ssdm_op_Read.m_axi.floatP(float* %gmem_addr)" [../src/Gelu/GELU.cpp:31]   --->   Operation 113 'read' 'x' <Predicate = (!exitcond)> <Delay = 8.75> <Core = "m_axi">   --->   Core 9 'm_axi' <Latency = 6> <II = 1> <Delay = 1.00> <Adapter> <Opcode : 'read' 'write' 'readreq' 'writereq' 'writeresp'>
ST_12 : Operation 114 [1/1] (1.89ns)   --->   "%out_data4_sum6 = add i33 %tmp_34_cast, %tmp_14_cast" [../src/Gelu/GELU.cpp:35]   --->   Operation 114 'add' 'out_data4_sum6' <Predicate = (!exitcond)> <Delay = 1.89> <Core = "AddSub">   --->   Core 14 'AddSub' <Latency = 0> <II = 1> <Delay = 1.89> <FuncUnit> <Opcode : 'add' 'sub'> <InPorts = 2> <OutPorts = 1>
ST_12 : Operation 115 [1/1] (0.00ns)   --->   "%out_data4_sum6_cast = sext i33 %out_data4_sum6 to i64" [../src/Gelu/GELU.cpp:35]   --->   Operation 115 'sext' 'out_data4_sum6_cast' <Predicate = (!exitcond)> <Delay = 0.00>
ST_12 : Operation 116 [1/1] (0.00ns)   --->   "%gmem_addr_1 = getelementptr inbounds float* %gmem, i64 %out_data4_sum6_cast" [../src/Gelu/GELU.cpp:35]   --->   Operation 116 'getelementptr' 'gmem_addr_1' <Predicate = (!exitcond)> <Delay = 0.00>
ST_12 : Operation 117 [1/1] (0.00ns)   --->   "br label %.loopexit"   --->   Operation 117 'br' <Predicate = (exitcond)> <Delay = 0.00>

State 13 <SV = 12> <Delay = 8.43>
ST_13 : Operation 118 [3/3] (8.43ns)   --->   "%tmp_35 = fmul float %x, %x" [../src/Gelu/GELU.cpp:32]   --->   Operation 118 'fmul' 'tmp_35' <Predicate = true> <Delay = 8.43> <Core = "FMul">   --->   Core 105 'FMul' <Latency = 2> <II = 1> <Delay = 8.43> <FuncUnit> <Opcode : 'fmul'> <InPorts = 2> <OutPorts = 1>

State 14 <SV = 13> <Delay = 8.43>
ST_14 : Operation 119 [2/3] (8.43ns)   --->   "%tmp_35 = fmul float %x, %x" [../src/Gelu/GELU.cpp:32]   --->   Operation 119 'fmul' 'tmp_35' <Predicate = true> <Delay = 8.43> <Core = "FMul">   --->   Core 105 'FMul' <Latency = 2> <II = 1> <Delay = 8.43> <FuncUnit> <Opcode : 'fmul'> <InPorts = 2> <OutPorts = 1>

State 15 <SV = 14> <Delay = 8.43>
ST_15 : Operation 120 [1/3] (8.43ns)   --->   "%tmp_35 = fmul float %x, %x" [../src/Gelu/GELU.cpp:32]   --->   Operation 120 'fmul' 'tmp_35' <Predicate = true> <Delay = 8.43> <Core = "FMul">   --->   Core 105 'FMul' <Latency = 2> <II = 1> <Delay = 8.43> <FuncUnit> <Opcode : 'fmul'> <InPorts = 2> <OutPorts = 1>

State 16 <SV = 15> <Delay = 8.43>
ST_16 : Operation 121 [3/3] (8.43ns)   --->   "%x_cube = fmul float %tmp_35, %x" [../src/Gelu/GELU.cpp:32]   --->   Operation 121 'fmul' 'x_cube' <Predicate = true> <Delay = 8.43> <Core = "FMul">   --->   Core 105 'FMul' <Latency = 2> <II = 1> <Delay = 8.43> <FuncUnit> <Opcode : 'fmul'> <InPorts = 2> <OutPorts = 1>

State 17 <SV = 16> <Delay = 8.43>
ST_17 : Operation 122 [2/3] (8.43ns)   --->   "%x_cube = fmul float %tmp_35, %x" [../src/Gelu/GELU.cpp:32]   --->   Operation 122 'fmul' 'x_cube' <Predicate = true> <Delay = 8.43> <Core = "FMul">   --->   Core 105 'FMul' <Latency = 2> <II = 1> <Delay = 8.43> <FuncUnit> <Opcode : 'fmul'> <InPorts = 2> <OutPorts = 1>

State 18 <SV = 17> <Delay = 8.43>
ST_18 : Operation 123 [1/3] (8.43ns)   --->   "%x_cube = fmul float %tmp_35, %x" [../src/Gelu/GELU.cpp:32]   --->   Operation 123 'fmul' 'x_cube' <Predicate = true> <Delay = 8.43> <Core = "FMul">   --->   Core 105 'FMul' <Latency = 2> <II = 1> <Delay = 8.43> <FuncUnit> <Opcode : 'fmul'> <InPorts = 2> <OutPorts = 1>

State 19 <SV = 18> <Delay = 8.43>
ST_19 : Operation 124 [3/3] (8.43ns)   --->   "%tmp_36 = fmul float %x_cube, 0x3FA6E4E260000000" [../src/Gelu/GELU.cpp:33]   --->   Operation 124 'fmul' 'tmp_36' <Predicate = true> <Delay = 8.43> <Core = "FMul">   --->   Core 105 'FMul' <Latency = 2> <II = 1> <Delay = 8.43> <FuncUnit> <Opcode : 'fmul'> <InPorts = 2> <OutPorts = 1>

State 20 <SV = 19> <Delay = 8.43>
ST_20 : Operation 125 [2/3] (8.43ns)   --->   "%tmp_36 = fmul float %x_cube, 0x3FA6E4E260000000" [../src/Gelu/GELU.cpp:33]   --->   Operation 125 'fmul' 'tmp_36' <Predicate = true> <Delay = 8.43> <Core = "FMul">   --->   Core 105 'FMul' <Latency = 2> <II = 1> <Delay = 8.43> <FuncUnit> <Opcode : 'fmul'> <InPorts = 2> <OutPorts = 1>

State 21 <SV = 20> <Delay = 8.43>
ST_21 : Operation 126 [1/3] (8.43ns)   --->   "%tmp_36 = fmul float %x_cube, 0x3FA6E4E260000000" [../src/Gelu/GELU.cpp:33]   --->   Operation 126 'fmul' 'tmp_36' <Predicate = true> <Delay = 8.43> <Core = "FMul">   --->   Core 105 'FMul' <Latency = 2> <II = 1> <Delay = 8.43> <FuncUnit> <Opcode : 'fmul'> <InPorts = 2> <OutPorts = 1>

State 22 <SV = 21> <Delay = 8.58>
ST_22 : Operation 127 [4/4] (8.58ns)   --->   "%tmp_s = fadd float %x, %tmp_36" [../src/Gelu/GELU.cpp:33]   --->   Operation 127 'fadd' 'tmp_s' <Predicate = true> <Delay = 8.58> <Core = "FAddSub">   --->   Core 104 'FAddSub' <Latency = 3> <II = 1> <Delay = 8.58> <FuncUnit> <Opcode : 'fadd' 'fsub'> <InPorts = 2> <OutPorts = 1>

State 23 <SV = 22> <Delay = 8.58>
ST_23 : Operation 128 [3/4] (8.58ns)   --->   "%tmp_s = fadd float %x, %tmp_36" [../src/Gelu/GELU.cpp:33]   --->   Operation 128 'fadd' 'tmp_s' <Predicate = true> <Delay = 8.58> <Core = "FAddSub">   --->   Core 104 'FAddSub' <Latency = 3> <II = 1> <Delay = 8.58> <FuncUnit> <Opcode : 'fadd' 'fsub'> <InPorts = 2> <OutPorts = 1>

State 24 <SV = 23> <Delay = 8.58>
ST_24 : Operation 129 [2/4] (8.58ns)   --->   "%tmp_s = fadd float %x, %tmp_36" [../src/Gelu/GELU.cpp:33]   --->   Operation 129 'fadd' 'tmp_s' <Predicate = true> <Delay = 8.58> <Core = "FAddSub">   --->   Core 104 'FAddSub' <Latency = 3> <II = 1> <Delay = 8.58> <FuncUnit> <Opcode : 'fadd' 'fsub'> <InPorts = 2> <OutPorts = 1>

State 25 <SV = 24> <Delay = 8.58>
ST_25 : Operation 130 [1/4] (8.58ns)   --->   "%tmp_s = fadd float %x, %tmp_36" [../src/Gelu/GELU.cpp:33]   --->   Operation 130 'fadd' 'tmp_s' <Predicate = true> <Delay = 8.58> <Core = "FAddSub">   --->   Core 104 'FAddSub' <Latency = 3> <II = 1> <Delay = 8.58> <FuncUnit> <Opcode : 'fadd' 'fsub'> <InPorts = 2> <OutPorts = 1>

State 26 <SV = 25> <Delay = 8.43>
ST_26 : Operation 131 [3/3] (8.43ns)   --->   "%tanh_arg = fmul float %tmp_s, 0x3FE9884540000000" [../src/Gelu/GELU.cpp:33]   --->   Operation 131 'fmul' 'tanh_arg' <Predicate = true> <Delay = 8.43> <Core = "FMul">   --->   Core 105 'FMul' <Latency = 2> <II = 1> <Delay = 8.43> <FuncUnit> <Opcode : 'fmul'> <InPorts = 2> <OutPorts = 1>

State 27 <SV = 26> <Delay = 8.43>
ST_27 : Operation 132 [2/3] (8.43ns)   --->   "%tanh_arg = fmul float %tmp_s, 0x3FE9884540000000" [../src/Gelu/GELU.cpp:33]   --->   Operation 132 'fmul' 'tanh_arg' <Predicate = true> <Delay = 8.43> <Core = "FMul">   --->   Core 105 'FMul' <Latency = 2> <II = 1> <Delay = 8.43> <FuncUnit> <Opcode : 'fmul'> <InPorts = 2> <OutPorts = 1>

State 28 <SV = 27> <Delay = 8.43>
ST_28 : Operation 133 [1/3] (8.43ns)   --->   "%tanh_arg = fmul float %tmp_s, 0x3FE9884540000000" [../src/Gelu/GELU.cpp:33]   --->   Operation 133 'fmul' 'tanh_arg' <Predicate = true> <Delay = 8.43> <Core = "FMul">   --->   Core 105 'FMul' <Latency = 2> <II = 1> <Delay = 8.43> <FuncUnit> <Opcode : 'fmul'> <InPorts = 2> <OutPorts = 1>

State 29 <SV = 28> <Delay = 8.58>
ST_29 : Operation 134 [2/2] (8.58ns)   --->   "%tanh_val = call fastcc float @"generic_tanh<float>"(float %tanh_arg) nounwind" [r:/builds/2018.3/continuous/2018_12_06_2405991/src/products/hls/hls_lib/hlsmath/src/c/tanhfloat.cpp:7->D:/software/Xilinx/Vivado/2018.3/win64/tools/clang/bin\..\lib\clang\3.1/../../../include/c++/4.5.2\cmath:466->../src/Gelu/GELU.cpp:34]   --->   Operation 134 'call' 'tanh_val' <Predicate = true> <Delay = 8.58> <CoreType = "Generic">   --->   Core 0 '' <Latency = 0> <II = 1> <Delay = 1.00> <Generic> <Opcode : >

State 30 <SV = 29> <Delay = 3.94>
ST_30 : Operation 135 [1/2] (2.29ns)   --->   "%tanh_val = call fastcc float @"generic_tanh<float>"(float %tanh_arg) nounwind" [r:/builds/2018.3/continuous/2018_12_06_2405991/src/products/hls/hls_lib/hlsmath/src/c/tanhfloat.cpp:7->D:/software/Xilinx/Vivado/2018.3/win64/tools/clang/bin\..\lib\clang\3.1/../../../include/c++/4.5.2\cmath:466->../src/Gelu/GELU.cpp:34]   --->   Operation 135 'call' 'tanh_val' <Predicate = true> <Delay = 2.29> <CoreType = "Generic">   --->   Core 0 '' <Latency = 0> <II = 1> <Delay = 1.00> <Generic> <Opcode : >
ST_30 : Operation 136 [1/1] (3.94ns)   --->   "%tmp_37 = fpext float %x to double" [../src/Gelu/GELU.cpp:35]   --->   Operation 136 'fpext' 'tmp_37' <Predicate = true> <Delay = 3.94> <Core = "Float2Double">   --->   Core 113 'Float2Double' <Latency = 0> <II = 1> <Delay = 3.94> <FuncUnit> <Opcode : 'fpext'> <InPorts = 1> <OutPorts = 1>

State 31 <SV = 30> <Delay = 8.58>
ST_31 : Operation 137 [5/5] (8.41ns)   --->   "%tmp_38 = fmul double %tmp_37, 5.000000e-01" [../src/Gelu/GELU.cpp:35]   --->   Operation 137 'dmul' 'tmp_38' <Predicate = true> <Delay = 8.41> <Core = "DMul">   --->   Core 115 'DMul' <Latency = 4> <II = 1> <Delay = 8.41> <FuncUnit> <Opcode : 'dmul'> <InPorts = 2> <OutPorts = 1>
ST_31 : Operation 138 [4/4] (8.58ns)   --->   "%tmp_39 = fadd float %tanh_val, 1.000000e+00" [../src/Gelu/GELU.cpp:35]   --->   Operation 138 'fadd' 'tmp_39' <Predicate = true> <Delay = 8.58> <Core = "FAddSub">   --->   Core 104 'FAddSub' <Latency = 3> <II = 1> <Delay = 8.58> <FuncUnit> <Opcode : 'fadd' 'fsub'> <InPorts = 2> <OutPorts = 1>

State 32 <SV = 31> <Delay = 8.58>
ST_32 : Operation 139 [4/5] (8.41ns)   --->   "%tmp_38 = fmul double %tmp_37, 5.000000e-01" [../src/Gelu/GELU.cpp:35]   --->   Operation 139 'dmul' 'tmp_38' <Predicate = true> <Delay = 8.41> <Core = "DMul">   --->   Core 115 'DMul' <Latency = 4> <II = 1> <Delay = 8.41> <FuncUnit> <Opcode : 'dmul'> <InPorts = 2> <OutPorts = 1>
ST_32 : Operation 140 [3/4] (8.58ns)   --->   "%tmp_39 = fadd float %tanh_val, 1.000000e+00" [../src/Gelu/GELU.cpp:35]   --->   Operation 140 'fadd' 'tmp_39' <Predicate = true> <Delay = 8.58> <Core = "FAddSub">   --->   Core 104 'FAddSub' <Latency = 3> <II = 1> <Delay = 8.58> <FuncUnit> <Opcode : 'fadd' 'fsub'> <InPorts = 2> <OutPorts = 1>

State 33 <SV = 32> <Delay = 8.58>
ST_33 : Operation 141 [3/5] (8.41ns)   --->   "%tmp_38 = fmul double %tmp_37, 5.000000e-01" [../src/Gelu/GELU.cpp:35]   --->   Operation 141 'dmul' 'tmp_38' <Predicate = true> <Delay = 8.41> <Core = "DMul">   --->   Core 115 'DMul' <Latency = 4> <II = 1> <Delay = 8.41> <FuncUnit> <Opcode : 'dmul'> <InPorts = 2> <OutPorts = 1>
ST_33 : Operation 142 [2/4] (8.58ns)   --->   "%tmp_39 = fadd float %tanh_val, 1.000000e+00" [../src/Gelu/GELU.cpp:35]   --->   Operation 142 'fadd' 'tmp_39' <Predicate = true> <Delay = 8.58> <Core = "FAddSub">   --->   Core 104 'FAddSub' <Latency = 3> <II = 1> <Delay = 8.58> <FuncUnit> <Opcode : 'fadd' 'fsub'> <InPorts = 2> <OutPorts = 1>

State 34 <SV = 33> <Delay = 8.58>
ST_34 : Operation 143 [2/5] (8.41ns)   --->   "%tmp_38 = fmul double %tmp_37, 5.000000e-01" [../src/Gelu/GELU.cpp:35]   --->   Operation 143 'dmul' 'tmp_38' <Predicate = true> <Delay = 8.41> <Core = "DMul">   --->   Core 115 'DMul' <Latency = 4> <II = 1> <Delay = 8.41> <FuncUnit> <Opcode : 'dmul'> <InPorts = 2> <OutPorts = 1>
ST_34 : Operation 144 [1/4] (8.58ns)   --->   "%tmp_39 = fadd float %tanh_val, 1.000000e+00" [../src/Gelu/GELU.cpp:35]   --->   Operation 144 'fadd' 'tmp_39' <Predicate = true> <Delay = 8.58> <Core = "FAddSub">   --->   Core 104 'FAddSub' <Latency = 3> <II = 1> <Delay = 8.58> <FuncUnit> <Opcode : 'fadd' 'fsub'> <InPorts = 2> <OutPorts = 1>

State 35 <SV = 34> <Delay = 8.41>
ST_35 : Operation 145 [1/5] (8.41ns)   --->   "%tmp_38 = fmul double %tmp_37, 5.000000e-01" [../src/Gelu/GELU.cpp:35]   --->   Operation 145 'dmul' 'tmp_38' <Predicate = true> <Delay = 8.41> <Core = "DMul">   --->   Core 115 'DMul' <Latency = 4> <II = 1> <Delay = 8.41> <FuncUnit> <Opcode : 'dmul'> <InPorts = 2> <OutPorts = 1>
ST_35 : Operation 146 [1/1] (3.94ns)   --->   "%tmp_40 = fpext float %tmp_39 to double" [../src/Gelu/GELU.cpp:35]   --->   Operation 146 'fpext' 'tmp_40' <Predicate = true> <Delay = 3.94> <Core = "Float2Double">   --->   Core 113 'Float2Double' <Latency = 0> <II = 1> <Delay = 3.94> <FuncUnit> <Opcode : 'fpext'> <InPorts = 1> <OutPorts = 1>

State 36 <SV = 35> <Delay = 8.41>
ST_36 : Operation 147 [5/5] (8.41ns)   --->   "%tmp_41 = fmul double %tmp_38, %tmp_40" [../src/Gelu/GELU.cpp:35]   --->   Operation 147 'dmul' 'tmp_41' <Predicate = true> <Delay = 8.41> <Core = "DMul">   --->   Core 115 'DMul' <Latency = 4> <II = 1> <Delay = 8.41> <FuncUnit> <Opcode : 'dmul'> <InPorts = 2> <OutPorts = 1>

State 37 <SV = 36> <Delay = 8.41>
ST_37 : Operation 148 [4/5] (8.41ns)   --->   "%tmp_41 = fmul double %tmp_38, %tmp_40" [../src/Gelu/GELU.cpp:35]   --->   Operation 148 'dmul' 'tmp_41' <Predicate = true> <Delay = 8.41> <Core = "DMul">   --->   Core 115 'DMul' <Latency = 4> <II = 1> <Delay = 8.41> <FuncUnit> <Opcode : 'dmul'> <InPorts = 2> <OutPorts = 1>

State 38 <SV = 37> <Delay = 8.41>
ST_38 : Operation 149 [3/5] (8.41ns)   --->   "%tmp_41 = fmul double %tmp_38, %tmp_40" [../src/Gelu/GELU.cpp:35]   --->   Operation 149 'dmul' 'tmp_41' <Predicate = true> <Delay = 8.41> <Core = "DMul">   --->   Core 115 'DMul' <Latency = 4> <II = 1> <Delay = 8.41> <FuncUnit> <Opcode : 'dmul'> <InPorts = 2> <OutPorts = 1>

State 39 <SV = 38> <Delay = 8.41>
ST_39 : Operation 150 [2/5] (8.41ns)   --->   "%tmp_41 = fmul double %tmp_38, %tmp_40" [../src/Gelu/GELU.cpp:35]   --->   Operation 150 'dmul' 'tmp_41' <Predicate = true> <Delay = 8.41> <Core = "DMul">   --->   Core 115 'DMul' <Latency = 4> <II = 1> <Delay = 8.41> <FuncUnit> <Opcode : 'dmul'> <InPorts = 2> <OutPorts = 1>

State 40 <SV = 39> <Delay = 8.41>
ST_40 : Operation 151 [1/5] (8.41ns)   --->   "%tmp_41 = fmul double %tmp_38, %tmp_40" [../src/Gelu/GELU.cpp:35]   --->   Operation 151 'dmul' 'tmp_41' <Predicate = true> <Delay = 8.41> <Core = "DMul">   --->   Core 115 'DMul' <Latency = 4> <II = 1> <Delay = 8.41> <FuncUnit> <Opcode : 'dmul'> <InPorts = 2> <OutPorts = 1>

State 41 <SV = 40> <Delay = 8.75>
ST_41 : Operation 152 [1/1] (5.43ns)   --->   "%tmp_42 = fptrunc double %tmp_41 to float" [../src/Gelu/GELU.cpp:35]   --->   Operation 152 'fptrunc' 'tmp_42' <Predicate = true> <Delay = 5.43> <Core = "Double2Float">   --->   Core 122 'Double2Float' <Latency = 0> <II = 1> <Delay = 5.43> <FuncUnit> <Opcode : 'fptrunc'> <InPorts = 1> <OutPorts = 1>
ST_41 : Operation 153 [1/1] (8.75ns)   --->   "%gmem_addr_3_req = call i1 @_ssdm_op_WriteReq.m_axi.floatP(float* %gmem_addr_1, i32 1)" [../src/Gelu/GELU.cpp:35]   --->   Operation 153 'writereq' 'gmem_addr_3_req' <Predicate = true> <Delay = 8.75> <Core = "m_axi">   --->   Core 9 'm_axi' <Latency = 6> <II = 1> <Delay = 1.00> <Adapter> <Opcode : 'read' 'write' 'readreq' 'writereq' 'writeresp'>

State 42 <SV = 41> <Delay = 8.75>
ST_42 : Operation 154 [1/1] (8.75ns)   --->   "call void @_ssdm_op_Write.m_axi.floatP(float* %gmem_addr_1, float %tmp_42, i4 -1)" [../src/Gelu/GELU.cpp:35]   --->   Operation 154 'write' <Predicate = true> <Delay = 8.75> <Core = "m_axi">   --->   Core 9 'm_axi' <Latency = 6> <II = 1> <Delay = 1.00> <Adapter> <Opcode : 'read' 'write' 'readreq' 'writereq' 'writeresp'>

State 43 <SV = 42> <Delay = 8.75>
ST_43 : Operation 155 [5/5] (8.75ns)   --->   "%gmem_addr_3_resp = call i1 @_ssdm_op_WriteResp.m_axi.floatP(float* %gmem_addr_1)" [../src/Gelu/GELU.cpp:35]   --->   Operation 155 'writeresp' 'gmem_addr_3_resp' <Predicate = true> <Delay = 8.75> <Core = "m_axi">   --->   Core 9 'm_axi' <Latency = 6> <II = 1> <Delay = 1.00> <Adapter> <Opcode : 'read' 'write' 'readreq' 'writereq' 'writeresp'>

State 44 <SV = 43> <Delay = 8.75>
ST_44 : Operation 156 [4/5] (8.75ns)   --->   "%gmem_addr_3_resp = call i1 @_ssdm_op_WriteResp.m_axi.floatP(float* %gmem_addr_1)" [../src/Gelu/GELU.cpp:35]   --->   Operation 156 'writeresp' 'gmem_addr_3_resp' <Predicate = true> <Delay = 8.75> <Core = "m_axi">   --->   Core 9 'm_axi' <Latency = 6> <II = 1> <Delay = 1.00> <Adapter> <Opcode : 'read' 'write' 'readreq' 'writereq' 'writeresp'>

State 45 <SV = 44> <Delay = 8.75>
ST_45 : Operation 157 [3/5] (8.75ns)   --->   "%gmem_addr_3_resp = call i1 @_ssdm_op_WriteResp.m_axi.floatP(float* %gmem_addr_1)" [../src/Gelu/GELU.cpp:35]   --->   Operation 157 'writeresp' 'gmem_addr_3_resp' <Predicate = true> <Delay = 8.75> <Core = "m_axi">   --->   Core 9 'm_axi' <Latency = 6> <II = 1> <Delay = 1.00> <Adapter> <Opcode : 'read' 'write' 'readreq' 'writereq' 'writeresp'>

State 46 <SV = 45> <Delay = 8.75>
ST_46 : Operation 158 [2/5] (8.75ns)   --->   "%gmem_addr_3_resp = call i1 @_ssdm_op_WriteResp.m_axi.floatP(float* %gmem_addr_1)" [../src/Gelu/GELU.cpp:35]   --->   Operation 158 'writeresp' 'gmem_addr_3_resp' <Predicate = true> <Delay = 8.75> <Core = "m_axi">   --->   Core 9 'm_axi' <Latency = 6> <II = 1> <Delay = 1.00> <Adapter> <Opcode : 'read' 'write' 'readreq' 'writereq' 'writeresp'>

State 47 <SV = 46> <Delay = 8.75>
ST_47 : Operation 159 [1/5] (8.75ns)   --->   "%gmem_addr_3_resp = call i1 @_ssdm_op_WriteResp.m_axi.floatP(float* %gmem_addr_1)" [../src/Gelu/GELU.cpp:35]   --->   Operation 159 'writeresp' 'gmem_addr_3_resp' <Predicate = true> <Delay = 8.75> <Core = "m_axi">   --->   Core 9 'm_axi' <Latency = 6> <II = 1> <Delay = 1.00> <Adapter> <Opcode : 'read' 'write' 'readreq' 'writereq' 'writeresp'>
ST_47 : Operation 160 [1/1] (0.00ns)   --->   "br label %.preheader" [../src/Gelu/GELU.cpp:26]   --->   Operation 160 'br' <Predicate = true> <Delay = 0.00>


============================================================
+ Verbose Summary: Binding
============================================================
STG Binding: 
---------------- STG Properties BEGIN ----------------
- Is combinational: 0
- Is one-state seq: 0
- Is datapath-only: 0
- Is pipelined: 0
- Is top level: 1
Port [ Return ] is wired: 1; IO mode=ap_ctrl_hs:ce=0
Port [ gmem]:  wired=1; compound=1; hidden=0; nouse=0; global=0; static=0; extern=0; dir=2; type=4; pingpong=0; private_global=0; IO mode=m_axi:ce=0
Port [ input_width_V]:  wired=1; compound=0; hidden=0; nouse=0; global=0; static=0; extern=0; dir=0; type=0; pingpong=0; private_global=0; IO mode=ap_none:ce=0
Port [ input_height_V]:  wired=1; compound=0; hidden=0; nouse=0; global=0; static=0; extern=0; dir=0; type=0; pingpong=0; private_global=0; IO mode=ap_none:ce=0
Port [ input_depth_V]:  wired=1; compound=0; hidden=0; nouse=0; global=0; static=0; extern=0; dir=0; type=0; pingpong=0; private_global=0; IO mode=ap_none:ce=0
Port [ in_data]:  wired=1; compound=0; hidden=0; nouse=0; global=0; static=0; extern=0; dir=0; type=0; pingpong=0; private_global=0; IO mode=ap_none:ce=0
Port [ out_data]:  wired=1; compound=0; hidden=0; nouse=0; global=0; static=0; extern=0; dir=0; type=0; pingpong=0; private_global=0; IO mode=ap_none:ce=0
Port [ table_exp_Z1_array_s]:  wired=0; compound=1; hidden=1; nouse=1; global=1; static=1; extern=0; dir=0; type=1; pingpong=0; private_global=0; linkage=7; visibility=0; MemPort=[1]; IO mode=ap_memory:ce=0
Port [ table_f_Z3_array_V]:  wired=0; compound=1; hidden=1; nouse=1; global=1; static=1; extern=0; dir=0; type=1; pingpong=0; private_global=0; linkage=7; visibility=0; MemPort=[11]; IO mode=ap_memory:ce=0
Port [ table_f_Z2_array_V]:  wired=0; compound=1; hidden=1; nouse=1; global=1; static=1; extern=0; dir=0; type=1; pingpong=0; private_global=0; linkage=7; visibility=0; MemPort=[1]; IO mode=ap_memory:ce=0
---------------- STG Properties END ------------------

---------------- Datapath Model BEGIN ----------------

<LifeTime>
<method=bitvector/>
out_data_read       (read             ) [ 000000000000000000000000000000000000000000000000]
in_data_read        (read             ) [ 000000000000000000000000000000000000000000000000]
input_depth_V_read  (read             ) [ 001111111111111111111111111111111111111111111111]
input_height_V_read (read             ) [ 001111111111111111111111111111111111111111111111]
input_width_V_read  (read             ) [ 001111111111111111111111111111111111111111111111]
tmp_49              (partselect       ) [ 000000000000000000000000000000000000000000000000]
tmp_14_cast         (zext             ) [ 001111111111111111111111111111111111111111111111]
tmp_50              (partselect       ) [ 000000000000000000000000000000000000000000000000]
tmp_15_cast         (zext             ) [ 001111111111111111111111111111111111111111111111]
StgValue_57         (specbitsmap      ) [ 000000000000000000000000000000000000000000000000]
StgValue_58         (specbitsmap      ) [ 000000000000000000000000000000000000000000000000]
StgValue_59         (specbitsmap      ) [ 000000000000000000000000000000000000000000000000]
StgValue_60         (specbitsmap      ) [ 000000000000000000000000000000000000000000000000]
StgValue_61         (spectopmodule    ) [ 000000000000000000000000000000000000000000000000]
StgValue_62         (specinterface    ) [ 000000000000000000000000000000000000000000000000]
StgValue_63         (specinterface    ) [ 000000000000000000000000000000000000000000000000]
StgValue_64         (specinterface    ) [ 000000000000000000000000000000000000000000000000]
StgValue_65         (specinterface    ) [ 000000000000000000000000000000000000000000000000]
StgValue_66         (specinterface    ) [ 000000000000000000000000000000000000000000000000]
StgValue_67         (specinterface    ) [ 000000000000000000000000000000000000000000000000]
StgValue_68         (specinterface    ) [ 000000000000000000000000000000000000000000000000]
tmp_3               (zext             ) [ 001111111111111111111111111111111111111111111111]
tmp_4_cast4         (zext             ) [ 001111111111111111111111111111111111111111111111]
StgValue_71         (br               ) [ 011111111111111111111111111111111111111111111111]
i_op_assign         (phi              ) [ 001000000000000000000000000000000000000000000000]
phi_mul             (phi              ) [ 001111111111111111111111111111111111111111111111]
next_mul            (add              ) [ 011111111111111111111111111111111111111111111111]
exitcond2           (icmp             ) [ 001111111111111111111111111111111111111111111111]
empty               (speclooptripcount) [ 000000000000000000000000000000000000000000000000]
d                   (add              ) [ 011111111111111111111111111111111111111111111111]
StgValue_78         (br               ) [ 000000000000000000000000000000000000000000000000]
tmp_6               (specregionbegin  ) [ 000111111111111111111111111111111111111111111111]
StgValue_80         (br               ) [ 001111111111111111111111111111111111111111111111]
StgValue_81         (ret              ) [ 000000000000000000000000000000000000000000000000]
i_op_assign_1       (phi              ) [ 000100000000000000000000000000000000000000000000]
i_op_assign_1_cast2 (zext             ) [ 000000000000000000000000000000000000000000000000]
exitcond1           (icmp             ) [ 001111111111111111111111111111111111111111111111]
empty_127           (speclooptripcount) [ 000000000000000000000000000000000000000000000000]
h                   (add              ) [ 001111111111111111111111111111111111111111111111]
StgValue_87         (br               ) [ 000000000000000000000000000000000000000000000000]
tmp                 (add              ) [ 000010000000000000000000000000000000000000000000]
empty_129           (specregionend    ) [ 000000000000000000000000000000000000000000000000]
StgValue_90         (br               ) [ 011111111111111111111111111111111111111111111111]
tmp_cast            (zext             ) [ 000000000000000000000000000000000000000000000000]
tmp1                (mul              ) [ 000001111111111111111111111111111111111111111111]
tmp_44_cast         (sext             ) [ 000000000000000000000000000000000000000000000000]
in_data2_sum        (add              ) [ 000000000000000000000000000000000000000000000000]
in_data2_sum_cast   (sext             ) [ 000000000000000000000000000000000000000000000000]
gmem_addr           (getelementptr    ) [ 000001111111111111111111111111111111111111111111]
gmem_addr_rd_req    (readreq          ) [ 000000000000000000000000000000000000000000000000]
StgValue_104        (br               ) [ 001111111111111111111111111111111111111111111111]
i_op_assign_2       (phi              ) [ 000000000000100000000000000000000000000000000000]
i_op_assign_2_cast1 (zext             ) [ 000000000000000000000000000000000000000000000000]
exitcond            (icmp             ) [ 001111111111111111111111111111111111111111111111]
empty_128           (speclooptripcount) [ 000000000000000000000000000000000000000000000000]
w                   (add              ) [ 001111111111111111111111111111111111111111111111]
StgValue_110        (br               ) [ 000000000000000000000000000000000000000000000000]
index               (add              ) [ 000000000000000000000000000000000000000000000000]
tmp_34_cast         (sext             ) [ 000000000000000000000000000000000000000000000000]
x                   (read             ) [ 000000000000011111111111111111100000000000000000]
out_data4_sum6      (add              ) [ 000000000000000000000000000000000000000000000000]
out_data4_sum6_cast (sext             ) [ 000000000000000000000000000000000000000000000000]
gmem_addr_1         (getelementptr    ) [ 000000000000011111111111111111111111111111111111]
StgValue_117        (br               ) [ 001111111111111111111111111111111111111111111111]
tmp_35              (fmul             ) [ 000000000000000011100000000000000000000000000000]
x_cube              (fmul             ) [ 000000000000000000011100000000000000000000000000]
tmp_36              (fmul             ) [ 000000000000000000000011110000000000000000000000]
tmp_s               (fadd             ) [ 000000000000000000000000001110000000000000000000]
tanh_arg            (fmul             ) [ 000000000000000000000000000001100000000000000000]
tanh_val            (call             ) [ 000000000000000000000000000000011110000000000000]
tmp_37              (fpext            ) [ 000000000000000000000000000000011111000000000000]
tmp_39              (fadd             ) [ 000000000000000000000000000000000001000000000000]
tmp_38              (dmul             ) [ 000000000000000000000000000000000000111110000000]
tmp_40              (fpext            ) [ 000000000000000000000000000000000000111110000000]
tmp_41              (dmul             ) [ 000000000000000000000000000000000000000001000000]
tmp_42              (fptrunc          ) [ 000000000000000000000000000000000000000000100000]
gmem_addr_3_req     (writereq         ) [ 000000000000000000000000000000000000000000000000]
StgValue_154        (write            ) [ 000000000000000000000000000000000000000000000000]
gmem_addr_3_resp    (writeresp        ) [ 000000000000000000000000000000000000000000000000]
StgValue_160        (br               ) [ 001111111111111111111111111111111111111111111111]
</LifeTime>

<model>

<comp_list>
<comp id="0" class="1000" name="gmem">
<pin_list>
<pin id="1" dir="1" index="0" bw="1" slack="0"/>
</pin_list>
<bind>
<StgValue><ssdm name="gmem"/></StgValue>
</bind>
</comp>

<comp id="2" class="1000" name="input_width_V">
<pin_list>
<pin id="3" dir="1" index="0" bw="1" slack="0"/>
</pin_list>
<bind>
<StgValue><ssdm name="input_width_V"/></StgValue>
</bind>
</comp>

<comp id="4" class="1000" name="input_height_V">
<pin_list>
<pin id="5" dir="1" index="0" bw="1" slack="0"/>
</pin_list>
<bind>
<StgValue><ssdm name="input_height_V"/></StgValue>
</bind>
</comp>

<comp id="6" class="1000" name="input_depth_V">
<pin_list>
<pin id="7" dir="1" index="0" bw="1" slack="0"/>
</pin_list>
<bind>
<StgValue><ssdm name="input_depth_V"/></StgValue>
</bind>
</comp>

<comp id="8" class="1000" name="in_data">
<pin_list>
<pin id="9" dir="1" index="0" bw="1" slack="0"/>
</pin_list>
<bind>
<StgValue><ssdm name="in_data"/></StgValue>
</bind>
</comp>

<comp id="10" class="1000" name="out_data">
<pin_list>
<pin id="11" dir="1" index="0" bw="1" slack="0"/>
</pin_list>
<bind>
<StgValue><ssdm name="out_data"/></StgValue>
</bind>
</comp>

<comp id="12" class="1000" name="table_exp_Z1_array_s">
<pin_list>
<pin id="13" dir="1" index="0" bw="1" slack="0"/>
</pin_list>
<bind>
<StgValue><ssdm name="table_exp_Z1_array_s"/><MemPortTyVec>1 </MemPortTyVec>
</StgValue>
</bind>
</comp>

<comp id="14" class="1000" name="table_f_Z3_array_V">
<pin_list>
<pin id="15" dir="1" index="0" bw="1" slack="0"/>
</pin_list>
<bind>
<StgValue><ssdm name="table_f_Z3_array_V"/><MemPortTyVec>1 1 </MemPortTyVec>
</StgValue>
</bind>
</comp>

<comp id="16" class="1000" name="table_f_Z2_array_V">
<pin_list>
<pin id="17" dir="1" index="0" bw="1" slack="0"/>
</pin_list>
<bind>
<StgValue><ssdm name="table_f_Z2_array_V"/><MemPortTyVec>1 </MemPortTyVec>
</StgValue>
</bind>
</comp>

<comp id="18" class="1001" name="const_18">
<pin_list>
<pin id="19" dir="1" index="0" bw="1" slack="0"/>
</pin_list>
<bind>
<StgValue><ssdm name="_ssdm_op_Read.s_axilite.i32"/></StgValue>
</bind>
</comp>

<comp id="20" class="1001" name="const_20">
<pin_list>
<pin id="21" dir="1" index="0" bw="1" slack="0"/>
</pin_list>
<bind>
<StgValue><ssdm name="_ssdm_op_Read.s_axilite.i8"/></StgValue>
</bind>
</comp>

<comp id="22" class="1001" name="const_22">
<pin_list>
<pin id="23" dir="1" index="0" bw="1" slack="0"/>
</pin_list>
<bind>
<StgValue><ssdm name="_ssdm_op_Read.s_axilite.i12"/></StgValue>
</bind>
</comp>

<comp id="24" class="1001" name="const_24">
<pin_list>
<pin id="25" dir="1" index="0" bw="1" slack="0"/>
</pin_list>
<bind>
<StgValue><ssdm name="_ssdm_op_PartSelect.i30.i32.i32.i32"/></StgValue>
</bind>
</comp>

<comp id="26" class="1001" name="const_26">
<pin_list>
<pin id="27" dir="1" index="0" bw="1" slack="0"/>
</pin_list>
<bind>
<StgValue><ssdm name=""/></StgValue>
</bind>
</comp>

<comp id="28" class="1001" name="const_28">
<pin_list>
<pin id="29" dir="1" index="0" bw="1" slack="0"/>
</pin_list>
<bind>
<StgValue><ssdm name=""/></StgValue>
</bind>
</comp>

<comp id="30" class="1001" name="const_30">
<pin_list>
<pin id="31" dir="1" index="0" bw="1" slack="2147483647"/>
</pin_list>
<bind>
<StgValue><ssdm name="_ssdm_op_SpecBitsMap"/></StgValue>
</bind>
</comp>

<comp id="32" class="1001" name="const_32">
<pin_list>
<pin id="33" dir="1" index="0" bw="1" slack="2147483647"/>
</pin_list>
<bind>
<StgValue><ssdm name="_ssdm_op_SpecTopModule"/></StgValue>
</bind>
</comp>

<comp id="34" class="1001" name="const_34">
<pin_list>
<pin id="35" dir="1" index="0" bw="1" slack="2147483647"/>
</pin_list>
<bind>
<StgValue><ssdm name="GELU_str"/></StgValue>
</bind>
</comp>

<comp id="36" class="1001" name="const_36">
<pin_list>
<pin id="37" dir="1" index="0" bw="1" slack="2147483647"/>
</pin_list>
<bind>
<StgValue><ssdm name="_ssdm_op_SpecInterface"/></StgValue>
</bind>
</comp>

<comp id="38" class="1001" name="const_38">
<pin_list>
<pin id="39" dir="1" index="0" bw="1" slack="2147483647"/>
</pin_list>
<bind>
<StgValue><ssdm name="p_str"/></StgValue>
</bind>
</comp>

<comp id="40" class="1001" name="const_40">
<pin_list>
<pin id="41" dir="1" index="0" bw="1" slack="2147483647"/>
</pin_list>
<bind>
<StgValue><ssdm name=""/></StgValue>
</bind>
</comp>

<comp id="42" class="1001" name="const_42">
<pin_list>
<pin id="43" dir="1" index="0" bw="1" slack="2147483647"/>
</pin_list>
<bind>
<StgValue><ssdm name="p_str1"/></StgValue>
</bind>
</comp>

<comp id="44" class="1001" name="const_44">
<pin_list>
<pin id="45" dir="1" index="0" bw="1" slack="2147483647"/>
</pin_list>
<bind>
<StgValue><ssdm name=""/></StgValue>
</bind>
</comp>

<comp id="46" class="1001" name="const_46">
<pin_list>
<pin id="47" dir="1" index="0" bw="1" slack="2147483647"/>
</pin_list>
<bind>
<StgValue><ssdm name="p_str2"/></StgValue>
</bind>
</comp>

<comp id="48" class="1001" name="const_48">
<pin_list>
<pin id="49" dir="1" index="0" bw="1" slack="2147483647"/>
</pin_list>
<bind>
<StgValue><ssdm name="p_str3"/></StgValue>
</bind>
</comp>

<comp id="50" class="1001" name="const_50">
<pin_list>
<pin id="51" dir="1" index="0" bw="1" slack="2147483647"/>
</pin_list>
<bind>
<StgValue><ssdm name=""/></StgValue>
</bind>
</comp>

<comp id="52" class="1001" name="const_52">
<pin_list>
<pin id="53" dir="1" index="0" bw="1" slack="2147483647"/>
</pin_list>
<bind>
<StgValue><ssdm name="mode"/></StgValue>
</bind>
</comp>

<comp id="54" class="1001" name="const_54">
<pin_list>
<pin id="55" dir="1" index="0" bw="1" slack="2147483647"/>
</pin_list>
<bind>
<StgValue><ssdm name="bundle"/></StgValue>
</bind>
</comp>

<comp id="56" class="1001" name="const_56">
<pin_list>
<pin id="57" dir="1" index="0" bw="1" slack="2147483647"/>
</pin_list>
<bind>
<StgValue><ssdm name="mode1"/></StgValue>
</bind>
</comp>

<comp id="58" class="1001" name="const_58">
<pin_list>
<pin id="59" dir="1" index="0" bw="1" slack="2147483647"/>
</pin_list>
<bind>
<StgValue><ssdm name="bundle2"/></StgValue>
</bind>
</comp>

<comp id="60" class="1001" name="const_60">
<pin_list>
<pin id="61" dir="1" index="0" bw="1" slack="2147483647"/>
</pin_list>
<bind>
<StgValue><ssdm name="p_str4"/></StgValue>
</bind>
</comp>

<comp id="62" class="1001" name="const_62">
<pin_list>
<pin id="63" dir="1" index="0" bw="1" slack="1"/>
</pin_list>
<bind>
<StgValue><ssdm name=""/></StgValue>
</bind>
</comp>

<comp id="64" class="1001" name="const_64">
<pin_list>
<pin id="65" dir="1" index="0" bw="1" slack="1"/>
</pin_list>
<bind>
<StgValue><ssdm name=""/></StgValue>
</bind>
</comp>

<comp id="66" class="1001" name="const_66">
<pin_list>
<pin id="67" dir="1" index="0" bw="1" slack="2147483647"/>
</pin_list>
<bind>
<StgValue><ssdm name="_ssdm_op_SpecLoopTripCount"/></StgValue>
</bind>
</comp>

<comp id="68" class="1001" name="const_68">
<pin_list>
<pin id="69" dir="1" index="0" bw="1" slack="2147483647"/>
</pin_list>
<bind>
<StgValue><ssdm name=""/></StgValue>
</bind>
</comp>

<comp id="70" class="1001" name="const_70">
<pin_list>
<pin id="71" dir="1" index="0" bw="1" slack="2147483647"/>
</pin_list>
<bind>
<StgValue><ssdm name=""/></StgValue>
</bind>
</comp>

<comp id="72" class="1001" name="const_72">
<pin_list>
<pin id="73" dir="1" index="0" bw="1" slack="0"/>
</pin_list>
<bind>
<StgValue><ssdm name=""/></StgValue>
</bind>
</comp>

<comp id="74" class="1001" name="const_74">
<pin_list>
<pin id="75" dir="1" index="0" bw="1" slack="2147483647"/>
</pin_list>
<bind>
<StgValue><ssdm name="_ssdm_op_SpecRegionBegin"/></StgValue>
</bind>
</comp>

<comp id="76" class="1001" name="const_76">
<pin_list>
<pin id="77" dir="1" index="0" bw="1" slack="2147483647"/>
</pin_list>
<bind>
<StgValue><ssdm name="p_str5"/></StgValue>
</bind>
</comp>

<comp id="78" class="1001" name="const_78">
<pin_list>
<pin id="79" dir="1" index="0" bw="1" slack="1"/>
</pin_list>
<bind>
<StgValue><ssdm name=""/></StgValue>
</bind>
</comp>

<comp id="80" class="1001" name="const_80">
<pin_list>
<pin id="81" dir="1" index="0" bw="1" slack="2147483647"/>
</pin_list>
<bind>
<StgValue><ssdm name=""/></StgValue>
</bind>
</comp>

<comp id="82" class="1001" name="const_82">
<pin_list>
<pin id="83" dir="1" index="0" bw="1" slack="0"/>
</pin_list>
<bind>
<StgValue><ssdm name=""/></StgValue>
</bind>
</comp>

<comp id="84" class="1001" name="const_84">
<pin_list>
<pin id="85" dir="1" index="0" bw="1" slack="2147483647"/>
</pin_list>
<bind>
<StgValue><ssdm name="_ssdm_op_SpecRegionEnd"/></StgValue>
</bind>
</comp>

<comp id="86" class="1001" name="const_86">
<pin_list>
<pin id="87" dir="1" index="0" bw="1" slack="0"/>
</pin_list>
<bind>
<StgValue><ssdm name="_ssdm_op_ReadReq.m_axi.floatP"/></StgValue>
</bind>
</comp>

<comp id="88" class="1001" name="const_88">
<pin_list>
<pin id="89" dir="1" index="0" bw="1" slack="0"/>
</pin_list>
<bind>
<StgValue><ssdm name="_ssdm_op_Read.m_axi.floatP"/></StgValue>
</bind>
</comp>

<comp id="90" class="1001" name="const_90">
<pin_list>
<pin id="91" dir="1" index="0" bw="1" slack="0"/>
</pin_list>
<bind>
<StgValue><ssdm name=""/></StgValue>
</bind>
</comp>

<comp id="92" class="1001" name="const_92">
<pin_list>
<pin id="93" dir="1" index="0" bw="1" slack="0"/>
</pin_list>
<bind>
<StgValue><ssdm name=""/></StgValue>
</bind>
</comp>

<comp id="94" class="1001" name="const_94">
<pin_list>
<pin id="95" dir="1" index="0" bw="1" slack="0"/>
</pin_list>
<bind>
<StgValue><ssdm name="generic_tanh<float>"/></StgValue>
</bind>
</comp>

<comp id="96" class="1001" name="const_96">
<pin_list>
<pin id="97" dir="1" index="0" bw="1" slack="0"/>
</pin_list>
<bind>
<StgValue><ssdm name=""/></StgValue>
</bind>
</comp>

<comp id="98" class="1001" name="const_98">
<pin_list>
<pin id="99" dir="1" index="0" bw="1" slack="0"/>
</pin_list>
<bind>
<StgValue><ssdm name=""/></StgValue>
</bind>
</comp>

<comp id="100" class="1001" name="const_100">
<pin_list>
<pin id="101" dir="1" index="0" bw="1" slack="0"/>
</pin_list>
<bind>
<StgValue><ssdm name="_ssdm_op_WriteReq.m_axi.floatP"/></StgValue>
</bind>
</comp>

<comp id="102" class="1001" name="const_102">
<pin_list>
<pin id="103" dir="1" index="0" bw="1" slack="0"/>
</pin_list>
<bind>
<StgValue><ssdm name=""/></StgValue>
</bind>
</comp>

<comp id="104" class="1001" name="const_104">
<pin_list>
<pin id="105" dir="1" index="0" bw="1" slack="0"/>
</pin_list>
<bind>
<StgValue><ssdm name="_ssdm_op_Write.m_axi.floatP"/></StgValue>
</bind>
</comp>

<comp id="106" class="1001" name="const_106">
<pin_list>
<pin id="107" dir="1" index="0" bw="1" slack="0"/>
</pin_list>
<bind>
<StgValue><ssdm name=""/></StgValue>
</bind>
</comp>

<comp id="108" class="1001" name="const_108">
<pin_list>
<pin id="109" dir="1" index="0" bw="1" slack="0"/>
</pin_list>
<bind>
<StgValue><ssdm name="_ssdm_op_WriteResp.m_axi.floatP"/></StgValue>
</bind>
</comp>

<comp id="110" class="1004" name="out_data_read_read_fu_110">
<pin_list>
<pin id="111" dir="0" index="0" bw="32" slack="0"/>
<pin id="112" dir="0" index="1" bw="32" slack="0"/>
<pin id="113" dir="1" index="2" bw="32" slack="0"/>
</pin_list>
<bind>
<opcode="read(1150) " fcode="read"/>
<opset="out_data_read/1 "/>
</bind>
</comp>

<comp id="116" class="1004" name="in_data_read_read_fu_116">
<pin_list>
<pin id="117" dir="0" index="0" bw="32" slack="0"/>
<pin id="118" dir="0" index="1" bw="32" slack="0"/>
<pin id="119" dir="1" index="2" bw="32" slack="0"/>
</pin_list>
<bind>
<opcode="read(1150) " fcode="read"/>
<opset="in_data_read/1 "/>
</bind>
</comp>

<comp id="122" class="1004" name="input_depth_V_read_read_fu_122">
<pin_list>
<pin id="123" dir="0" index="0" bw="8" slack="0"/>
<pin id="124" dir="0" index="1" bw="8" slack="0"/>
<pin id="125" dir="1" index="2" bw="8" slack="1"/>
</pin_list>
<bind>
<opcode="read(1150) " fcode="read"/>
<opset="input_depth_V_read/1 "/>
</bind>
</comp>

<comp id="128" class="1004" name="input_height_V_read_read_fu_128">
<pin_list>
<pin id="129" dir="0" index="0" bw="12" slack="0"/>
<pin id="130" dir="0" index="1" bw="12" slack="0"/>
<pin id="131" dir="1" index="2" bw="12" slack="0"/>
</pin_list>
<bind>
<opcode="read(1150) " fcode="read"/>
<opset="input_height_V_read/1 "/>
</bind>
</comp>

<comp id="134" class="1004" name="input_width_V_read_read_fu_134">
<pin_list>
<pin id="135" dir="0" index="0" bw="12" slack="0"/>
<pin id="136" dir="0" index="1" bw="12" slack="0"/>
<pin id="137" dir="1" index="2" bw="12" slack="0"/>
</pin_list>
<bind>
<opcode="read(1150) " fcode="read"/>
<opset="input_width_V_read/1 "/>
</bind>
</comp>

<comp id="140" class="1004" name="grp_readreq_fu_140">
<pin_list>
<pin id="141" dir="0" index="0" bw="1" slack="0"/>
<pin id="142" dir="0" index="1" bw="32" slack="1"/>
<pin id="143" dir="0" index="2" bw="12" slack="4"/>
<pin id="144" dir="1" index="3" bw="1" slack="2147483647"/>
</pin_list>
<bind>
<opcode="readreq(1154) " fcode="readreq"/>
<opset="gmem_addr_rd_req/5 "/>
</bind>
</comp>

<comp id="146" class="1004" name="x_read_fu_146">
<pin_list>
<pin id="147" dir="0" index="0" bw="32" slack="0"/>
<pin id="148" dir="0" index="1" bw="32" slack="8"/>
<pin id="149" dir="1" index="2" bw="32" slack="1"/>
</pin_list>
<bind>
<opcode="read(1150) " fcode="read"/>
<opset="x/12 "/>
</bind>
</comp>

<comp id="151" class="1004" name="grp_writeresp_fu_151">
<pin_list>
<pin id="152" dir="0" index="0" bw="1" slack="0"/>
<pin id="153" dir="0" index="1" bw="32" slack="29"/>
<pin id="154" dir="0" index="2" bw="1" slack="0"/>
<pin id="155" dir="1" index="3" bw="1" slack="2147483647"/>
</pin_list>
<bind>
<opcode="writereq(1155) writeresp(1158) " fcode="writeresp"/>
<opset="gmem_addr_3_req/41 gmem_addr_3_resp/43 "/>
</bind>
</comp>

<comp id="158" class="1004" name="StgValue_154_write_fu_158">
<pin_list>
<pin id="159" dir="0" index="0" bw="0" slack="0"/>
<pin id="160" dir="0" index="1" bw="32" slack="30"/>
<pin id="161" dir="0" index="2" bw="32" slack="1"/>
<pin id="162" dir="0" index="3" bw="1" slack="0"/>
<pin id="163" dir="1" index="4" bw="0" slack="2147483647"/>
</pin_list>
<bind>
<opcode="write(1151) " fcode="write"/>
<opset="StgValue_154/42 "/>
</bind>
</comp>

<comp id="167" class="1005" name="i_op_assign_reg_167">
<pin_list>
<pin id="168" dir="0" index="0" bw="8" slack="1"/>
<pin id="169" dir="1" index="1" bw="8" slack="1"/>
</pin_list>
<bind>
<opset="i_op_assign (phireg) "/>
</bind>
</comp>

<comp id="171" class="1004" name="i_op_assign_phi_fu_171">
<pin_list>
<pin id="172" dir="0" index="0" bw="1" slack="1"/>
<pin id="173" dir="0" index="1" bw="0" slack="2147483647"/>
<pin id="174" dir="0" index="2" bw="8" slack="0"/>
<pin id="175" dir="0" index="3" bw="0" slack="2147483647"/>
<pin id="176" dir="1" index="4" bw="8" slack="0"/>
</pin_list>
<bind>
<opcode="phi(47) " fcode="phi"/>
<opset="i_op_assign/2 "/>
</bind>
</comp>

<comp id="178" class="1005" name="phi_mul_reg_178">
<pin_list>
<pin id="179" dir="0" index="0" bw="20" slack="1"/>
<pin id="180" dir="1" index="1" bw="20" slack="1"/>
</pin_list>
<bind>
<opset="phi_mul (phireg) "/>
</bind>
</comp>

<comp id="182" class="1004" name="phi_mul_phi_fu_182">
<pin_list>
<pin id="183" dir="0" index="0" bw="1" slack="1"/>
<pin id="184" dir="0" index="1" bw="0" slack="2147483647"/>
<pin id="185" dir="0" index="2" bw="20" slack="0"/>
<pin id="186" dir="0" index="3" bw="0" slack="2147483647"/>
<pin id="187" dir="1" index="4" bw="20" slack="0"/>
</pin_list>
<bind>
<opcode="phi(47) " fcode="phi"/>
<opset="phi_mul/2 "/>
</bind>
</comp>

<comp id="190" class="1005" name="i_op_assign_1_reg_190">
<pin_list>
<pin id="191" dir="0" index="0" bw="12" slack="1"/>
<pin id="192" dir="1" index="1" bw="12" slack="1"/>
</pin_list>
<bind>
<opset="i_op_assign_1 (phireg) "/>
</bind>
</comp>

<comp id="194" class="1004" name="i_op_assign_1_phi_fu_194">
<pin_list>
<pin id="195" dir="0" index="0" bw="1" slack="1"/>
<pin id="196" dir="0" index="1" bw="0" slack="2147483647"/>
<pin id="197" dir="0" index="2" bw="12" slack="0"/>
<pin id="198" dir="0" index="3" bw="0" slack="2147483647"/>
<pin id="199" dir="1" index="4" bw="12" slack="0"/>
</pin_list>
<bind>
<opcode="phi(47) " fcode="phi"/>
<opset="i_op_assign_1/3 "/>
</bind>
</comp>

<comp id="201" class="1005" name="i_op_assign_2_reg_201">
<pin_list>
<pin id="202" dir="0" index="0" bw="12" slack="1"/>
<pin id="203" dir="1" index="1" bw="12" slack="1"/>
</pin_list>
<bind>
<opset="i_op_assign_2 (phireg) "/>
</bind>
</comp>

<comp id="205" class="1004" name="i_op_assign_2_phi_fu_205">
<pin_list>
<pin id="206" dir="0" index="0" bw="12" slack="0"/>
<pin id="207" dir="0" index="1" bw="0" slack="2147483647"/>
<pin id="208" dir="0" index="2" bw="1" slack="1"/>
<pin id="209" dir="0" index="3" bw="0" slack="2147483647"/>
<pin id="210" dir="1" index="4" bw="12" slack="0"/>
</pin_list>
<bind>
<opcode="phi(47) " fcode="phi"/>
<opset="i_op_assign_2/12 "/>
</bind>
</comp>

<comp id="212" class="1004" name="grp_generic_tanh_float_s_fu_212">
<pin_list>
<pin id="213" dir="0" index="0" bw="32" slack="0"/>
<pin id="214" dir="0" index="1" bw="32" slack="1"/>
<pin id="215" dir="0" index="2" bw="58" slack="0"/>
<pin id="216" dir="0" index="3" bw="26" slack="0"/>
<pin id="217" dir="0" index="4" bw="42" slack="0"/>
<pin id="218" dir="1" index="5" bw="32" slack="1"/>
</pin_list>
<bind>
<opcode="call(48) " fcode="call"/>
<opset="tanh_val/29 "/>
</bind>
</comp>

<comp id="223" class="1004" name="grp_fu_223">
<pin_list>
<pin id="224" dir="0" index="0" bw="32" slack="1"/>
<pin id="225" dir="0" index="1" bw="32" slack="0"/>
<pin id="226" dir="1" index="2" bw="32" slack="1"/>
</pin_list>
<bind>
<opcode="fadd(9) " fcode="fadd"/>
<opset="tmp_s/22 tmp_39/31 "/>
</bind>
</comp>

<comp id="228" class="1004" name="grp_fu_228">
<pin_list>
<pin id="229" dir="0" index="0" bw="32" slack="1"/>
<pin id="230" dir="0" index="1" bw="32" slack="0"/>
<pin id="231" dir="1" index="2" bw="32" slack="1"/>
</pin_list>
<bind>
<opcode="fmul(13) " fcode="fmul"/>
<opset="tmp_35/13 x_cube/16 tmp_36/19 tanh_arg/26 "/>
</bind>
</comp>

<comp id="234" class="1004" name="tmp_42_fu_234">
<pin_list>
<pin id="235" dir="0" index="0" bw="64" slack="1"/>
<pin id="236" dir="1" index="1" bw="32" slack="1"/>
</pin_list>
<bind>
<opcode="fptrunc(40) " fcode="fptrunc"/>
<opset="tmp_42/41 "/>
</bind>
</comp>

<comp id="237" class="1004" name="grp_fu_237">
<pin_list>
<pin id="238" dir="0" index="0" bw="32" slack="1"/>
<pin id="239" dir="1" index="1" bw="64" slack="1"/>
</pin_list>
<bind>
<opcode="fpext(41) " fcode="fpext"/>
<opset="tmp_37/30 tmp_40/35 "/>
</bind>
</comp>

<comp id="240" class="1004" name="grp_fu_240">
<pin_list>
<pin id="241" dir="0" index="0" bw="64" slack="1"/>
<pin id="242" dir="0" index="1" bw="64" slack="0"/>
<pin id="243" dir="1" index="2" bw="64" slack="1"/>
</pin_list>
<bind>
<opcode="dmul(510) " fcode="dmul"/>
<opset="tmp_38/31 tmp_41/36 "/>
</bind>
</comp>

<comp id="245" class="1005" name="reg_245">
<pin_list>
<pin id="246" dir="0" index="0" bw="32" slack="1"/>
<pin id="247" dir="1" index="1" bw="32" slack="1"/>
</pin_list>
<bind>
<opset="tmp_35 x_cube tmp_36 tanh_arg "/>
</bind>
</comp>

<comp id="252" class="1005" name="reg_252">
<pin_list>
<pin id="253" dir="0" index="0" bw="32" slack="1"/>
<pin id="254" dir="1" index="1" bw="32" slack="1"/>
</pin_list>
<bind>
<opset="tmp_s tmp_39 "/>
</bind>
</comp>

<comp id="258" class="1005" name="reg_258">
<pin_list>
<pin id="259" dir="0" index="0" bw="64" slack="1"/>
<pin id="260" dir="1" index="1" bw="64" slack="1"/>
</pin_list>
<bind>
<opset="tmp_37 tmp_40 "/>
</bind>
</comp>

<comp id="264" class="1005" name="reg_264">
<pin_list>
<pin id="265" dir="0" index="0" bw="64" slack="1"/>
<pin id="266" dir="1" index="1" bw="64" slack="1"/>
</pin_list>
<bind>
<opset="tmp_38 tmp_41 "/>
</bind>
</comp>

<comp id="270" class="1004" name="tmp_49_fu_270">
<pin_list>
<pin id="271" dir="0" index="0" bw="30" slack="0"/>
<pin id="272" dir="0" index="1" bw="32" slack="0"/>
<pin id="273" dir="0" index="2" bw="3" slack="0"/>
<pin id="274" dir="0" index="3" bw="6" slack="0"/>
<pin id="275" dir="1" index="4" bw="30" slack="0"/>
</pin_list>
<bind>
<opcode="partselect(1002) " fcode="partselect"/>
<opset="tmp_49/1 "/>
</bind>
</comp>

<comp id="280" class="1004" name="tmp_14_cast_fu_280">
<pin_list>
<pin id="281" dir="0" index="0" bw="30" slack="0"/>
<pin id="282" dir="1" index="1" bw="33" slack="11"/>
</pin_list>
<bind>
<opcode="zext(34) " fcode="zext"/>
<opset="tmp_14_cast/1 "/>
</bind>
</comp>

<comp id="284" class="1004" name="tmp_50_fu_284">
<pin_list>
<pin id="285" dir="0" index="0" bw="30" slack="0"/>
<pin id="286" dir="0" index="1" bw="32" slack="0"/>
<pin id="287" dir="0" index="2" bw="3" slack="0"/>
<pin id="288" dir="0" index="3" bw="6" slack="0"/>
<pin id="289" dir="1" index="4" bw="30" slack="0"/>
</pin_list>
<bind>
<opcode="partselect(1002) " fcode="partselect"/>
<opset="tmp_50/1 "/>
</bind>
</comp>

<comp id="294" class="1004" name="tmp_15_cast_fu_294">
<pin_list>
<pin id="295" dir="0" index="0" bw="30" slack="0"/>
<pin id="296" dir="1" index="1" bw="33" slack="3"/>
</pin_list>
<bind>
<opcode="zext(34) " fcode="zext"/>
<opset="tmp_15_cast/1 "/>
</bind>
</comp>

<comp id="298" class="1004" name="tmp_3_fu_298">
<pin_list>
<pin id="299" dir="0" index="0" bw="12" slack="0"/>
<pin id="300" dir="1" index="1" bw="32" slack="3"/>
</pin_list>
<bind>
<opcode="zext(34) " fcode="zext"/>
<opset="tmp_3/1 "/>
</bind>
</comp>

<comp id="302" class="1004" name="tmp_4_cast4_fu_302">
<pin_list>
<pin id="303" dir="0" index="0" bw="12" slack="0"/>
<pin id="304" dir="1" index="1" bw="20" slack="1"/>
</pin_list>
<bind>
<opcode="zext(34) " fcode="zext"/>
<opset="tmp_4_cast4/1 "/>
</bind>
</comp>

<comp id="306" class="1004" name="next_mul_fu_306">
<pin_list>
<pin id="307" dir="0" index="0" bw="20" slack="0"/>
<pin id="308" dir="0" index="1" bw="12" slack="1"/>
<pin id="309" dir="1" index="2" bw="20" slack="0"/>
</pin_list>
<bind>
<opcode="add(8) " fcode="add"/>
<opset="next_mul/2 "/>
</bind>
</comp>

<comp id="311" class="1004" name="exitcond2_fu_311">
<pin_list>
<pin id="312" dir="0" index="0" bw="8" slack="0"/>
<pin id="313" dir="0" index="1" bw="8" slack="1"/>
<pin id="314" dir="1" index="2" bw="1" slack="2147483647"/>
</pin_list>
<bind>
<opcode="icmp(45) " fcode="icmp"/>
<opset="exitcond2/2 "/>
</bind>
</comp>

<comp id="316" class="1004" name="d_fu_316">
<pin_list>
<pin id="317" dir="0" index="0" bw="8" slack="0"/>
<pin id="318" dir="0" index="1" bw="1" slack="0"/>
<pin id="319" dir="1" index="2" bw="8" slack="0"/>
</pin_list>
<bind>
<opcode="add(8) " fcode="add"/>
<opset="d/2 "/>
</bind>
</comp>

<comp id="322" class="1004" name="i_op_assign_1_cast2_fu_322">
<pin_list>
<pin id="323" dir="0" index="0" bw="12" slack="0"/>
<pin id="324" dir="1" index="1" bw="20" slack="0"/>
</pin_list>
<bind>
<opcode="zext(34) " fcode="zext"/>
<opset="i_op_assign_1_cast2/3 "/>
</bind>
</comp>

<comp id="326" class="1004" name="exitcond1_fu_326">
<pin_list>
<pin id="327" dir="0" index="0" bw="12" slack="0"/>
<pin id="328" dir="0" index="1" bw="12" slack="2"/>
<pin id="329" dir="1" index="2" bw="1" slack="2147483647"/>
</pin_list>
<bind>
<opcode="icmp(45) " fcode="icmp"/>
<opset="exitcond1/3 "/>
</bind>
</comp>

<comp id="331" class="1004" name="h_fu_331">
<pin_list>
<pin id="332" dir="0" index="0" bw="12" slack="0"/>
<pin id="333" dir="0" index="1" bw="1" slack="0"/>
<pin id="334" dir="1" index="2" bw="12" slack="0"/>
</pin_list>
<bind>
<opcode="add(8) " fcode="add"/>
<opset="h/3 "/>
</bind>
</comp>

<comp id="337" class="1004" name="tmp_fu_337">
<pin_list>
<pin id="338" dir="0" index="0" bw="12" slack="0"/>
<pin id="339" dir="0" index="1" bw="20" slack="1"/>
<pin id="340" dir="1" index="2" bw="20" slack="1"/>
</pin_list>
<bind>
<opcode="add(8) " fcode="add"/>
<opset="tmp/3 "/>
</bind>
</comp>

<comp id="343" class="1004" name="tmp_cast_fu_343">
<pin_list>
<pin id="344" dir="0" index="0" bw="20" slack="1"/>
<pin id="345" dir="1" index="1" bw="32" slack="0"/>
</pin_list>
<bind>
<opcode="zext(34) " fcode="zext"/>
<opset="tmp_cast/4 "/>
</bind>
</comp>

<comp id="346" class="1004" name="tmp_44_cast_fu_346">
<pin_list>
<pin id="347" dir="0" index="0" bw="32" slack="0"/>
<pin id="348" dir="1" index="1" bw="33" slack="0"/>
</pin_list>
<bind>
<opcode="sext(35) " fcode="sext"/>
<opset="tmp_44_cast/4 "/>
</bind>
</comp>

<comp id="349" class="1004" name="in_data2_sum_fu_349">
<pin_list>
<pin id="350" dir="0" index="0" bw="32" slack="0"/>
<pin id="351" dir="0" index="1" bw="30" slack="3"/>
<pin id="352" dir="1" index="2" bw="33" slack="0"/>
</pin_list>
<bind>
<opcode="add(8) " fcode="add"/>
<opset="in_data2_sum/4 "/>
</bind>
</comp>

<comp id="354" class="1004" name="in_data2_sum_cast_fu_354">
<pin_list>
<pin id="355" dir="0" index="0" bw="33" slack="0"/>
<pin id="356" dir="1" index="1" bw="64" slack="0"/>
</pin_list>
<bind>
<opcode="sext(35) " fcode="sext"/>
<opset="in_data2_sum_cast/4 "/>
</bind>
</comp>

<comp id="358" class="1004" name="gmem_addr_fu_358">
<pin_list>
<pin id="359" dir="0" index="0" bw="32" slack="0"/>
<pin id="360" dir="0" index="1" bw="33" slack="0"/>
<pin id="361" dir="1" index="2" bw="32" slack="1"/>
</pin_list>
<bind>
<opcode="getelementptr(29) " fcode="getelementptr"/>
<opset="gmem_addr/4 "/>
</bind>
</comp>

<comp id="364" class="1004" name="i_op_assign_2_cast1_fu_364">
<pin_list>
<pin id="365" dir="0" index="0" bw="12" slack="0"/>
<pin id="366" dir="1" index="1" bw="32" slack="0"/>
</pin_list>
<bind>
<opcode="zext(34) " fcode="zext"/>
<opset="i_op_assign_2_cast1/12 "/>
</bind>
</comp>

<comp id="368" class="1004" name="exitcond_fu_368">
<pin_list>
<pin id="369" dir="0" index="0" bw="12" slack="0"/>
<pin id="370" dir="0" index="1" bw="12" slack="11"/>
<pin id="371" dir="1" index="2" bw="1" slack="2147483647"/>
</pin_list>
<bind>
<opcode="icmp(45) " fcode="icmp"/>
<opset="exitcond/12 "/>
</bind>
</comp>

<comp id="373" class="1004" name="w_fu_373">
<pin_list>
<pin id="374" dir="0" index="0" bw="12" slack="0"/>
<pin id="375" dir="0" index="1" bw="1" slack="0"/>
<pin id="376" dir="1" index="2" bw="12" slack="0"/>
</pin_list>
<bind>
<opcode="add(8) " fcode="add"/>
<opset="w/12 "/>
</bind>
</comp>

<comp id="379" class="1004" name="index_fu_379">
<pin_list>
<pin id="380" dir="0" index="0" bw="12" slack="0"/>
<pin id="381" dir="0" index="1" bw="32" slack="8"/>
<pin id="382" dir="1" index="2" bw="32" slack="0"/>
</pin_list>
<bind>
<opcode="add(8) " fcode="add"/>
<opset="index/12 "/>
</bind>
</comp>

<comp id="384" class="1004" name="tmp_34_cast_fu_384">
<pin_list>
<pin id="385" dir="0" index="0" bw="32" slack="0"/>
<pin id="386" dir="1" index="1" bw="33" slack="0"/>
</pin_list>
<bind>
<opcode="sext(35) " fcode="sext"/>
<opset="tmp_34_cast/12 "/>
</bind>
</comp>

<comp id="388" class="1004" name="out_data4_sum6_fu_388">
<pin_list>
<pin id="389" dir="0" index="0" bw="32" slack="0"/>
<pin id="390" dir="0" index="1" bw="30" slack="11"/>
<pin id="391" dir="1" index="2" bw="33" slack="0"/>
</pin_list>
<bind>
<opcode="add(8) " fcode="add"/>
<opset="out_data4_sum6/12 "/>
</bind>
</comp>

<comp id="393" class="1004" name="out_data4_sum6_cast_fu_393">
<pin_list>
<pin id="394" dir="0" index="0" bw="33" slack="0"/>
<pin id="395" dir="1" index="1" bw="64" slack="0"/>
</pin_list>
<bind>
<opcode="sext(35) " fcode="sext"/>
<opset="out_data4_sum6_cast/12 "/>
</bind>
</comp>

<comp id="397" class="1004" name="gmem_addr_1_fu_397">
<pin_list>
<pin id="398" dir="0" index="0" bw="32" slack="0"/>
<pin id="399" dir="0" index="1" bw="33" slack="0"/>
<pin id="400" dir="1" index="2" bw="32" slack="29"/>
</pin_list>
<bind>
<opcode="getelementptr(29) " fcode="getelementptr"/>
<opset="gmem_addr_1/12 "/>
</bind>
</comp>

<comp id="403" class="1007" name="tmp1_fu_403">
<pin_list>
<pin id="404" dir="0" index="0" bw="12" slack="3"/>
<pin id="405" dir="0" index="1" bw="20" slack="0"/>
<pin id="406" dir="1" index="2" bw="32" slack="0"/>
</pin_list>
<bind>
<opcode="mul(12) " fcode="mul"/>
<opset="tmp1/4 "/>
</bind>
</comp>

<comp id="409" class="1005" name="input_depth_V_read_reg_409">
<pin_list>
<pin id="410" dir="0" index="0" bw="8" slack="1"/>
<pin id="411" dir="1" index="1" bw="8" slack="1"/>
</pin_list>
<bind>
<opset="input_depth_V_read "/>
</bind>
</comp>

<comp id="414" class="1005" name="input_height_V_read_reg_414">
<pin_list>
<pin id="415" dir="0" index="0" bw="12" slack="2"/>
<pin id="416" dir="1" index="1" bw="12" slack="2"/>
</pin_list>
<bind>
<opset="input_height_V_read "/>
</bind>
</comp>

<comp id="419" class="1005" name="input_width_V_read_reg_419">
<pin_list>
<pin id="420" dir="0" index="0" bw="12" slack="11"/>
<pin id="421" dir="1" index="1" bw="12" slack="11"/>
</pin_list>
<bind>
<opset="input_width_V_read "/>
</bind>
</comp>

<comp id="424" class="1005" name="tmp_14_cast_reg_424">
<pin_list>
<pin id="425" dir="0" index="0" bw="33" slack="11"/>
<pin id="426" dir="1" index="1" bw="33" slack="11"/>
</pin_list>
<bind>
<opset="tmp_14_cast "/>
</bind>
</comp>

<comp id="429" class="1005" name="tmp_15_cast_reg_429">
<pin_list>
<pin id="430" dir="0" index="0" bw="33" slack="3"/>
<pin id="431" dir="1" index="1" bw="33" slack="3"/>
</pin_list>
<bind>
<opset="tmp_15_cast "/>
</bind>
</comp>

<comp id="434" class="1005" name="tmp_3_reg_434">
<pin_list>
<pin id="435" dir="0" index="0" bw="32" slack="3"/>
<pin id="436" dir="1" index="1" bw="32" slack="3"/>
</pin_list>
<bind>
<opset="tmp_3 "/>
</bind>
</comp>

<comp id="440" class="1005" name="tmp_4_cast4_reg_440">
<pin_list>
<pin id="441" dir="0" index="0" bw="20" slack="1"/>
<pin id="442" dir="1" index="1" bw="20" slack="1"/>
</pin_list>
<bind>
<opset="tmp_4_cast4 "/>
</bind>
</comp>

<comp id="445" class="1005" name="next_mul_reg_445">
<pin_list>
<pin id="446" dir="0" index="0" bw="20" slack="0"/>
<pin id="447" dir="1" index="1" bw="20" slack="0"/>
</pin_list>
<bind>
<opset="next_mul "/>
</bind>
</comp>

<comp id="453" class="1005" name="d_reg_453">
<pin_list>
<pin id="454" dir="0" index="0" bw="8" slack="0"/>
<pin id="455" dir="1" index="1" bw="8" slack="0"/>
</pin_list>
<bind>
<opset="d "/>
</bind>
</comp>

<comp id="461" class="1005" name="h_reg_461">
<pin_list>
<pin id="462" dir="0" index="0" bw="12" slack="0"/>
<pin id="463" dir="1" index="1" bw="12" slack="0"/>
</pin_list>
<bind>
<opset="h "/>
</bind>
</comp>

<comp id="466" class="1005" name="tmp_reg_466">
<pin_list>
<pin id="467" dir="0" index="0" bw="20" slack="1"/>
<pin id="468" dir="1" index="1" bw="20" slack="1"/>
</pin_list>
<bind>
<opset="tmp "/>
</bind>
</comp>

<comp id="471" class="1005" name="tmp1_reg_471">
<pin_list>
<pin id="472" dir="0" index="0" bw="32" slack="8"/>
<pin id="473" dir="1" index="1" bw="32" slack="8"/>
</pin_list>
<bind>
<opset="tmp1 "/>
</bind>
</comp>

<comp id="476" class="1005" name="gmem_addr_reg_476">
<pin_list>
<pin id="477" dir="0" index="0" bw="32" slack="1"/>
<pin id="478" dir="1" index="1" bw="32" slack="1"/>
</pin_list>
<bind>
<opset="gmem_addr "/>
</bind>
</comp>

<comp id="485" class="1005" name="w_reg_485">
<pin_list>
<pin id="486" dir="0" index="0" bw="12" slack="0"/>
<pin id="487" dir="1" index="1" bw="12" slack="0"/>
</pin_list>
<bind>
<opset="w "/>
</bind>
</comp>

<comp id="490" class="1005" name="x_reg_490">
<pin_list>
<pin id="491" dir="0" index="0" bw="32" slack="1"/>
<pin id="492" dir="1" index="1" bw="32" slack="1"/>
</pin_list>
<bind>
<opset="x "/>
</bind>
</comp>

<comp id="498" class="1005" name="gmem_addr_1_reg_498">
<pin_list>
<pin id="499" dir="0" index="0" bw="32" slack="29"/>
<pin id="500" dir="1" index="1" bw="32" slack="29"/>
</pin_list>
<bind>
<opset="gmem_addr_1 "/>
</bind>
</comp>

<comp id="504" class="1005" name="tanh_val_reg_504">
<pin_list>
<pin id="505" dir="0" index="0" bw="32" slack="1"/>
<pin id="506" dir="1" index="1" bw="32" slack="1"/>
</pin_list>
<bind>
<opset="tanh_val "/>
</bind>
</comp>

<comp id="509" class="1005" name="tmp_42_reg_509">
<pin_list>
<pin id="510" dir="0" index="0" bw="32" slack="1"/>
<pin id="511" dir="1" index="1" bw="32" slack="1"/>
</pin_list>
<bind>
<opset="tmp_42 "/>
</bind>
</comp>

</comp_list>

<net_list>
<net id="114"><net_src comp="18" pin="0"/><net_sink comp="110" pin=0"/></net>

<net id="115"><net_src comp="10" pin="0"/><net_sink comp="110" pin=1"/></net>

<net id="120"><net_src comp="18" pin="0"/><net_sink comp="116" pin=0"/></net>

<net id="121"><net_src comp="8" pin="0"/><net_sink comp="116" pin=1"/></net>

<net id="126"><net_src comp="20" pin="0"/><net_sink comp="122" pin=0"/></net>

<net id="127"><net_src comp="6" pin="0"/><net_sink comp="122" pin=1"/></net>

<net id="132"><net_src comp="22" pin="0"/><net_sink comp="128" pin=0"/></net>

<net id="133"><net_src comp="4" pin="0"/><net_sink comp="128" pin=1"/></net>

<net id="138"><net_src comp="22" pin="0"/><net_sink comp="134" pin=0"/></net>

<net id="139"><net_src comp="2" pin="0"/><net_sink comp="134" pin=1"/></net>

<net id="145"><net_src comp="86" pin="0"/><net_sink comp="140" pin=0"/></net>

<net id="150"><net_src comp="88" pin="0"/><net_sink comp="146" pin=0"/></net>

<net id="156"><net_src comp="100" pin="0"/><net_sink comp="151" pin=0"/></net>

<net id="157"><net_src comp="102" pin="0"/><net_sink comp="151" pin=2"/></net>

<net id="164"><net_src comp="104" pin="0"/><net_sink comp="158" pin=0"/></net>

<net id="165"><net_src comp="106" pin="0"/><net_sink comp="158" pin=3"/></net>

<net id="166"><net_src comp="108" pin="0"/><net_sink comp="151" pin=0"/></net>

<net id="170"><net_src comp="62" pin="0"/><net_sink comp="167" pin=0"/></net>

<net id="177"><net_src comp="167" pin="1"/><net_sink comp="171" pin=0"/></net>

<net id="181"><net_src comp="64" pin="0"/><net_sink comp="178" pin=0"/></net>

<net id="188"><net_src comp="178" pin="1"/><net_sink comp="182" pin=0"/></net>

<net id="189"><net_src comp="182" pin="4"/><net_sink comp="178" pin=0"/></net>

<net id="193"><net_src comp="78" pin="0"/><net_sink comp="190" pin=0"/></net>

<net id="200"><net_src comp="190" pin="1"/><net_sink comp="194" pin=0"/></net>

<net id="204"><net_src comp="78" pin="0"/><net_sink comp="201" pin=0"/></net>

<net id="211"><net_src comp="201" pin="1"/><net_sink comp="205" pin=2"/></net>

<net id="219"><net_src comp="94" pin="0"/><net_sink comp="212" pin=0"/></net>

<net id="220"><net_src comp="12" pin="0"/><net_sink comp="212" pin=2"/></net>

<net id="221"><net_src comp="14" pin="0"/><net_sink comp="212" pin=3"/></net>

<net id="222"><net_src comp="16" pin="0"/><net_sink comp="212" pin=4"/></net>

<net id="227"><net_src comp="98" pin="0"/><net_sink comp="223" pin=1"/></net>

<net id="232"><net_src comp="90" pin="0"/><net_sink comp="228" pin=1"/></net>

<net id="233"><net_src comp="92" pin="0"/><net_sink comp="228" pin=1"/></net>

<net id="244"><net_src comp="96" pin="0"/><net_sink comp="240" pin=1"/></net>

<net id="248"><net_src comp="228" pin="2"/><net_sink comp="245" pin=0"/></net>

<net id="249"><net_src comp="245" pin="1"/><net_sink comp="228" pin=0"/></net>

<net id="250"><net_src comp="245" pin="1"/><net_sink comp="223" pin=1"/></net>

<net id="251"><net_src comp="245" pin="1"/><net_sink comp="212" pin=1"/></net>

<net id="255"><net_src comp="223" pin="2"/><net_sink comp="252" pin=0"/></net>

<net id="256"><net_src comp="252" pin="1"/><net_sink comp="228" pin=0"/></net>

<net id="257"><net_src comp="252" pin="1"/><net_sink comp="237" pin=0"/></net>

<net id="261"><net_src comp="237" pin="1"/><net_sink comp="258" pin=0"/></net>

<net id="262"><net_src comp="258" pin="1"/><net_sink comp="240" pin=0"/></net>

<net id="263"><net_src comp="258" pin="1"/><net_sink comp="240" pin=1"/></net>

<net id="267"><net_src comp="240" pin="2"/><net_sink comp="264" pin=0"/></net>

<net id="268"><net_src comp="264" pin="1"/><net_sink comp="240" pin=0"/></net>

<net id="269"><net_src comp="264" pin="1"/><net_sink comp="234" pin=0"/></net>

<net id="276"><net_src comp="24" pin="0"/><net_sink comp="270" pin=0"/></net>

<net id="277"><net_src comp="110" pin="2"/><net_sink comp="270" pin=1"/></net>

<net id="278"><net_src comp="26" pin="0"/><net_sink comp="270" pin=2"/></net>

<net id="279"><net_src comp="28" pin="0"/><net_sink comp="270" pin=3"/></net>

<net id="283"><net_src comp="270" pin="4"/><net_sink comp="280" pin=0"/></net>

<net id="290"><net_src comp="24" pin="0"/><net_sink comp="284" pin=0"/></net>

<net id="291"><net_src comp="116" pin="2"/><net_sink comp="284" pin=1"/></net>

<net id="292"><net_src comp="26" pin="0"/><net_sink comp="284" pin=2"/></net>

<net id="293"><net_src comp="28" pin="0"/><net_sink comp="284" pin=3"/></net>

<net id="297"><net_src comp="284" pin="4"/><net_sink comp="294" pin=0"/></net>

<net id="301"><net_src comp="134" pin="2"/><net_sink comp="298" pin=0"/></net>

<net id="305"><net_src comp="128" pin="2"/><net_sink comp="302" pin=0"/></net>

<net id="310"><net_src comp="182" pin="4"/><net_sink comp="306" pin=0"/></net>

<net id="315"><net_src comp="171" pin="4"/><net_sink comp="311" pin=0"/></net>

<net id="320"><net_src comp="171" pin="4"/><net_sink comp="316" pin=0"/></net>

<net id="321"><net_src comp="72" pin="0"/><net_sink comp="316" pin=1"/></net>

<net id="325"><net_src comp="194" pin="4"/><net_sink comp="322" pin=0"/></net>

<net id="330"><net_src comp="194" pin="4"/><net_sink comp="326" pin=0"/></net>

<net id="335"><net_src comp="194" pin="4"/><net_sink comp="331" pin=0"/></net>

<net id="336"><net_src comp="82" pin="0"/><net_sink comp="331" pin=1"/></net>

<net id="341"><net_src comp="322" pin="1"/><net_sink comp="337" pin=0"/></net>

<net id="342"><net_src comp="178" pin="1"/><net_sink comp="337" pin=1"/></net>

<net id="353"><net_src comp="346" pin="1"/><net_sink comp="349" pin=0"/></net>

<net id="357"><net_src comp="349" pin="2"/><net_sink comp="354" pin=0"/></net>

<net id="362"><net_src comp="0" pin="0"/><net_sink comp="358" pin=0"/></net>

<net id="363"><net_src comp="354" pin="1"/><net_sink comp="358" pin=1"/></net>

<net id="367"><net_src comp="205" pin="4"/><net_sink comp="364" pin=0"/></net>

<net id="372"><net_src comp="205" pin="4"/><net_sink comp="368" pin=0"/></net>

<net id="377"><net_src comp="205" pin="4"/><net_sink comp="373" pin=0"/></net>

<net id="378"><net_src comp="82" pin="0"/><net_sink comp="373" pin=1"/></net>

<net id="383"><net_src comp="364" pin="1"/><net_sink comp="379" pin=0"/></net>

<net id="387"><net_src comp="379" pin="2"/><net_sink comp="384" pin=0"/></net>

<net id="392"><net_src comp="384" pin="1"/><net_sink comp="388" pin=0"/></net>

<net id="396"><net_src comp="388" pin="2"/><net_sink comp="393" pin=0"/></net>

<net id="401"><net_src comp="0" pin="0"/><net_sink comp="397" pin=0"/></net>

<net id="402"><net_src comp="393" pin="1"/><net_sink comp="397" pin=1"/></net>

<net id="407"><net_src comp="343" pin="1"/><net_sink comp="403" pin=1"/></net>

<net id="408"><net_src comp="403" pin="2"/><net_sink comp="346" pin=0"/></net>

<net id="412"><net_src comp="122" pin="2"/><net_sink comp="409" pin=0"/></net>

<net id="413"><net_src comp="409" pin="1"/><net_sink comp="311" pin=1"/></net>

<net id="417"><net_src comp="128" pin="2"/><net_sink comp="414" pin=0"/></net>

<net id="418"><net_src comp="414" pin="1"/><net_sink comp="326" pin=1"/></net>

<net id="422"><net_src comp="134" pin="2"/><net_sink comp="419" pin=0"/></net>

<net id="423"><net_src comp="419" pin="1"/><net_sink comp="368" pin=1"/></net>

<net id="427"><net_src comp="280" pin="1"/><net_sink comp="424" pin=0"/></net>

<net id="428"><net_src comp="424" pin="1"/><net_sink comp="388" pin=1"/></net>

<net id="432"><net_src comp="294" pin="1"/><net_sink comp="429" pin=0"/></net>

<net id="433"><net_src comp="429" pin="1"/><net_sink comp="349" pin=1"/></net>

<net id="437"><net_src comp="298" pin="1"/><net_sink comp="434" pin=0"/></net>

<net id="438"><net_src comp="434" pin="1"/><net_sink comp="403" pin=0"/></net>

<net id="439"><net_src comp="434" pin="1"/><net_sink comp="140" pin=2"/></net>

<net id="443"><net_src comp="302" pin="1"/><net_sink comp="440" pin=0"/></net>

<net id="444"><net_src comp="440" pin="1"/><net_sink comp="306" pin=1"/></net>

<net id="448"><net_src comp="306" pin="2"/><net_sink comp="445" pin=0"/></net>

<net id="449"><net_src comp="445" pin="1"/><net_sink comp="182" pin=2"/></net>

<net id="456"><net_src comp="316" pin="2"/><net_sink comp="453" pin=0"/></net>

<net id="457"><net_src comp="453" pin="1"/><net_sink comp="171" pin=2"/></net>

<net id="464"><net_src comp="331" pin="2"/><net_sink comp="461" pin=0"/></net>

<net id="465"><net_src comp="461" pin="1"/><net_sink comp="194" pin=2"/></net>

<net id="469"><net_src comp="337" pin="2"/><net_sink comp="466" pin=0"/></net>

<net id="470"><net_src comp="466" pin="1"/><net_sink comp="343" pin=0"/></net>

<net id="474"><net_src comp="403" pin="2"/><net_sink comp="471" pin=0"/></net>

<net id="475"><net_src comp="471" pin="1"/><net_sink comp="379" pin=1"/></net>

<net id="479"><net_src comp="358" pin="2"/><net_sink comp="476" pin=0"/></net>

<net id="480"><net_src comp="476" pin="1"/><net_sink comp="140" pin=1"/></net>

<net id="481"><net_src comp="476" pin="1"/><net_sink comp="146" pin=1"/></net>

<net id="488"><net_src comp="373" pin="2"/><net_sink comp="485" pin=0"/></net>

<net id="489"><net_src comp="485" pin="1"/><net_sink comp="205" pin=0"/></net>

<net id="493"><net_src comp="146" pin="2"/><net_sink comp="490" pin=0"/></net>

<net id="494"><net_src comp="490" pin="1"/><net_sink comp="228" pin=0"/></net>

<net id="495"><net_src comp="490" pin="1"/><net_sink comp="228" pin=1"/></net>

<net id="496"><net_src comp="490" pin="1"/><net_sink comp="223" pin=0"/></net>

<net id="497"><net_src comp="490" pin="1"/><net_sink comp="237" pin=0"/></net>

<net id="501"><net_src comp="397" pin="2"/><net_sink comp="498" pin=0"/></net>

<net id="502"><net_src comp="498" pin="1"/><net_sink comp="151" pin=1"/></net>

<net id="503"><net_src comp="498" pin="1"/><net_sink comp="158" pin=1"/></net>

<net id="507"><net_src comp="212" pin="5"/><net_sink comp="504" pin=0"/></net>

<net id="508"><net_src comp="504" pin="1"/><net_sink comp="223" pin=0"/></net>

<net id="512"><net_src comp="234" pin="1"/><net_sink comp="509" pin=0"/></net>

<net id="513"><net_src comp="509" pin="1"/><net_sink comp="158" pin=2"/></net>

</net_list>

</model> 
---------------- Datapath Model END ------------------

* FSMD analyzer results:
  - Output states:
	Port: gmem | {41 42 43 44 45 46 47 }
 - Input state : 
	Port: GELU : gmem | {5 6 7 8 9 10 11 12 }
	Port: GELU : input_width_V | {1 }
	Port: GELU : input_height_V | {1 }
	Port: GELU : input_depth_V | {1 }
	Port: GELU : in_data | {1 }
	Port: GELU : out_data | {1 }
	Port: GELU : table_exp_Z1_array_s | {29 30 }
	Port: GELU : table_f_Z3_array_V | {29 30 }
	Port: GELU : table_f_Z2_array_V | {29 30 }
  - Chain level:
	State 1
		tmp_14_cast : 1
		tmp_15_cast : 1
	State 2
		next_mul : 1
		exitcond2 : 1
		d : 1
		StgValue_78 : 2
	State 3
		i_op_assign_1_cast2 : 1
		exitcond1 : 1
		h : 1
		StgValue_87 : 2
		tmp : 2
	State 4
		tmp1 : 1
		tmp_44_cast : 2
		in_data2_sum : 3
		in_data2_sum_cast : 4
		gmem_addr : 5
	State 5
	State 6
	State 7
	State 8
	State 9
	State 10
	State 11
	State 12
		i_op_assign_2_cast1 : 1
		exitcond : 1
		w : 1
		StgValue_110 : 2
		index : 2
		tmp_34_cast : 3
		out_data4_sum6 : 4
		out_data4_sum6_cast : 5
		gmem_addr_1 : 6
	State 13
	State 14
	State 15
	State 16
	State 17
	State 18
	State 19
	State 20
	State 21
	State 22
	State 23
	State 24
	State 25
	State 26
	State 27
	State 28
	State 29
	State 30
	State 31
	State 32
	State 33
	State 34
	State 35
	State 36
	State 37
	State 38
	State 39
	State 40
	State 41
	State 42
	State 43
	State 44
	State 45
	State 46
	State 47


============================================================
+ Verbose Summary: Datapath Resource usage 
============================================================

* Functional unit list:
|----------|---------------------------------|---------|---------|---------|---------|
| Operation|         Functional Unit         |  DSP48E |  Delay  |    FF   |   LUT   |
|----------|---------------------------------|---------|---------|---------|---------|
|   call   | grp_generic_tanh_float_s_fu_212 |    37   |  6.101  |   3840  |   6179  |
|----------|---------------------------------|---------|---------|---------|---------|
|   dmul   |            grp_fu_240           |    11   |    0    |   299   |   570   |
|----------|---------------------------------|---------|---------|---------|---------|
|   fadd   |            grp_fu_223           |    2    |    0    |   227   |   404   |
|----------|---------------------------------|---------|---------|---------|---------|
|   fmul   |            grp_fu_228           |    3    |    0    |   128   |   320   |
|----------|---------------------------------|---------|---------|---------|---------|
|  fptrunc |          tmp_42_fu_234          |    0    |    0    |   128   |   285   |
|----------|---------------------------------|---------|---------|---------|---------|
|   fpext  |            grp_fu_237           |    0    |    0    |   100   |   143   |
|----------|---------------------------------|---------|---------|---------|---------|
|          |         next_mul_fu_306         |    0    |    0    |    0    |    20   |
|          |             d_fu_316            |    0    |    0    |    0    |    8    |
|          |             h_fu_331            |    0    |    0    |    0    |    12   |
|    add   |            tmp_fu_337           |    0    |    0    |    0    |    20   |
|          |       in_data2_sum_fu_349       |    0    |    0    |    0    |    32   |
|          |             w_fu_373            |    0    |    0    |    0    |    12   |
|          |           index_fu_379          |    0    |    0    |    0    |    32   |
|          |      out_data4_sum6_fu_388      |    0    |    0    |    0    |    32   |
|----------|---------------------------------|---------|---------|---------|---------|
|          |         exitcond2_fu_311        |    0    |    0    |    0    |    4    |
|   icmp   |         exitcond1_fu_326        |    0    |    0    |    0    |    5    |
|          |         exitcond_fu_368         |    0    |    0    |    0    |    5    |
|----------|---------------------------------|---------|---------|---------|---------|
|    mul   |           tmp1_fu_403           |    1    |    0    |    0    |    0    |
|----------|---------------------------------|---------|---------|---------|---------|
|          |    out_data_read_read_fu_110    |    0    |    0    |    0    |    0    |
|          |     in_data_read_read_fu_116    |    0    |    0    |    0    |    0    |
|   read   |  input_depth_V_read_read_fu_122 |    0    |    0    |    0    |    0    |
|          | input_height_V_read_read_fu_128 |    0    |    0    |    0    |    0    |
|          |  input_width_V_read_read_fu_134 |    0    |    0    |    0    |    0    |
|          |          x_read_fu_146          |    0    |    0    |    0    |    0    |
|----------|---------------------------------|---------|---------|---------|---------|
|  readreq |        grp_readreq_fu_140       |    0    |    0    |    0    |    0    |
|----------|---------------------------------|---------|---------|---------|---------|
| writeresp|       grp_writeresp_fu_151      |    0    |    0    |    0    |    0    |
|----------|---------------------------------|---------|---------|---------|---------|
|   write  |    StgValue_154_write_fu_158    |    0    |    0    |    0    |    0    |
|----------|---------------------------------|---------|---------|---------|---------|
|partselect|          tmp_49_fu_270          |    0    |    0    |    0    |    0    |
|          |          tmp_50_fu_284          |    0    |    0    |    0    |    0    |
|----------|---------------------------------|---------|---------|---------|---------|
|          |        tmp_14_cast_fu_280       |    0    |    0    |    0    |    0    |
|          |        tmp_15_cast_fu_294       |    0    |    0    |    0    |    0    |
|          |           tmp_3_fu_298          |    0    |    0    |    0    |    0    |
|   zext   |        tmp_4_cast4_fu_302       |    0    |    0    |    0    |    0    |
|          |    i_op_assign_1_cast2_fu_322   |    0    |    0    |    0    |    0    |
|          |         tmp_cast_fu_343         |    0    |    0    |    0    |    0    |
|          |    i_op_assign_2_cast1_fu_364   |    0    |    0    |    0    |    0    |
|----------|---------------------------------|---------|---------|---------|---------|
|          |        tmp_44_cast_fu_346       |    0    |    0    |    0    |    0    |
|   sext   |     in_data2_sum_cast_fu_354    |    0    |    0    |    0    |    0    |
|          |        tmp_34_cast_fu_384       |    0    |    0    |    0    |    0    |
|          |    out_data4_sum6_cast_fu_393   |    0    |    0    |    0    |    0    |
|----------|---------------------------------|---------|---------|---------|---------|
|   Total  |                                 |    54   |  6.101  |   4722  |   8083  |
|----------|---------------------------------|---------|---------|---------|---------|

Memories:
+--------------------+--------+--------+--------+
|                    |  BRAM  |   FF   |   LUT  |
+--------------------+--------+--------+--------+
|table_exp_Z1_array_s|    2   |    0   |    0   |
| table_f_Z2_array_V |    2   |    0   |    0   |
| table_f_Z3_array_V |    1   |    0   |    0   |
+--------------------+--------+--------+--------+
|        Total       |    5   |    0   |    0   |
+--------------------+--------+--------+--------+

* Register list:
+---------------------------+--------+
|                           |   FF   |
+---------------------------+--------+
|         d_reg_453         |    8   |
|    gmem_addr_1_reg_498    |   32   |
|     gmem_addr_reg_476     |   32   |
|         h_reg_461         |   12   |
|   i_op_assign_1_reg_190   |   12   |
|   i_op_assign_2_reg_201   |   12   |
|    i_op_assign_reg_167    |    8   |
| input_depth_V_read_reg_409|    8   |
|input_height_V_read_reg_414|   12   |
| input_width_V_read_reg_419|   12   |
|      next_mul_reg_445     |   20   |
|      phi_mul_reg_178      |   20   |
|          reg_245          |   32   |
|          reg_252          |   32   |
|          reg_258          |   64   |
|          reg_264          |   64   |
|      tanh_val_reg_504     |   32   |
|        tmp1_reg_471       |   32   |
|    tmp_14_cast_reg_424    |   33   |
|    tmp_15_cast_reg_429    |   33   |
|       tmp_3_reg_434       |   32   |
|       tmp_42_reg_509      |   32   |
|    tmp_4_cast4_reg_440    |   20   |
|        tmp_reg_466        |   20   |
|         w_reg_485         |   12   |
|         x_reg_490         |   32   |
+---------------------------+--------+
|           Total           |   658  |
+---------------------------+--------+

* Multiplexer (MUX) list: 
|----------------------|------|------|------|--------||---------||---------|
|         Comp         |  Pin | Size |  BW  | S x BW ||  Delay  ||   LUT   |
|----------------------|------|------|------|--------||---------||---------|
| grp_writeresp_fu_151 |  p0  |   2  |   1  |    2   |
|    phi_mul_reg_178   |  p0  |   2  |  20  |   40   ||    3    |
|      grp_fu_223      |  p0  |   2  |  32  |   64   ||    3    |
|      grp_fu_223      |  p1  |   2  |  32  |   64   ||    3    |
|      grp_fu_228      |  p0  |   3  |  32  |   96   ||    3    |
|      grp_fu_228      |  p1  |   3  |  32  |   96   ||    3    |
|      grp_fu_237      |  p0  |   2  |  32  |   64   ||    3    |
|      grp_fu_240      |  p0  |   2  |  64  |   128  ||    3    |
|      grp_fu_240      |  p1  |   2  |  64  |   128  ||    3    |
|----------------------|------|------|------|--------||---------||---------|
|         Total        |      |      |      |   682  ||   4.85  ||    24   |
|----------------------|------|------|------|--------||---------||---------|



* Summary:
+-----------+--------+--------+--------+--------+--------+
|           |  BRAM  | DSP48E |  Delay |   FF   |   LUT  |
+-----------+--------+--------+--------+--------+--------+
|  Function |    -   |   54   |    6   |  4722  |  8083  |
|   Memory  |    5   |    -   |    -   |    0   |    0   |
|Multiplexer|    -   |    -   |    4   |    -   |   24   |
|  Register |    -   |    -   |    -   |   658  |    -   |
+-----------+--------+--------+--------+--------+--------+
|   Total   |    5   |   54   |   10   |  5380  |  8107  |
+-----------+--------+--------+--------+--------+--------+
