==============================================================
File generated on Tue Oct 15 13:35:41 +0800 2019
Vivado(TM) HLS - High-Level Synthesis from C, C++ and SystemC v2018.3 (64-bit)
SW Build 2405991 on Thu Dec  6 23:38:27 MST 2018
IP Build 2404404 on Fri Dec  7 01:43:56 MST 2018
Copyright 1986-2018 Xilinx, Inc. All Rights Reserved.
==============================================================
INFO: [SYN 201-201] Setting up clock 'default' with a period of 10ns.
INFO: [HLS 200-10] Setting target device to 'xc7z020clg400-2'
INFO: [SYN 201-201] Setting up clock 'default' with a period of 10ns.
INFO: [SCHED 204-61] Option 'relax_ii_for_timing' is enabled, will increase II to preserve clock frequency constraints.
INFO: [HLS 200-10] Analyzing design file '../src/Gelu/GELU.cpp' ... 
INFO: [HLS 200-111] Finished Linking Time (s): cpu = 00:00:00 ; elapsed = 00:00:10 . Memory (MB): peak = 103.055 ; gain = 17.453
INFO: [HLS 200-111] Finished Checking Pragmas Time (s): cpu = 00:00:00 ; elapsed = 00:00:10 . Memory (MB): peak = 103.055 ; gain = 17.453
INFO: [HLS 200-10] Starting code transformations ...
INFO: [HLS 200-111] Finished Standard Transforms Time (s): cpu = 00:00:00 ; elapsed = 00:00:12 . Memory (MB): peak = 241.844 ; gain = 156.242
INFO: [HLS 200-10] Checking synthesizability ...
INFO: [XFORM 203-602] Inlining function 'fp_struct<float>::data' into 'fp_struct<float>::to_float' (r:/builds/2018.3/continuous/2018_12_06_2405991/src/products/hls/hls_lib/src/hls\utils/x_hls_utils.h:348) automatically.
INFO: [XFORM 203-602] Inlining function 'fp_struct<float>::to_float' into 'fp_struct<float>::to_ieee' (r:/builds/2018.3/continuous/2018_12_06_2405991/src/products/hls/hls_lib/src/hls\utils/x_hls_utils.h:369) automatically.
INFO: [XFORM 203-602] Inlining function 'fp_struct<float>::to_ieee' into 'generic_copysign<float>' (r:/builds/2018.3/continuous/2018_12_06_2405991/src/products/hls/hls_lib/hlsmath/include/FloatingPoint/hls_copysign.h:13) automatically.
INFO: [XFORM 203-602] Inlining function 'generic_copysign<float>' into 'generic_fabs<float>' (r:/builds/2018.3/continuous/2018_12_06_2405991/src/products/hls/hls_lib/hlsmath/include/FloatingPoint/hls_fabs.h:12) automatically.
INFO: [XFORM 203-602] Inlining function 'fp_struct<float>::to_ieee' into 'generic_nan<float>' (r:/builds/2018.3/continuous/2018_12_06_2405991/src/products/hls/hls_lib/hlsmath/include/FloatingPoint/hls_nan.h:14) automatically.
INFO: [XFORM 203-602] Inlining function 'fp_struct<double>::data' into 'fp_struct<double>::to_double' (r:/builds/2018.3/continuous/2018_12_06_2405991/src/products/hls/hls_lib/src/hls\utils/x_hls_utils.h:512) automatically.
INFO: [XFORM 203-602] Inlining function 'fp_struct<double>::to_double' into 'fp_struct<double>::to_ieee' (r:/builds/2018.3/continuous/2018_12_06_2405991/src/products/hls/hls_lib/src/hls\utils/x_hls_utils.h:526) automatically.
INFO: [XFORM 203-602] Inlining function 'generic_isnan<double>' into 'exp_reduce_::exp_generic<double>' (r:/builds/2018.3/continuous/2018_12_06_2405991/src/products/hls/hls_lib/hlsmath/include/FloatingPoint\hls_exp_.h:208) automatically.
INFO: [XFORM 203-602] Inlining function 'generic_isinf<double>' into 'exp_reduce_::exp_generic<double>' (r:/builds/2018.3/continuous/2018_12_06_2405991/src/products/hls/hls_lib/hlsmath/include/FloatingPoint\hls_exp_.h:209) automatically.
INFO: [XFORM 203-602] Inlining function 'fp_struct<double>::to_ieee' into 'exp_reduce_::exp_generic<double>' (r:/builds/2018.3/continuous/2018_12_06_2405991/src/products/hls/hls_lib/hlsmath/include/FloatingPoint\hls_exp_.h:218) automatically.
INFO: [XFORM 203-602] Inlining function 'fp_struct<double>::expv' into 'exp_reduce_::exp_generic<double>' (r:/builds/2018.3/continuous/2018_12_06_2405991/src/products/hls/hls_lib/hlsmath/include/FloatingPoint\hls_exp_.h:236) automatically.
INFO: [XFORM 203-602] Inlining function 'exp_reduce_::exp_traits<double>::exp_Z1P_m_1' into 'exp_reduce_::exp_generic<double>' (r:/builds/2018.3/continuous/2018_12_06_2405991/src/products/hls/hls_lib/hlsmath/include/FloatingPoint\hls_exp_.h:321) automatically.
INFO: [XFORM 203-602] Inlining function 'generic_fabs<float>' into 'explog_based::generic_tanh<float>' (r:/builds/2018.3/continuous/2018_12_06_2405991/src/products/hls/hls_lib/hlsmath/include/FloatingPoint\hls_tanh.h:61) automatically.
INFO: [XFORM 203-602] Inlining function 'generic_nan<float>' into 'explog_based::generic_tanh<float>' (r:/builds/2018.3/continuous/2018_12_06_2405991/src/products/hls/hls_lib/hlsmath/include/FloatingPoint\hls_tanh.h:67) automatically.
INFO: [XFORM 203-602] Inlining function 'exp_reduce_::expm1' into 'explog_based::generic_tanh<float>' (r:/builds/2018.3/continuous/2018_12_06_2405991/src/products/hls/hls_lib/hlsmath/include/FloatingPoint\hls_tanh.h:89) automatically.
INFO: [XFORM 203-602] Inlining function 'tanhf' into 'std::tanh' (D:/software/Xilinx/Vivado/2018.3/win64/tools/clang/bin\..\lib\clang\3.1/../../../include/c++/4.5.2\cmath:466) automatically.
INFO: [XFORM 203-602] Inlining function 'std::tanh' into 'GELU' (../src/Gelu/GELU.cpp:16) automatically.
INFO: [HLS 200-111] Finished Checking Synthesizability Time (s): cpu = 00:00:00 ; elapsed = 00:00:13 . Memory (MB): peak = 293.523 ; gain = 207.922
INFO: [XFORM 203-602] Inlining function 'fp_struct<float>::data' into 'fp_struct<float>::to_float' (r:/builds/2018.3/continuous/2018_12_06_2405991/src/products/hls/hls_lib/src/hls\utils/x_hls_utils.h:348) automatically.
INFO: [XFORM 203-602] Inlining function 'fp_struct<float>::to_float' into 'fp_struct<float>::to_ieee' (r:/builds/2018.3/continuous/2018_12_06_2405991/src/products/hls/hls_lib/src/hls\utils/x_hls_utils.h:369) automatically.
INFO: [XFORM 203-602] Inlining function 'fp_struct<float>::to_ieee' into 'generic_copysign<float>' (r:/builds/2018.3/continuous/2018_12_06_2405991/src/products/hls/hls_lib/hlsmath/include/FloatingPoint/hls_copysign.h:13) automatically.
INFO: [XFORM 203-602] Inlining function 'generic_copysign<float>' into 'generic_fabs<float>' (r:/builds/2018.3/continuous/2018_12_06_2405991/src/products/hls/hls_lib/hlsmath/include/FloatingPoint/hls_fabs.h:12) automatically.
INFO: [XFORM 203-602] Inlining function 'fp_struct<float>::to_ieee' into 'generic_nan<float>' (r:/builds/2018.3/continuous/2018_12_06_2405991/src/products/hls/hls_lib/hlsmath/include/FloatingPoint/hls_nan.h:14) automatically.
INFO: [XFORM 203-602] Inlining function 'fp_struct<double>::data' into 'fp_struct<double>::to_double' (r:/builds/2018.3/continuous/2018_12_06_2405991/src/products/hls/hls_lib/src/hls\utils/x_hls_utils.h:512) automatically.
INFO: [XFORM 203-602] Inlining function 'fp_struct<double>::to_double' into 'fp_struct<double>::to_ieee' (r:/builds/2018.3/continuous/2018_12_06_2405991/src/products/hls/hls_lib/src/hls\utils/x_hls_utils.h:526) automatically.
INFO: [XFORM 203-602] Inlining function 'generic_isnan<double>' into 'exp_reduce_::exp_generic<double>' (r:/builds/2018.3/continuous/2018_12_06_2405991/src/products/hls/hls_lib/hlsmath/include/FloatingPoint\hls_exp_.h:208) automatically.
INFO: [XFORM 203-602] Inlining function 'generic_isinf<double>' into 'exp_reduce_::exp_generic<double>' (r:/builds/2018.3/continuous/2018_12_06_2405991/src/products/hls/hls_lib/hlsmath/include/FloatingPoint\hls_exp_.h:209) automatically.
INFO: [XFORM 203-602] Inlining function 'fp_struct<double>::to_ieee' into 'exp_reduce_::exp_generic<double>' (r:/builds/2018.3/continuous/2018_12_06_2405991/src/products/hls/hls_lib/hlsmath/include/FloatingPoint\hls_exp_.h:218) automatically.
INFO: [XFORM 203-602] Inlining function 'fp_struct<double>::expv' into 'exp_reduce_::exp_generic<double>' (r:/builds/2018.3/continuous/2018_12_06_2405991/src/products/hls/hls_lib/hlsmath/include/FloatingPoint\hls_exp_.h:236) automatically.
INFO: [XFORM 203-602] Inlining function 'exp_reduce_::exp_traits<double>::exp_Z1P_m_1' into 'exp_reduce_::exp_generic<double>' (r:/builds/2018.3/continuous/2018_12_06_2405991/src/products/hls/hls_lib/hlsmath/include/FloatingPoint\hls_exp_.h:321) automatically.
INFO: [XFORM 203-602] Inlining function 'generic_fabs<float>' into 'explog_based::generic_tanh<float>' (r:/builds/2018.3/continuous/2018_12_06_2405991/src/products/hls/hls_lib/hlsmath/include/FloatingPoint\hls_tanh.h:61) automatically.
INFO: [XFORM 203-602] Inlining function 'generic_nan<float>' into 'explog_based::generic_tanh<float>' (r:/builds/2018.3/continuous/2018_12_06_2405991/src/products/hls/hls_lib/hlsmath/include/FloatingPoint\hls_tanh.h:67) automatically.
INFO: [XFORM 203-602] Inlining function 'exp_reduce_::expm1' into 'explog_based::generic_tanh<float>' (r:/builds/2018.3/continuous/2018_12_06_2405991/src/products/hls/hls_lib/hlsmath/include/FloatingPoint\hls_tanh.h:89) automatically.
INFO: [XFORM 203-602] Inlining function 'tanhf' into 'std::tanh' (D:/software/Xilinx/Vivado/2018.3/win64/tools/clang/bin\..\lib\clang\3.1/../../../include/c++/4.5.2\cmath:466) automatically.
INFO: [XFORM 203-602] Inlining function 'std::tanh' into 'GELU' (../src/Gelu/GELU.cpp:16) automatically.
INFO: [XFORM 203-401] Performing if-conversion on hyperblock from (r:/builds/2018.3/continuous/2018_12_06_2405991/src/products/hls/hls_lib/hlsmath/include/FloatingPoint\hls_tanh.h:107:8) to (r:/builds/2018.3/continuous/2018_12_06_2405991/src/products/hls/hls_lib/hlsmath/include/FloatingPoint\hls_tanh.h:113:3) in function 'explog_based::generic_tanh<float>'... converting 3 basic blocks.
INFO: [XFORM 203-401] Performing if-conversion on hyperblock from (r:/builds/2018.3/continuous/2018_12_06_2405991/src/products/hls/hls_lib/hlsmath/include/FloatingPoint\hls_tanh.h:82:10) to (r:/builds/2018.3/continuous/2018_12_06_2405991/src/products/hls/hls_lib/hlsmath/src/common/hls_exp_float.cpp:8:10) in function 'explog_based::generic_tanh<float>'... converting 4 basic blocks.
INFO: [XFORM 203-401] Performing if-conversion on hyperblock from (r:/builds/2018.3/continuous/2018_12_06_2405991/src/products/hls/hls_lib/hlsmath/include/FloatingPoint\hls_exp_.h:184:19) to (r:/builds/2018.3/continuous/2018_12_06_2405991/src/products/hls/hls_lib/hlsmath/include/FloatingPoint\hls_exp_.h:367:3) in function 'exp_reduce_::exp_generic<double>'... converting 20 basic blocks.
INFO: [HLS 200-111] Finished Pre-synthesis Time (s): cpu = 00:00:00 ; elapsed = 00:00:14 . Memory (MB): peak = 384.109 ; gain = 298.508
WARNING: [XFORM 203-631] Renaming function 'explog_based::generic_tanh<float>' to 'generic_tanh<float>' (r:/builds/2018.3/continuous/2018_12_06_2405991/src/products/hls/hls_lib/hlsmath/include/FloatingPoint\hls_tanh.h:56)
WARNING: [XFORM 203-631] Renaming function 'exp_reduce_::exp_generic<double>' to 'exp_generic<double>' (r:/builds/2018.3/continuous/2018_12_06_2405991/src/products/hls/hls_lib/hlsmath/include/FloatingPoint\hls_exp_.h:184)
INFO: [HLS 200-111] Finished Architecture Synthesis Time (s): cpu = 00:00:01 ; elapsed = 00:00:14 . Memory (MB): peak = 422.367 ; gain = 336.766
INFO: [HLS 200-10] Starting hardware synthesis ...
INFO: [HLS 200-10] Synthesizing 'GELU' ...
WARNING: [SYN 201-103] Legalizing function name 'exp_generic<double>' to 'exp_generic_double_s'.
WARNING: [SYN 201-103] Legalizing function name 'generic_tanh<float>' to 'generic_tanh_float_s'.
WARNING: [SYN 201-107] Renaming port name 'GELU/out' to 'GELU/out_r' to avoid the conflict with HDL keywords or other object names.
INFO: [HLS 200-10] ----------------------------------------------------------------
INFO: [HLS 200-42] -- Implementing module 'exp_generic_double_s' 
INFO: [HLS 200-10] ----------------------------------------------------------------
INFO: [SCHED 204-11] Starting scheduling ...
INFO: [SCHED 204-61] Pipelining function 'exp_generic<double>'.
INFO: [SCHED 204-61] Pipelining result : Target II = 1, Final II = 1, Depth = 13.
INFO: [SCHED 204-11] Finished scheduling.
INFO: [HLS 200-111]  Elapsed time: 14.217 seconds; current allocated memory: 357.934 MB.
INFO: [BIND 205-100] Starting micro-architecture generation ...
INFO: [BIND 205-101] Performing variable lifetime analysis.
INFO: [BIND 205-101] Exploring resource sharing.
INFO: [BIND 205-101] Binding ...
INFO: [BIND 205-100] Finished micro-architecture generation.
INFO: [HLS 200-111]  Elapsed time: 0.147 seconds; current allocated memory: 358.581 MB.
INFO: [HLS 200-10] ----------------------------------------------------------------
INFO: [HLS 200-42] -- Implementing module 'generic_tanh_float_s' 
INFO: [HLS 200-10] ----------------------------------------------------------------
INFO: [SCHED 204-11] Starting scheduling ...
INFO: [SCHED 204-11] Finished scheduling.
INFO: [HLS 200-111]  Elapsed time: 0.203 seconds; current allocated memory: 359.222 MB.
INFO: [BIND 205-100] Starting micro-architecture generation ...
INFO: [BIND 205-101] Performing variable lifetime analysis.
INFO: [BIND 205-101] Exploring resource sharing.
INFO: [BIND 205-101] Binding ...
INFO: [BIND 205-100] Finished micro-architecture generation.
INFO: [HLS 200-111]  Elapsed time: 0.138 seconds; current allocated memory: 359.672 MB.
INFO: [HLS 200-10] ----------------------------------------------------------------
INFO: [HLS 200-42] -- Implementing module 'GELU' 
INFO: [HLS 200-10] ----------------------------------------------------------------
INFO: [SCHED 204-11] Starting scheduling ...
INFO: [SCHED 204-11] Finished scheduling.
INFO: [HLS 200-111]  Elapsed time: 0.224 seconds; current allocated memory: 360.008 MB.
INFO: [BIND 205-100] Starting micro-architecture generation ...
INFO: [BIND 205-101] Performing variable lifetime analysis.
INFO: [BIND 205-101] Exploring resource sharing.
INFO: [BIND 205-101] Binding ...
INFO: [BIND 205-100] Finished micro-architecture generation.
INFO: [HLS 200-111]  Elapsed time: 0.126 seconds; current allocated memory: 360.148 MB.
INFO: [HLS 200-10] ----------------------------------------------------------------
INFO: [HLS 200-10] -- Generating RTL for module 'exp_generic_double_s' 
INFO: [HLS 200-10] ----------------------------------------------------------------
INFO: [SYN 201-210] Renamed object name 'exp_generic_double_s_table_exp_Z1_array_s' to 'exp_generic_doublbkb' due to the length limit 20
INFO: [SYN 201-210] Renamed object name 'exp_generic_double_s_table_f_Z3_array_V' to 'exp_generic_doublcud' due to the length limit 20
INFO: [SYN 201-210] Renamed object name 'exp_generic_double_s_table_f_Z2_array_V' to 'exp_generic_doubldEe' due to the length limit 20
INFO: [SYN 201-210] Renamed object name 'GELU_mul_72ns_13s_84_2_1' to 'GELU_mul_72ns_13seOg' due to the length limit 20
INFO: [SYN 201-210] Renamed object name 'GELU_mac_muladd_16ns_16s_19s_31_1_1' to 'GELU_mac_muladd_1fYi' due to the length limit 20
INFO: [RTGEN 206-100] Generating core module 'GELU_mac_muladd_1fYi': 1 instance(s).
INFO: [RTGEN 206-100] Generating core module 'GELU_mul_72ns_13seOg': 1 instance(s).
INFO: [RTGEN 206-100] Finished creating RTL model for 'exp_generic_double_s'.
INFO: [HLS 200-111]  Elapsed time: 0.277 seconds; current allocated memory: 361.601 MB.
INFO: [HLS 200-10] ----------------------------------------------------------------
INFO: [HLS 200-10] -- Generating RTL for module 'generic_tanh_float_s' 
INFO: [HLS 200-10] ----------------------------------------------------------------
INFO: [SYN 201-210] Renamed object name 'GELU_faddfsub_32ns_32ns_32_4_full_dsp_1' to 'GELU_faddfsub_32ng8j' due to the length limit 20
INFO: [SYN 201-210] Renamed object name 'GELU_fmul_32ns_32ns_32_3_max_dsp_1' to 'GELU_fmul_32ns_32hbi' due to the length limit 20
INFO: [SYN 201-210] Renamed object name 'GELU_fdiv_32ns_32ns_32_12_1' to 'GELU_fdiv_32ns_32ibs' due to the length limit 20
INFO: [SYN 201-210] Renamed object name 'GELU_fptrunc_64ns_32_1_1' to 'GELU_fptrunc_64nsjbC' due to the length limit 20
INFO: [SYN 201-210] Renamed object name 'GELU_fpext_32ns_64_1_1' to 'GELU_fpext_32ns_6kbM' due to the length limit 20
INFO: [SYN 201-210] Renamed object name 'GELU_fcmp_32ns_32ns_1_1_1' to 'GELU_fcmp_32ns_32lbW' due to the length limit 20
INFO: [SYN 201-210] Renamed object name 'GELU_dadd_64ns_64ns_64_5_full_dsp_1' to 'GELU_dadd_64ns_64mb6' due to the length limit 20
INFO: [RTGEN 206-100] Generating core module 'GELU_dadd_64ns_64mb6': 1 instance(s).
INFO: [RTGEN 206-100] Generating core module 'GELU_faddfsub_32ng8j': 1 instance(s).
INFO: [RTGEN 206-100] Generating core module 'GELU_fcmp_32ns_32lbW': 1 instance(s).
INFO: [RTGEN 206-100] Generating core module 'GELU_fdiv_32ns_32ibs': 1 instance(s).
INFO: [RTGEN 206-100] Generating core module 'GELU_fmul_32ns_32hbi': 1 instance(s).
INFO: [RTGEN 206-100] Generating core module 'GELU_fpext_32ns_6kbM': 1 instance(s).
INFO: [RTGEN 206-100] Generating core module 'GELU_fptrunc_64nsjbC': 1 instance(s).
INFO: [RTGEN 206-100] Finished creating RTL model for 'generic_tanh_float_s'.
INFO: [HLS 200-111]  Elapsed time: 0.634 seconds; current allocated memory: 362.967 MB.
INFO: [HLS 200-10] ----------------------------------------------------------------
INFO: [HLS 200-10] -- Generating RTL for module 'GELU' 
INFO: [HLS 200-10] ----------------------------------------------------------------
INFO: [RTGEN 206-500] Setting interface mode on port 'GELU/x' to 's_axilite & ap_none'.
INFO: [RTGEN 206-500] Setting interface mode on port 'GELU/out_r' to 's_axilite & ap_vld'.
INFO: [RTGEN 206-500] Setting interface mode on function 'GELU' to 's_axilite & ap_ctrl_hs'.
INFO: [RTGEN 206-100] Bundling port 'return', 'x' and 'out_r' to AXI-Lite port AXILiteS.
INFO: [SYN 201-210] Renamed object name 'GELU_fadd_32ns_32ns_32_4_full_dsp_1' to 'GELU_fadd_32ns_32ncg' due to the length limit 20
INFO: [SYN 201-210] Renamed object name 'GELU_dmul_64ns_64ns_64_5_max_dsp_1' to 'GELU_dmul_64ns_64ocq' due to the length limit 20
INFO: [RTGEN 206-100] Generating core module 'GELU_dmul_64ns_64ocq': 1 instance(s).
INFO: [RTGEN 206-100] Generating core module 'GELU_fadd_32ns_32ncg': 1 instance(s).
INFO: [RTGEN 206-100] Generating core module 'GELU_fmul_32ns_32hbi': 1 instance(s).
INFO: [RTGEN 206-100] Generating core module 'GELU_fpext_32ns_6kbM': 1 instance(s).
INFO: [RTGEN 206-100] Generating core module 'GELU_fptrunc_64nsjbC': 1 instance(s).
INFO: [RTGEN 206-100] Finished creating RTL model for 'GELU'.
INFO: [HLS 200-111]  Elapsed time: 0.491 seconds; current allocated memory: 363.617 MB.
INFO: [RTMG 210-282] Generating pipelined core: 'GELU_mul_72ns_13seOg_MulnS_0'
INFO: [RTMG 210-279] Implementing memory 'exp_generic_doublbkb_rom' using auto ROMs.
INFO: [RTMG 210-279] Implementing memory 'exp_generic_doublcud_rom' using auto ROMs.
INFO: [RTMG 210-279] Implementing memory 'exp_generic_doubldEe_rom' using auto ROMs.
INFO: [HLS 200-111] Finished generating all RTL models Time (s): cpu = 00:00:01 ; elapsed = 00:00:19 . Memory (MB): peak = 430.305 ; gain = 344.703
INFO: [SYSC 207-301] Generating SystemC RTL for GELU.
INFO: [VHDL 208-304] Generating VHDL RTL for GELU.
INFO: [VLOG 209-307] Generating Verilog RTL for GELU.
INFO: [HLS 200-112] Total elapsed time: 18.949 seconds; peak allocated memory: 363.617 MB.
==============================================================
File generated on Thu Oct 15 13:42:18 +0800 2020
Vivado(TM) HLS - High-Level Synthesis from C, C++ and SystemC v2018.3 (64-bit)
SW Build 2405991 on Thu Dec  6 23:38:27 MST 2018
IP Build 2404404 on Fri Dec  7 01:43:56 MST 2018
Copyright 1986-2018 Xilinx, Inc. All Rights Reserved.
==============================================================
INFO: [SYN 201-201] Setting up clock 'default' with a period of 10ns.
INFO: [HLS 200-10] Setting target device to 'xc7z020clg400-2'
INFO: [IMPL 213-8] Exporting RTL as a Vivado IP.
==============================================================
File generated on Tue Oct 15 14:43:55 +0800 2024
Vivado(TM) HLS - High-Level Synthesis from C, C++ and SystemC v2018.3 (64-bit)
SW Build 2405991 on Thu Dec  6 23:38:27 MST 2018
IP Build 2404404 on Fri Dec  7 01:43:56 MST 2018
Copyright 1986-2018 Xilinx, Inc. All Rights Reserved.
==============================================================
INFO: [SYN 201-201] Setting up clock 'default' with a period of 10ns.
INFO: [HLS 200-10] Setting target device to 'xc7z020clg400-2'
INFO: [SCHED 204-61] Option 'relax_ii_for_timing' is enabled, will increase II to preserve clock frequency constraints.
INFO: [HLS 200-10] Analyzing design file '../src/Gelu/GELU.cpp' ... 
INFO: [HLS 200-111] Finished Linking Time (s): cpu = 00:00:00 ; elapsed = 00:00:10 . Memory (MB): peak = 103.254 ; gain = 17.918
INFO: [HLS 200-111] Finished Checking Pragmas Time (s): cpu = 00:00:00 ; elapsed = 00:00:10 . Memory (MB): peak = 103.254 ; gain = 17.918
INFO: [HLS 200-10] Starting code transformations ...
INFO: [HLS 200-111] Finished Standard Transforms Time (s): cpu = 00:00:00 ; elapsed = 00:00:12 . Memory (MB): peak = 242.207 ; gain = 156.871
INFO: [HLS 200-10] Checking synthesizability ...
INFO: [XFORM 203-602] Inlining function 'fp_struct<float>::data' into 'fp_struct<float>::to_float' (r:/builds/2018.3/continuous/2018_12_06_2405991/src/products/hls/hls_lib/src/hls\utils/x_hls_utils.h:348) automatically.
INFO: [XFORM 203-602] Inlining function 'fp_struct<float>::to_float' into 'fp_struct<float>::to_ieee' (r:/builds/2018.3/continuous/2018_12_06_2405991/src/products/hls/hls_lib/src/hls\utils/x_hls_utils.h:369) automatically.
INFO: [XFORM 203-602] Inlining function 'fp_struct<float>::to_ieee' into 'generic_copysign<float>' (r:/builds/2018.3/continuous/2018_12_06_2405991/src/products/hls/hls_lib/hlsmath/include/FloatingPoint/hls_copysign.h:13) automatically.
INFO: [XFORM 203-602] Inlining function 'generic_copysign<float>' into 'generic_fabs<float>' (r:/builds/2018.3/continuous/2018_12_06_2405991/src/products/hls/hls_lib/hlsmath/include/FloatingPoint/hls_fabs.h:12) automatically.
INFO: [XFORM 203-602] Inlining function 'fp_struct<float>::to_ieee' into 'generic_nan<float>' (r:/builds/2018.3/continuous/2018_12_06_2405991/src/products/hls/hls_lib/hlsmath/include/FloatingPoint/hls_nan.h:14) automatically.
INFO: [XFORM 203-602] Inlining function 'fp_struct<double>::data' into 'fp_struct<double>::to_double' (r:/builds/2018.3/continuous/2018_12_06_2405991/src/products/hls/hls_lib/src/hls\utils/x_hls_utils.h:512) automatically.
INFO: [XFORM 203-602] Inlining function 'fp_struct<double>::to_double' into 'fp_struct<double>::to_ieee' (r:/builds/2018.3/continuous/2018_12_06_2405991/src/products/hls/hls_lib/src/hls\utils/x_hls_utils.h:526) automatically.
INFO: [XFORM 203-602] Inlining function 'generic_isnan<double>' into 'exp_reduce_::exp_generic<double>' (r:/builds/2018.3/continuous/2018_12_06_2405991/src/products/hls/hls_lib/hlsmath/include/FloatingPoint\hls_exp_.h:208) automatically.
INFO: [XFORM 203-602] Inlining function 'generic_isinf<double>' into 'exp_reduce_::exp_generic<double>' (r:/builds/2018.3/continuous/2018_12_06_2405991/src/products/hls/hls_lib/hlsmath/include/FloatingPoint\hls_exp_.h:209) automatically.
INFO: [XFORM 203-602] Inlining function 'fp_struct<double>::to_ieee' into 'exp_reduce_::exp_generic<double>' (r:/builds/2018.3/continuous/2018_12_06_2405991/src/products/hls/hls_lib/hlsmath/include/FloatingPoint\hls_exp_.h:218) automatically.
INFO: [XFORM 203-602] Inlining function 'fp_struct<double>::expv' into 'exp_reduce_::exp_generic<double>' (r:/builds/2018.3/continuous/2018_12_06_2405991/src/products/hls/hls_lib/hlsmath/include/FloatingPoint\hls_exp_.h:236) automatically.
INFO: [XFORM 203-602] Inlining function 'exp_reduce_::exp_traits<double>::exp_Z1P_m_1' into 'exp_reduce_::exp_generic<double>' (r:/builds/2018.3/continuous/2018_12_06_2405991/src/products/hls/hls_lib/hlsmath/include/FloatingPoint\hls_exp_.h:321) automatically.
INFO: [XFORM 203-602] Inlining function 'generic_fabs<float>' into 'explog_based::generic_tanh<float>' (r:/builds/2018.3/continuous/2018_12_06_2405991/src/products/hls/hls_lib/hlsmath/include/FloatingPoint\hls_tanh.h:61) automatically.
INFO: [XFORM 203-602] Inlining function 'generic_nan<float>' into 'explog_based::generic_tanh<float>' (r:/builds/2018.3/continuous/2018_12_06_2405991/src/products/hls/hls_lib/hlsmath/include/FloatingPoint\hls_tanh.h:67) automatically.
INFO: [XFORM 203-602] Inlining function 'exp_reduce_::expm1' into 'explog_based::generic_tanh<float>' (r:/builds/2018.3/continuous/2018_12_06_2405991/src/products/hls/hls_lib/hlsmath/include/FloatingPoint\hls_tanh.h:89) automatically.
INFO: [XFORM 203-602] Inlining function 'tanhf' into 'std::tanh' (D:/software/Xilinx/Vivado/2018.3/win64/tools/clang/bin\..\lib\clang\3.1/../../../include/c++/4.5.2\cmath:466) automatically.
INFO: [XFORM 203-602] Inlining function 'std::tanh' into 'GELU' (../src/Gelu/GELU.cpp:16) automatically.
INFO: [HLS 200-111] Finished Checking Synthesizability Time (s): cpu = 00:00:00 ; elapsed = 00:00:13 . Memory (MB): peak = 293.609 ; gain = 208.273
INFO: [XFORM 203-602] Inlining function 'fp_struct<float>::data' into 'fp_struct<float>::to_float' (r:/builds/2018.3/continuous/2018_12_06_2405991/src/products/hls/hls_lib/src/hls\utils/x_hls_utils.h:348) automatically.
INFO: [XFORM 203-602] Inlining function 'fp_struct<float>::to_float' into 'fp_struct<float>::to_ieee' (r:/builds/2018.3/continuous/2018_12_06_2405991/src/products/hls/hls_lib/src/hls\utils/x_hls_utils.h:369) automatically.
INFO: [XFORM 203-602] Inlining function 'fp_struct<float>::to_ieee' into 'generic_copysign<float>' (r:/builds/2018.3/continuous/2018_12_06_2405991/src/products/hls/hls_lib/hlsmath/include/FloatingPoint/hls_copysign.h:13) automatically.
INFO: [XFORM 203-602] Inlining function 'generic_copysign<float>' into 'generic_fabs<float>' (r:/builds/2018.3/continuous/2018_12_06_2405991/src/products/hls/hls_lib/hlsmath/include/FloatingPoint/hls_fabs.h:12) automatically.
INFO: [XFORM 203-602] Inlining function 'fp_struct<float>::to_ieee' into 'generic_nan<float>' (r:/builds/2018.3/continuous/2018_12_06_2405991/src/products/hls/hls_lib/hlsmath/include/FloatingPoint/hls_nan.h:14) automatically.
INFO: [XFORM 203-602] Inlining function 'fp_struct<double>::data' into 'fp_struct<double>::to_double' (r:/builds/2018.3/continuous/2018_12_06_2405991/src/products/hls/hls_lib/src/hls\utils/x_hls_utils.h:512) automatically.
INFO: [XFORM 203-602] Inlining function 'fp_struct<double>::to_double' into 'fp_struct<double>::to_ieee' (r:/builds/2018.3/continuous/2018_12_06_2405991/src/products/hls/hls_lib/src/hls\utils/x_hls_utils.h:526) automatically.
INFO: [XFORM 203-602] Inlining function 'generic_isnan<double>' into 'exp_reduce_::exp_generic<double>' (r:/builds/2018.3/continuous/2018_12_06_2405991/src/products/hls/hls_lib/hlsmath/include/FloatingPoint\hls_exp_.h:208) automatically.
INFO: [XFORM 203-602] Inlining function 'generic_isinf<double>' into 'exp_reduce_::exp_generic<double>' (r:/builds/2018.3/continuous/2018_12_06_2405991/src/products/hls/hls_lib/hlsmath/include/FloatingPoint\hls_exp_.h:209) automatically.
INFO: [XFORM 203-602] Inlining function 'fp_struct<double>::to_ieee' into 'exp_reduce_::exp_generic<double>' (r:/builds/2018.3/continuous/2018_12_06_2405991/src/products/hls/hls_lib/hlsmath/include/FloatingPoint\hls_exp_.h:218) automatically.
INFO: [XFORM 203-602] Inlining function 'fp_struct<double>::expv' into 'exp_reduce_::exp_generic<double>' (r:/builds/2018.3/continuous/2018_12_06_2405991/src/products/hls/hls_lib/hlsmath/include/FloatingPoint\hls_exp_.h:236) automatically.
INFO: [XFORM 203-602] Inlining function 'exp_reduce_::exp_traits<double>::exp_Z1P_m_1' into 'exp_reduce_::exp_generic<double>' (r:/builds/2018.3/continuous/2018_12_06_2405991/src/products/hls/hls_lib/hlsmath/include/FloatingPoint\hls_exp_.h:321) automatically.
INFO: [XFORM 203-602] Inlining function 'generic_fabs<float>' into 'explog_based::generic_tanh<float>' (r:/builds/2018.3/continuous/2018_12_06_2405991/src/products/hls/hls_lib/hlsmath/include/FloatingPoint\hls_tanh.h:61) automatically.
INFO: [XFORM 203-602] Inlining function 'generic_nan<float>' into 'explog_based::generic_tanh<float>' (r:/builds/2018.3/continuous/2018_12_06_2405991/src/products/hls/hls_lib/hlsmath/include/FloatingPoint\hls_tanh.h:67) automatically.
INFO: [XFORM 203-602] Inlining function 'exp_reduce_::expm1' into 'explog_based::generic_tanh<float>' (r:/builds/2018.3/continuous/2018_12_06_2405991/src/products/hls/hls_lib/hlsmath/include/FloatingPoint\hls_tanh.h:89) automatically.
INFO: [XFORM 203-602] Inlining function 'tanhf' into 'std::tanh' (D:/software/Xilinx/Vivado/2018.3/win64/tools/clang/bin\..\lib\clang\3.1/../../../include/c++/4.5.2\cmath:466) automatically.
INFO: [XFORM 203-602] Inlining function 'std::tanh' into 'GELU' (../src/Gelu/GELU.cpp:16) automatically.
INFO: [XFORM 203-401] Performing if-conversion on hyperblock from (r:/builds/2018.3/continuous/2018_12_06_2405991/src/products/hls/hls_lib/hlsmath/include/FloatingPoint\hls_tanh.h:107:8) to (r:/builds/2018.3/continuous/2018_12_06_2405991/src/products/hls/hls_lib/hlsmath/include/FloatingPoint\hls_tanh.h:113:3) in function 'explog_based::generic_tanh<float>'... converting 3 basic blocks.
INFO: [XFORM 203-401] Performing if-conversion on hyperblock from (r:/builds/2018.3/continuous/2018_12_06_2405991/src/products/hls/hls_lib/hlsmath/include/FloatingPoint\hls_tanh.h:82:10) to (r:/builds/2018.3/continuous/2018_12_06_2405991/src/products/hls/hls_lib/hlsmath/src/common/hls_exp_float.cpp:8:10) in function 'explog_based::generic_tanh<float>'... converting 4 basic blocks.
INFO: [XFORM 203-401] Performing if-conversion on hyperblock from (r:/builds/2018.3/continuous/2018_12_06_2405991/src/products/hls/hls_lib/hlsmath/include/FloatingPoint\hls_exp_.h:184:19) to (r:/builds/2018.3/continuous/2018_12_06_2405991/src/products/hls/hls_lib/hlsmath/include/FloatingPoint\hls_exp_.h:367:3) in function 'exp_reduce_::exp_generic<double>'... converting 20 basic blocks.
INFO: [HLS 200-111] Finished Pre-synthesis Time (s): cpu = 00:00:01 ; elapsed = 00:00:14 . Memory (MB): peak = 383.023 ; gain = 297.688
WARNING: [XFORM 203-631] Renaming function 'explog_based::generic_tanh<float>' to 'generic_tanh<float>' (r:/builds/2018.3/continuous/2018_12_06_2405991/src/products/hls/hls_lib/hlsmath/include/FloatingPoint\hls_tanh.h:56)
WARNING: [XFORM 203-631] Renaming function 'exp_reduce_::exp_generic<double>' to 'exp_generic<double>' (r:/builds/2018.3/continuous/2018_12_06_2405991/src/products/hls/hls_lib/hlsmath/include/FloatingPoint\hls_exp_.h:184)
ERROR: [XFORM 203-801] Cannot specify interface mode m_axi on a scalar argument 'x' (../src/Gelu/GELU.cpp:3) for function 'GELU' (../src/Gelu/GELU.cpp:3).
ERROR: [XFORM 203-801] Cannot specify interface mode 'm_axi' on a non-pointer argument 'x' (../src/Gelu/GELU.cpp:3) for function 'GELU' (../src/Gelu/GELU.cpp:3). Please use a pointer (or reference) instead.
ERROR: [HLS 200-70] Failed building synthesis data model.
==============================================================
File generated on Fri Oct 25 15:02:49 +0800 2024
Vivado(TM) HLS - High-Level Synthesis from C, C++ and SystemC v2018.3 (64-bit)
SW Build 2405991 on Thu Dec  6 23:38:27 MST 2018
IP Build 2404404 on Fri Dec  7 01:43:56 MST 2018
Copyright 1986-2018 Xilinx, Inc. All Rights Reserved.
==============================================================
INFO: [SYN 201-201] Setting up clock 'default' with a period of 10ns.
INFO: [HLS 200-10] Setting target device to 'xc7z020clg400-2'
INFO: [SCHED 204-61] Option 'relax_ii_for_timing' is enabled, will increase II to preserve clock frequency constraints.
INFO: [HLS 200-10] Analyzing design file '../src/Gelu/GELU.cpp' ... 
INFO: [HLS 200-111] Finished Linking Time (s): cpu = 00:00:00 ; elapsed = 00:00:13 . Memory (MB): peak = 103.227 ; gain = 17.801
INFO: [HLS 200-111] Finished Checking Pragmas Time (s): cpu = 00:00:00 ; elapsed = 00:00:13 . Memory (MB): peak = 103.227 ; gain = 17.801
INFO: [HLS 200-10] Starting code transformations ...
INFO: [HLS 200-111] Finished Standard Transforms Time (s): cpu = 00:00:01 ; elapsed = 00:00:15 . Memory (MB): peak = 241.883 ; gain = 156.457
INFO: [HLS 200-10] Checking synthesizability ...
INFO: [XFORM 203-602] Inlining function 'fp_struct<float>::data' into 'fp_struct<float>::to_float' (r:/builds/2018.3/continuous/2018_12_06_2405991/src/products/hls/hls_lib/src/hls\utils/x_hls_utils.h:348) automatically.
INFO: [XFORM 203-602] Inlining function 'fp_struct<float>::to_float' into 'fp_struct<float>::to_ieee' (r:/builds/2018.3/continuous/2018_12_06_2405991/src/products/hls/hls_lib/src/hls\utils/x_hls_utils.h:369) automatically.
INFO: [XFORM 203-602] Inlining function 'fp_struct<float>::to_ieee' into 'generic_copysign<float>' (r:/builds/2018.3/continuous/2018_12_06_2405991/src/products/hls/hls_lib/hlsmath/include/FloatingPoint/hls_copysign.h:13) automatically.
INFO: [XFORM 203-602] Inlining function 'generic_copysign<float>' into 'generic_fabs<float>' (r:/builds/2018.3/continuous/2018_12_06_2405991/src/products/hls/hls_lib/hlsmath/include/FloatingPoint/hls_fabs.h:12) automatically.
INFO: [XFORM 203-602] Inlining function 'fp_struct<float>::to_ieee' into 'generic_nan<float>' (r:/builds/2018.3/continuous/2018_12_06_2405991/src/products/hls/hls_lib/hlsmath/include/FloatingPoint/hls_nan.h:14) automatically.
INFO: [XFORM 203-602] Inlining function 'fp_struct<double>::data' into 'fp_struct<double>::to_double' (r:/builds/2018.3/continuous/2018_12_06_2405991/src/products/hls/hls_lib/src/hls\utils/x_hls_utils.h:512) automatically.
INFO: [XFORM 203-602] Inlining function 'fp_struct<double>::to_double' into 'fp_struct<double>::to_ieee' (r:/builds/2018.3/continuous/2018_12_06_2405991/src/products/hls/hls_lib/src/hls\utils/x_hls_utils.h:526) automatically.
INFO: [XFORM 203-602] Inlining function 'generic_isnan<double>' into 'exp_reduce_::exp_generic<double>' (r:/builds/2018.3/continuous/2018_12_06_2405991/src/products/hls/hls_lib/hlsmath/include/FloatingPoint\hls_exp_.h:208) automatically.
INFO: [XFORM 203-602] Inlining function 'generic_isinf<double>' into 'exp_reduce_::exp_generic<double>' (r:/builds/2018.3/continuous/2018_12_06_2405991/src/products/hls/hls_lib/hlsmath/include/FloatingPoint\hls_exp_.h:209) automatically.
INFO: [XFORM 203-602] Inlining function 'fp_struct<double>::to_ieee' into 'exp_reduce_::exp_generic<double>' (r:/builds/2018.3/continuous/2018_12_06_2405991/src/products/hls/hls_lib/hlsmath/include/FloatingPoint\hls_exp_.h:218) automatically.
INFO: [XFORM 203-602] Inlining function 'fp_struct<double>::expv' into 'exp_reduce_::exp_generic<double>' (r:/builds/2018.3/continuous/2018_12_06_2405991/src/products/hls/hls_lib/hlsmath/include/FloatingPoint\hls_exp_.h:236) automatically.
INFO: [XFORM 203-602] Inlining function 'exp_reduce_::exp_traits<double>::exp_Z1P_m_1' into 'exp_reduce_::exp_generic<double>' (r:/builds/2018.3/continuous/2018_12_06_2405991/src/products/hls/hls_lib/hlsmath/include/FloatingPoint\hls_exp_.h:321) automatically.
INFO: [XFORM 203-602] Inlining function 'generic_fabs<float>' into 'explog_based::generic_tanh<float>' (r:/builds/2018.3/continuous/2018_12_06_2405991/src/products/hls/hls_lib/hlsmath/include/FloatingPoint\hls_tanh.h:61) automatically.
INFO: [XFORM 203-602] Inlining function 'generic_nan<float>' into 'explog_based::generic_tanh<float>' (r:/builds/2018.3/continuous/2018_12_06_2405991/src/products/hls/hls_lib/hlsmath/include/FloatingPoint\hls_tanh.h:67) automatically.
INFO: [XFORM 203-602] Inlining function 'exp_reduce_::expm1' into 'explog_based::generic_tanh<float>' (r:/builds/2018.3/continuous/2018_12_06_2405991/src/products/hls/hls_lib/hlsmath/include/FloatingPoint\hls_tanh.h:89) automatically.
INFO: [XFORM 203-602] Inlining function 'tanhf' into 'std::tanh' (D:/software/Xilinx/Vivado/2018.3/win64/tools/clang/bin\..\lib\clang\3.1/../../../include/c++/4.5.2\cmath:466) automatically.
INFO: [XFORM 203-602] Inlining function 'std::tanh' into 'GELU' (../src/Gelu/GELU.cpp:16) automatically.
INFO: [HLS 200-111] Finished Checking Synthesizability Time (s): cpu = 00:00:01 ; elapsed = 00:00:16 . Memory (MB): peak = 294.199 ; gain = 208.773
INFO: [XFORM 203-602] Inlining function 'fp_struct<float>::data' into 'fp_struct<float>::to_float' (r:/builds/2018.3/continuous/2018_12_06_2405991/src/products/hls/hls_lib/src/hls\utils/x_hls_utils.h:348) automatically.
INFO: [XFORM 203-602] Inlining function 'fp_struct<float>::to_float' into 'fp_struct<float>::to_ieee' (r:/builds/2018.3/continuous/2018_12_06_2405991/src/products/hls/hls_lib/src/hls\utils/x_hls_utils.h:369) automatically.
INFO: [XFORM 203-602] Inlining function 'fp_struct<float>::to_ieee' into 'generic_copysign<float>' (r:/builds/2018.3/continuous/2018_12_06_2405991/src/products/hls/hls_lib/hlsmath/include/FloatingPoint/hls_copysign.h:13) automatically.
INFO: [XFORM 203-602] Inlining function 'generic_copysign<float>' into 'generic_fabs<float>' (r:/builds/2018.3/continuous/2018_12_06_2405991/src/products/hls/hls_lib/hlsmath/include/FloatingPoint/hls_fabs.h:12) automatically.
INFO: [XFORM 203-602] Inlining function 'fp_struct<float>::to_ieee' into 'generic_nan<float>' (r:/builds/2018.3/continuous/2018_12_06_2405991/src/products/hls/hls_lib/hlsmath/include/FloatingPoint/hls_nan.h:14) automatically.
INFO: [XFORM 203-602] Inlining function 'fp_struct<double>::data' into 'fp_struct<double>::to_double' (r:/builds/2018.3/continuous/2018_12_06_2405991/src/products/hls/hls_lib/src/hls\utils/x_hls_utils.h:512) automatically.
INFO: [XFORM 203-602] Inlining function 'fp_struct<double>::to_double' into 'fp_struct<double>::to_ieee' (r:/builds/2018.3/continuous/2018_12_06_2405991/src/products/hls/hls_lib/src/hls\utils/x_hls_utils.h:526) automatically.
INFO: [XFORM 203-602] Inlining function 'generic_isnan<double>' into 'exp_reduce_::exp_generic<double>' (r:/builds/2018.3/continuous/2018_12_06_2405991/src/products/hls/hls_lib/hlsmath/include/FloatingPoint\hls_exp_.h:208) automatically.
INFO: [XFORM 203-602] Inlining function 'generic_isinf<double>' into 'exp_reduce_::exp_generic<double>' (r:/builds/2018.3/continuous/2018_12_06_2405991/src/products/hls/hls_lib/hlsmath/include/FloatingPoint\hls_exp_.h:209) automatically.
INFO: [XFORM 203-602] Inlining function 'fp_struct<double>::to_ieee' into 'exp_reduce_::exp_generic<double>' (r:/builds/2018.3/continuous/2018_12_06_2405991/src/products/hls/hls_lib/hlsmath/include/FloatingPoint\hls_exp_.h:218) automatically.
INFO: [XFORM 203-602] Inlining function 'fp_struct<double>::expv' into 'exp_reduce_::exp_generic<double>' (r:/builds/2018.3/continuous/2018_12_06_2405991/src/products/hls/hls_lib/hlsmath/include/FloatingPoint\hls_exp_.h:236) automatically.
INFO: [XFORM 203-602] Inlining function 'exp_reduce_::exp_traits<double>::exp_Z1P_m_1' into 'exp_reduce_::exp_generic<double>' (r:/builds/2018.3/continuous/2018_12_06_2405991/src/products/hls/hls_lib/hlsmath/include/FloatingPoint\hls_exp_.h:321) automatically.
INFO: [XFORM 203-602] Inlining function 'generic_fabs<float>' into 'explog_based::generic_tanh<float>' (r:/builds/2018.3/continuous/2018_12_06_2405991/src/products/hls/hls_lib/hlsmath/include/FloatingPoint\hls_tanh.h:61) automatically.
INFO: [XFORM 203-602] Inlining function 'generic_nan<float>' into 'explog_based::generic_tanh<float>' (r:/builds/2018.3/continuous/2018_12_06_2405991/src/products/hls/hls_lib/hlsmath/include/FloatingPoint\hls_tanh.h:67) automatically.
INFO: [XFORM 203-602] Inlining function 'exp_reduce_::expm1' into 'explog_based::generic_tanh<float>' (r:/builds/2018.3/continuous/2018_12_06_2405991/src/products/hls/hls_lib/hlsmath/include/FloatingPoint\hls_tanh.h:89) automatically.
INFO: [XFORM 203-602] Inlining function 'tanhf' into 'std::tanh' (D:/software/Xilinx/Vivado/2018.3/win64/tools/clang/bin\..\lib\clang\3.1/../../../include/c++/4.5.2\cmath:466) automatically.
INFO: [XFORM 203-602] Inlining function 'std::tanh' into 'GELU' (../src/Gelu/GELU.cpp:16) automatically.
INFO: [XFORM 203-401] Performing if-conversion on hyperblock from (r:/builds/2018.3/continuous/2018_12_06_2405991/src/products/hls/hls_lib/hlsmath/include/FloatingPoint\hls_tanh.h:107:8) to (r:/builds/2018.3/continuous/2018_12_06_2405991/src/products/hls/hls_lib/hlsmath/include/FloatingPoint\hls_tanh.h:113:3) in function 'explog_based::generic_tanh<float>'... converting 3 basic blocks.
INFO: [XFORM 203-401] Performing if-conversion on hyperblock from (r:/builds/2018.3/continuous/2018_12_06_2405991/src/products/hls/hls_lib/hlsmath/include/FloatingPoint\hls_tanh.h:82:10) to (r:/builds/2018.3/continuous/2018_12_06_2405991/src/products/hls/hls_lib/hlsmath/src/common/hls_exp_float.cpp:8:10) in function 'explog_based::generic_tanh<float>'... converting 4 basic blocks.
INFO: [XFORM 203-401] Performing if-conversion on hyperblock from (r:/builds/2018.3/continuous/2018_12_06_2405991/src/products/hls/hls_lib/hlsmath/include/FloatingPoint\hls_exp_.h:184:19) to (r:/builds/2018.3/continuous/2018_12_06_2405991/src/products/hls/hls_lib/hlsmath/include/FloatingPoint\hls_exp_.h:367:3) in function 'exp_reduce_::exp_generic<double>'... converting 20 basic blocks.
INFO: [HLS 200-111] Finished Pre-synthesis Time (s): cpu = 00:00:01 ; elapsed = 00:00:17 . Memory (MB): peak = 383.164 ; gain = 297.738
WARNING: [XFORM 203-631] Renaming function 'explog_based::generic_tanh<float>' to 'generic_tanh<float>' (r:/builds/2018.3/continuous/2018_12_06_2405991/src/products/hls/hls_lib/hlsmath/include/FloatingPoint\hls_tanh.h:56)
WARNING: [XFORM 203-631] Renaming function 'exp_reduce_::exp_generic<double>' to 'exp_generic<double>' (r:/builds/2018.3/continuous/2018_12_06_2405991/src/products/hls/hls_lib/hlsmath/include/FloatingPoint\hls_exp_.h:184)
ERROR: [XFORM 203-801] Cannot specify interface mode m_axi on a scalar argument 'x' (../src/Gelu/GELU.cpp:3) for function 'GELU' (../src/Gelu/GELU.cpp:3).
ERROR: [XFORM 203-801] Cannot specify interface mode 'm_axi' on a non-pointer argument 'x' (../src/Gelu/GELU.cpp:3) for function 'GELU' (../src/Gelu/GELU.cpp:3). Please use a pointer (or reference) instead.
ERROR: [HLS 200-70] Failed building synthesis data model.
==============================================================
File generated on Fri Oct 25 15:03:39 +0800 2024
Vivado(TM) HLS - High-Level Synthesis from C, C++ and SystemC v2018.3 (64-bit)
SW Build 2405991 on Thu Dec  6 23:38:27 MST 2018
IP Build 2404404 on Fri Dec  7 01:43:56 MST 2018
Copyright 1986-2018 Xilinx, Inc. All Rights Reserved.
==============================================================
INFO: [SYN 201-201] Setting up clock 'default' with a period of 10ns.
INFO: [HLS 200-10] Setting target device to 'xc7z020clg400-2'
INFO: [SCHED 204-61] Option 'relax_ii_for_timing' is enabled, will increase II to preserve clock frequency constraints.
INFO: [HLS 200-10] Analyzing design file '../src/Gelu/GELU.cpp' ... 
INFO: [HLS 200-111] Finished Linking Time (s): cpu = 00:00:00 ; elapsed = 00:00:10 . Memory (MB): peak = 103.277 ; gain = 17.445
INFO: [HLS 200-111] Finished Checking Pragmas Time (s): cpu = 00:00:00 ; elapsed = 00:00:10 . Memory (MB): peak = 103.277 ; gain = 17.445
INFO: [HLS 200-10] Starting code transformations ...
INFO: [HLS 200-111] Finished Standard Transforms Time (s): cpu = 00:00:00 ; elapsed = 00:00:12 . Memory (MB): peak = 242.375 ; gain = 156.543
INFO: [HLS 200-10] Checking synthesizability ...
INFO: [XFORM 203-602] Inlining function 'fp_struct<float>::data' into 'fp_struct<float>::to_float' (r:/builds/2018.3/continuous/2018_12_06_2405991/src/products/hls/hls_lib/src/hls\utils/x_hls_utils.h:348) automatically.
INFO: [XFORM 203-602] Inlining function 'fp_struct<float>::to_float' into 'fp_struct<float>::to_ieee' (r:/builds/2018.3/continuous/2018_12_06_2405991/src/products/hls/hls_lib/src/hls\utils/x_hls_utils.h:369) automatically.
INFO: [XFORM 203-602] Inlining function 'fp_struct<float>::to_ieee' into 'generic_copysign<float>' (r:/builds/2018.3/continuous/2018_12_06_2405991/src/products/hls/hls_lib/hlsmath/include/FloatingPoint/hls_copysign.h:13) automatically.
INFO: [XFORM 203-602] Inlining function 'generic_copysign<float>' into 'generic_fabs<float>' (r:/builds/2018.3/continuous/2018_12_06_2405991/src/products/hls/hls_lib/hlsmath/include/FloatingPoint/hls_fabs.h:12) automatically.
INFO: [XFORM 203-602] Inlining function 'fp_struct<float>::to_ieee' into 'generic_nan<float>' (r:/builds/2018.3/continuous/2018_12_06_2405991/src/products/hls/hls_lib/hlsmath/include/FloatingPoint/hls_nan.h:14) automatically.
INFO: [XFORM 203-602] Inlining function 'fp_struct<double>::data' into 'fp_struct<double>::to_double' (r:/builds/2018.3/continuous/2018_12_06_2405991/src/products/hls/hls_lib/src/hls\utils/x_hls_utils.h:512) automatically.
INFO: [XFORM 203-602] Inlining function 'fp_struct<double>::to_double' into 'fp_struct<double>::to_ieee' (r:/builds/2018.3/continuous/2018_12_06_2405991/src/products/hls/hls_lib/src/hls\utils/x_hls_utils.h:526) automatically.
INFO: [XFORM 203-602] Inlining function 'generic_isnan<double>' into 'exp_reduce_::exp_generic<double>' (r:/builds/2018.3/continuous/2018_12_06_2405991/src/products/hls/hls_lib/hlsmath/include/FloatingPoint\hls_exp_.h:208) automatically.
INFO: [XFORM 203-602] Inlining function 'generic_isinf<double>' into 'exp_reduce_::exp_generic<double>' (r:/builds/2018.3/continuous/2018_12_06_2405991/src/products/hls/hls_lib/hlsmath/include/FloatingPoint\hls_exp_.h:209) automatically.
INFO: [XFORM 203-602] Inlining function 'fp_struct<double>::to_ieee' into 'exp_reduce_::exp_generic<double>' (r:/builds/2018.3/continuous/2018_12_06_2405991/src/products/hls/hls_lib/hlsmath/include/FloatingPoint\hls_exp_.h:218) automatically.
INFO: [XFORM 203-602] Inlining function 'fp_struct<double>::expv' into 'exp_reduce_::exp_generic<double>' (r:/builds/2018.3/continuous/2018_12_06_2405991/src/products/hls/hls_lib/hlsmath/include/FloatingPoint\hls_exp_.h:236) automatically.
INFO: [XFORM 203-602] Inlining function 'exp_reduce_::exp_traits<double>::exp_Z1P_m_1' into 'exp_reduce_::exp_generic<double>' (r:/builds/2018.3/continuous/2018_12_06_2405991/src/products/hls/hls_lib/hlsmath/include/FloatingPoint\hls_exp_.h:321) automatically.
INFO: [XFORM 203-602] Inlining function 'generic_fabs<float>' into 'explog_based::generic_tanh<float>' (r:/builds/2018.3/continuous/2018_12_06_2405991/src/products/hls/hls_lib/hlsmath/include/FloatingPoint\hls_tanh.h:61) automatically.
INFO: [XFORM 203-602] Inlining function 'generic_nan<float>' into 'explog_based::generic_tanh<float>' (r:/builds/2018.3/continuous/2018_12_06_2405991/src/products/hls/hls_lib/hlsmath/include/FloatingPoint\hls_tanh.h:67) automatically.
INFO: [XFORM 203-602] Inlining function 'exp_reduce_::expm1' into 'explog_based::generic_tanh<float>' (r:/builds/2018.3/continuous/2018_12_06_2405991/src/products/hls/hls_lib/hlsmath/include/FloatingPoint\hls_tanh.h:89) automatically.
INFO: [XFORM 203-602] Inlining function 'tanhf' into 'std::tanh' (D:/software/Xilinx/Vivado/2018.3/win64/tools/clang/bin\..\lib\clang\3.1/../../../include/c++/4.5.2\cmath:466) automatically.
INFO: [XFORM 203-602] Inlining function 'std::tanh' into 'GELU' (../src/Gelu/GELU.cpp:14) automatically.
INFO: [HLS 200-111] Finished Checking Synthesizability Time (s): cpu = 00:00:00 ; elapsed = 00:00:13 . Memory (MB): peak = 293.133 ; gain = 207.301
INFO: [XFORM 203-602] Inlining function 'fp_struct<float>::data' into 'fp_struct<float>::to_float' (r:/builds/2018.3/continuous/2018_12_06_2405991/src/products/hls/hls_lib/src/hls\utils/x_hls_utils.h:348) automatically.
INFO: [XFORM 203-602] Inlining function 'fp_struct<float>::to_float' into 'fp_struct<float>::to_ieee' (r:/builds/2018.3/continuous/2018_12_06_2405991/src/products/hls/hls_lib/src/hls\utils/x_hls_utils.h:369) automatically.
INFO: [XFORM 203-602] Inlining function 'fp_struct<float>::to_ieee' into 'generic_copysign<float>' (r:/builds/2018.3/continuous/2018_12_06_2405991/src/products/hls/hls_lib/hlsmath/include/FloatingPoint/hls_copysign.h:13) automatically.
INFO: [XFORM 203-602] Inlining function 'generic_copysign<float>' into 'generic_fabs<float>' (r:/builds/2018.3/continuous/2018_12_06_2405991/src/products/hls/hls_lib/hlsmath/include/FloatingPoint/hls_fabs.h:12) automatically.
INFO: [XFORM 203-602] Inlining function 'fp_struct<float>::to_ieee' into 'generic_nan<float>' (r:/builds/2018.3/continuous/2018_12_06_2405991/src/products/hls/hls_lib/hlsmath/include/FloatingPoint/hls_nan.h:14) automatically.
INFO: [XFORM 203-602] Inlining function 'fp_struct<double>::data' into 'fp_struct<double>::to_double' (r:/builds/2018.3/continuous/2018_12_06_2405991/src/products/hls/hls_lib/src/hls\utils/x_hls_utils.h:512) automatically.
INFO: [XFORM 203-602] Inlining function 'fp_struct<double>::to_double' into 'fp_struct<double>::to_ieee' (r:/builds/2018.3/continuous/2018_12_06_2405991/src/products/hls/hls_lib/src/hls\utils/x_hls_utils.h:526) automatically.
INFO: [XFORM 203-602] Inlining function 'generic_isnan<double>' into 'exp_reduce_::exp_generic<double>' (r:/builds/2018.3/continuous/2018_12_06_2405991/src/products/hls/hls_lib/hlsmath/include/FloatingPoint\hls_exp_.h:208) automatically.
INFO: [XFORM 203-602] Inlining function 'generic_isinf<double>' into 'exp_reduce_::exp_generic<double>' (r:/builds/2018.3/continuous/2018_12_06_2405991/src/products/hls/hls_lib/hlsmath/include/FloatingPoint\hls_exp_.h:209) automatically.
INFO: [XFORM 203-602] Inlining function 'fp_struct<double>::to_ieee' into 'exp_reduce_::exp_generic<double>' (r:/builds/2018.3/continuous/2018_12_06_2405991/src/products/hls/hls_lib/hlsmath/include/FloatingPoint\hls_exp_.h:218) automatically.
INFO: [XFORM 203-602] Inlining function 'fp_struct<double>::expv' into 'exp_reduce_::exp_generic<double>' (r:/builds/2018.3/continuous/2018_12_06_2405991/src/products/hls/hls_lib/hlsmath/include/FloatingPoint\hls_exp_.h:236) automatically.
INFO: [XFORM 203-602] Inlining function 'exp_reduce_::exp_traits<double>::exp_Z1P_m_1' into 'exp_reduce_::exp_generic<double>' (r:/builds/2018.3/continuous/2018_12_06_2405991/src/products/hls/hls_lib/hlsmath/include/FloatingPoint\hls_exp_.h:321) automatically.
INFO: [XFORM 203-602] Inlining function 'generic_fabs<float>' into 'explog_based::generic_tanh<float>' (r:/builds/2018.3/continuous/2018_12_06_2405991/src/products/hls/hls_lib/hlsmath/include/FloatingPoint\hls_tanh.h:61) automatically.
INFO: [XFORM 203-602] Inlining function 'generic_nan<float>' into 'explog_based::generic_tanh<float>' (r:/builds/2018.3/continuous/2018_12_06_2405991/src/products/hls/hls_lib/hlsmath/include/FloatingPoint\hls_tanh.h:67) automatically.
INFO: [XFORM 203-602] Inlining function 'exp_reduce_::expm1' into 'explog_based::generic_tanh<float>' (r:/builds/2018.3/continuous/2018_12_06_2405991/src/products/hls/hls_lib/hlsmath/include/FloatingPoint\hls_tanh.h:89) automatically.
INFO: [XFORM 203-602] Inlining function 'tanhf' into 'std::tanh' (D:/software/Xilinx/Vivado/2018.3/win64/tools/clang/bin\..\lib\clang\3.1/../../../include/c++/4.5.2\cmath:466) automatically.
INFO: [XFORM 203-602] Inlining function 'std::tanh' into 'GELU' (../src/Gelu/GELU.cpp:14) automatically.
INFO: [XFORM 203-401] Performing if-conversion on hyperblock from (r:/builds/2018.3/continuous/2018_12_06_2405991/src/products/hls/hls_lib/hlsmath/include/FloatingPoint\hls_tanh.h:107:8) to (r:/builds/2018.3/continuous/2018_12_06_2405991/src/products/hls/hls_lib/hlsmath/include/FloatingPoint\hls_tanh.h:113:3) in function 'explog_based::generic_tanh<float>'... converting 3 basic blocks.
INFO: [XFORM 203-401] Performing if-conversion on hyperblock from (r:/builds/2018.3/continuous/2018_12_06_2405991/src/products/hls/hls_lib/hlsmath/include/FloatingPoint\hls_tanh.h:82:10) to (r:/builds/2018.3/continuous/2018_12_06_2405991/src/products/hls/hls_lib/hlsmath/src/common/hls_exp_float.cpp:8:10) in function 'explog_based::generic_tanh<float>'... converting 4 basic blocks.
INFO: [XFORM 203-401] Performing if-conversion on hyperblock from (r:/builds/2018.3/continuous/2018_12_06_2405991/src/products/hls/hls_lib/hlsmath/include/FloatingPoint\hls_exp_.h:184:19) to (r:/builds/2018.3/continuous/2018_12_06_2405991/src/products/hls/hls_lib/hlsmath/include/FloatingPoint\hls_exp_.h:367:3) in function 'exp_reduce_::exp_generic<double>'... converting 20 basic blocks.
INFO: [HLS 200-111] Finished Pre-synthesis Time (s): cpu = 00:00:00 ; elapsed = 00:00:14 . Memory (MB): peak = 382.391 ; gain = 296.559
WARNING: [XFORM 203-631] Renaming function 'explog_based::generic_tanh<float>' to 'generic_tanh<float>' (r:/builds/2018.3/continuous/2018_12_06_2405991/src/products/hls/hls_lib/hlsmath/include/FloatingPoint\hls_tanh.h:56)
WARNING: [XFORM 203-631] Renaming function 'exp_reduce_::exp_generic<double>' to 'exp_generic<double>' (r:/builds/2018.3/continuous/2018_12_06_2405991/src/products/hls/hls_lib/hlsmath/include/FloatingPoint\hls_exp_.h:184)
INFO: [HLS 200-111] Finished Architecture Synthesis Time (s): cpu = 00:00:00 ; elapsed = 00:00:14 . Memory (MB): peak = 423.000 ; gain = 337.168
INFO: [HLS 200-10] Starting hardware synthesis ...
INFO: [HLS 200-10] Synthesizing 'GELU' ...
WARNING: [SYN 201-103] Legalizing function name 'exp_generic<double>' to 'exp_generic_double_s'.
WARNING: [SYN 201-103] Legalizing function name 'generic_tanh<float>' to 'generic_tanh_float_s'.
WARNING: [SYN 201-107] Renaming port name 'GELU/out' to 'GELU/out_r' to avoid the conflict with HDL keywords or other object names.
INFO: [HLS 200-10] ----------------------------------------------------------------
INFO: [HLS 200-42] -- Implementing module 'exp_generic_double_s' 
INFO: [HLS 200-10] ----------------------------------------------------------------
INFO: [SCHED 204-11] Starting scheduling ...
INFO: [SCHED 204-61] Pipelining function 'exp_generic<double>'.
INFO: [SCHED 204-61] Pipelining result : Target II = 1, Final II = 1, Depth = 13.
INFO: [SCHED 204-11] Finished scheduling.
INFO: [HLS 200-111]  Elapsed time: 14.825 seconds; current allocated memory: 357.787 MB.
INFO: [BIND 205-100] Starting micro-architecture generation ...
INFO: [BIND 205-101] Performing variable lifetime analysis.
INFO: [BIND 205-101] Exploring resource sharing.
INFO: [BIND 205-101] Binding ...
INFO: [BIND 205-100] Finished micro-architecture generation.
INFO: [HLS 200-111]  Elapsed time: 0.177 seconds; current allocated memory: 358.434 MB.
INFO: [HLS 200-10] ----------------------------------------------------------------
INFO: [HLS 200-42] -- Implementing module 'generic_tanh_float_s' 
INFO: [HLS 200-10] ----------------------------------------------------------------
INFO: [SCHED 204-11] Starting scheduling ...
INFO: [SCHED 204-11] Finished scheduling.
INFO: [HLS 200-111]  Elapsed time: 0.282 seconds; current allocated memory: 359.106 MB.
INFO: [BIND 205-100] Starting micro-architecture generation ...
INFO: [BIND 205-101] Performing variable lifetime analysis.
INFO: [BIND 205-101] Exploring resource sharing.
INFO: [BIND 205-101] Binding ...
INFO: [BIND 205-100] Finished micro-architecture generation.
INFO: [HLS 200-111]  Elapsed time: 0.17 seconds; current allocated memory: 359.541 MB.
INFO: [HLS 200-10] ----------------------------------------------------------------
INFO: [HLS 200-42] -- Implementing module 'GELU' 
INFO: [HLS 200-10] ----------------------------------------------------------------
INFO: [SCHED 204-11] Starting scheduling ...
INFO: [SCHED 204-11] Finished scheduling.
INFO: [HLS 200-111]  Elapsed time: 0.245 seconds; current allocated memory: 359.858 MB.
INFO: [BIND 205-100] Starting micro-architecture generation ...
INFO: [BIND 205-101] Performing variable lifetime analysis.
INFO: [BIND 205-101] Exploring resource sharing.
INFO: [BIND 205-101] Binding ...
INFO: [BIND 205-100] Finished micro-architecture generation.
INFO: [HLS 200-111]  Elapsed time: 0.137 seconds; current allocated memory: 360.018 MB.
INFO: [HLS 200-10] ----------------------------------------------------------------
INFO: [HLS 200-10] -- Generating RTL for module 'exp_generic_double_s' 
INFO: [HLS 200-10] ----------------------------------------------------------------
INFO: [SYN 201-210] Renamed object name 'exp_generic_double_s_table_exp_Z1_array_s' to 'exp_generic_doublbkb' due to the length limit 20
INFO: [SYN 201-210] Renamed object name 'exp_generic_double_s_table_f_Z3_array_V' to 'exp_generic_doublcud' due to the length limit 20
INFO: [SYN 201-210] Renamed object name 'exp_generic_double_s_table_f_Z2_array_V' to 'exp_generic_doubldEe' due to the length limit 20
INFO: [SYN 201-210] Renamed object name 'GELU_mul_72ns_13s_84_2_1' to 'GELU_mul_72ns_13seOg' due to the length limit 20
INFO: [SYN 201-210] Renamed object name 'GELU_mac_muladd_16ns_16s_19s_31_1_1' to 'GELU_mac_muladd_1fYi' due to the length limit 20
INFO: [RTGEN 206-100] Generating core module 'GELU_mac_muladd_1fYi': 1 instance(s).
INFO: [RTGEN 206-100] Generating core module 'GELU_mul_72ns_13seOg': 1 instance(s).
INFO: [RTGEN 206-100] Finished creating RTL model for 'exp_generic_double_s'.
INFO: [HLS 200-111]  Elapsed time: 0.315 seconds; current allocated memory: 361.434 MB.
INFO: [HLS 200-10] ----------------------------------------------------------------
INFO: [HLS 200-10] -- Generating RTL for module 'generic_tanh_float_s' 
INFO: [HLS 200-10] ----------------------------------------------------------------
INFO: [SYN 201-210] Renamed object name 'GELU_faddfsub_32ns_32ns_32_4_full_dsp_1' to 'GELU_faddfsub_32ng8j' due to the length limit 20
INFO: [SYN 201-210] Renamed object name 'GELU_fmul_32ns_32ns_32_3_max_dsp_1' to 'GELU_fmul_32ns_32hbi' due to the length limit 20
INFO: [SYN 201-210] Renamed object name 'GELU_fdiv_32ns_32ns_32_12_1' to 'GELU_fdiv_32ns_32ibs' due to the length limit 20
INFO: [SYN 201-210] Renamed object name 'GELU_fptrunc_64ns_32_1_1' to 'GELU_fptrunc_64nsjbC' due to the length limit 20
INFO: [SYN 201-210] Renamed object name 'GELU_fpext_32ns_64_1_1' to 'GELU_fpext_32ns_6kbM' due to the length limit 20
INFO: [SYN 201-210] Renamed object name 'GELU_fcmp_32ns_32ns_1_1_1' to 'GELU_fcmp_32ns_32lbW' due to the length limit 20
INFO: [SYN 201-210] Renamed object name 'GELU_dadd_64ns_64ns_64_5_full_dsp_1' to 'GELU_dadd_64ns_64mb6' due to the length limit 20
INFO: [RTGEN 206-100] Generating core module 'GELU_dadd_64ns_64mb6': 1 instance(s).
INFO: [RTGEN 206-100] Generating core module 'GELU_faddfsub_32ng8j': 1 instance(s).
INFO: [RTGEN 206-100] Generating core module 'GELU_fcmp_32ns_32lbW': 1 instance(s).
INFO: [RTGEN 206-100] Generating core module 'GELU_fdiv_32ns_32ibs': 1 instance(s).
INFO: [RTGEN 206-100] Generating core module 'GELU_fmul_32ns_32hbi': 1 instance(s).
INFO: [RTGEN 206-100] Generating core module 'GELU_fpext_32ns_6kbM': 1 instance(s).
INFO: [RTGEN 206-100] Generating core module 'GELU_fptrunc_64nsjbC': 1 instance(s).
INFO: [RTGEN 206-100] Finished creating RTL model for 'generic_tanh_float_s'.
INFO: [HLS 200-111]  Elapsed time: 0.652 seconds; current allocated memory: 362.846 MB.
INFO: [HLS 200-10] ----------------------------------------------------------------
INFO: [HLS 200-10] -- Generating RTL for module 'GELU' 
INFO: [HLS 200-10] ----------------------------------------------------------------
INFO: [RTGEN 206-500] Setting interface mode on port 'GELU/x' to 'ap_none'.
INFO: [RTGEN 206-500] Setting interface mode on port 'GELU/out_r' to 'ap_vld'.
INFO: [RTGEN 206-500] Setting interface mode on function 'GELU' to 'ap_ctrl_hs'.
INFO: [SYN 201-210] Renamed object name 'GELU_fadd_32ns_32ns_32_4_full_dsp_1' to 'GELU_fadd_32ns_32ncg' due to the length limit 20
INFO: [SYN 201-210] Renamed object name 'GELU_dmul_64ns_64ns_64_5_max_dsp_1' to 'GELU_dmul_64ns_64ocq' due to the length limit 20
INFO: [RTGEN 206-100] Generating core module 'GELU_dmul_64ns_64ocq': 1 instance(s).
INFO: [RTGEN 206-100] Generating core module 'GELU_fadd_32ns_32ncg': 1 instance(s).
INFO: [RTGEN 206-100] Generating core module 'GELU_fmul_32ns_32hbi': 1 instance(s).
INFO: [RTGEN 206-100] Generating core module 'GELU_fpext_32ns_6kbM': 1 instance(s).
INFO: [RTGEN 206-100] Generating core module 'GELU_fptrunc_64nsjbC': 1 instance(s).
INFO: [RTGEN 206-100] Finished creating RTL model for 'GELU'.
INFO: [HLS 200-111]  Elapsed time: 0.553 seconds; current allocated memory: 363.416 MB.
INFO: [RTMG 210-282] Generating pipelined core: 'GELU_mul_72ns_13seOg_MulnS_0'
INFO: [RTMG 210-279] Implementing memory 'exp_generic_doublbkb_rom' using auto ROMs.
INFO: [RTMG 210-279] Implementing memory 'exp_generic_doublcud_rom' using auto ROMs.
INFO: [RTMG 210-279] Implementing memory 'exp_generic_doubldEe_rom' using auto ROMs.
INFO: [HLS 200-111] Finished generating all RTL models Time (s): cpu = 00:00:01 ; elapsed = 00:00:20 . Memory (MB): peak = 430.418 ; gain = 344.586
INFO: [SYSC 207-301] Generating SystemC RTL for GELU.
INFO: [VHDL 208-304] Generating VHDL RTL for GELU.
INFO: [VLOG 209-307] Generating Verilog RTL for GELU.
INFO: [HLS 200-112] Total elapsed time: 19.989 seconds; peak allocated memory: 363.416 MB.
==============================================================
File generated on Fri Oct 25 15:07:27 +0800 2024
Vivado(TM) HLS - High-Level Synthesis from C, C++ and SystemC v2018.3 (64-bit)
SW Build 2405991 on Thu Dec  6 23:38:27 MST 2018
IP Build 2404404 on Fri Dec  7 01:43:56 MST 2018
Copyright 1986-2018 Xilinx, Inc. All Rights Reserved.
==============================================================
INFO: [SYN 201-201] Setting up clock 'default' with a period of 10ns.
INFO: [HLS 200-10] Setting target device to 'xc7z020clg400-2'
INFO: [SCHED 204-61] Option 'relax_ii_for_timing' is enabled, will increase II to preserve clock frequency constraints.
INFO: [HLS 200-10] Analyzing design file '../src/Gelu/GELU.cpp' ... 
INFO: [HLS 200-111] Finished Linking Time (s): cpu = 00:00:00 ; elapsed = 00:00:06 . Memory (MB): peak = 102.543 ; gain = 16.887
INFO: [HLS 200-111] Finished Checking Pragmas Time (s): cpu = 00:00:00 ; elapsed = 00:00:06 . Memory (MB): peak = 102.543 ; gain = 16.887
INFO: [HLS 200-10] Starting code transformations ...
ERROR: [SYNCHK 200-79] Cannot find the top function 'GELU' in the design. Possible causes are: (1) the top function name is misspelled; (2) the top function is nonexistent or declared as static.
ERROR: [HLS 200-70] Synthesizability check failed.
==============================================================
File generated on Fri Oct 25 15:08:24 +0800 2024
Vivado(TM) HLS - High-Level Synthesis from C, C++ and SystemC v2018.3 (64-bit)
SW Build 2405991 on Thu Dec  6 23:38:27 MST 2018
IP Build 2404404 on Fri Dec  7 01:43:56 MST 2018
Copyright 1986-2018 Xilinx, Inc. All Rights Reserved.
==============================================================
INFO: [SYN 201-201] Setting up clock 'default' with a period of 10ns.
INFO: [HLS 200-10] Setting target device to 'xc7z020clg400-2'
INFO: [SCHED 204-61] Option 'relax_ii_for_timing' is enabled, will increase II to preserve clock frequency constraints.
INFO: [HLS 200-10] Analyzing design file '../src/Gelu/GELU.cpp' ... 
INFO: [HLS 200-111] Finished Linking Time (s): cpu = 00:00:00 ; elapsed = 00:00:06 . Memory (MB): peak = 102.480 ; gain = 16.930
INFO: [HLS 200-111] Finished Checking Pragmas Time (s): cpu = 00:00:00 ; elapsed = 00:00:06 . Memory (MB): peak = 102.703 ; gain = 17.152
INFO: [HLS 200-10] Starting code transformations ...
INFO: [HLS 200-111] Finished Standard Transforms Time (s): cpu = 00:00:01 ; elapsed = 00:00:08 . Memory (MB): peak = 230.590 ; gain = 145.039
INFO: [HLS 200-10] Checking synthesizability ...
INFO: [XFORM 203-602] Inlining function 'fp_struct<double>::data' into 'fp_struct<double>::to_double' (r:/builds/2018.3/continuous/2018_12_06_2405991/src/products/hls/hls_lib/src/hls\utils/x_hls_utils.h:512) automatically.
INFO: [XFORM 203-602] Inlining function 'fp_struct<double>::to_double' into 'fp_struct<double>::to_ieee' (r:/builds/2018.3/continuous/2018_12_06_2405991/src/products/hls/hls_lib/src/hls\utils/x_hls_utils.h:526) automatically.
INFO: [XFORM 203-602] Inlining function 'fp_struct<double>::to_ieee' into 'generic_copysign<double>' (r:/builds/2018.3/continuous/2018_12_06_2405991/src/products/hls/hls_lib/hlsmath/include/FloatingPoint/hls_copysign.h:13) automatically.
INFO: [XFORM 203-602] Inlining function 'generic_copysign<double>' into 'generic_fabs<double>' (r:/builds/2018.3/continuous/2018_12_06_2405991/src/products/hls/hls_lib/hlsmath/include/FloatingPoint/hls_fabs.h:12) automatically.
INFO: [XFORM 203-602] Inlining function 'fp_struct<double>::to_ieee' into 'generic_nan<double>' (r:/builds/2018.3/continuous/2018_12_06_2405991/src/products/hls/hls_lib/hlsmath/include/FloatingPoint/hls_nan.h:14) automatically.
INFO: [XFORM 203-602] Inlining function 'generic_isnan<double>' into 'exp_reduce_::exp_generic<double>' (r:/builds/2018.3/continuous/2018_12_06_2405991/src/products/hls/hls_lib/hlsmath/include/FloatingPoint\hls_exp_.h:208) automatically.
INFO: [XFORM 203-602] Inlining function 'generic_isinf<double>' into 'exp_reduce_::exp_generic<double>' (r:/builds/2018.3/continuous/2018_12_06_2405991/src/products/hls/hls_lib/hlsmath/include/FloatingPoint\hls_exp_.h:209) automatically.
INFO: [XFORM 203-602] Inlining function 'fp_struct<double>::to_ieee' into 'exp_reduce_::exp_generic<double>' (r:/builds/2018.3/continuous/2018_12_06_2405991/src/products/hls/hls_lib/hlsmath/include/FloatingPoint\hls_exp_.h:218) automatically.
INFO: [XFORM 203-602] Inlining function 'fp_struct<double>::expv' into 'exp_reduce_::exp_generic<double>' (r:/builds/2018.3/continuous/2018_12_06_2405991/src/products/hls/hls_lib/hlsmath/include/FloatingPoint\hls_exp_.h:236) automatically.
INFO: [XFORM 203-602] Inlining function 'exp_reduce_::exp_traits<double>::exp_Z1P_m_1' into 'exp_reduce_::exp_generic<double>' (r:/builds/2018.3/continuous/2018_12_06_2405991/src/products/hls/hls_lib/hlsmath/include/FloatingPoint\hls_exp_.h:321) automatically.
INFO: [XFORM 203-602] Inlining function 'generic_fabs<double>' into 'explog_based::generic_tanh<double>' (r:/builds/2018.3/continuous/2018_12_06_2405991/src/products/hls/hls_lib/hlsmath/include/FloatingPoint\hls_tanh.h:61) automatically.
INFO: [XFORM 203-602] Inlining function 'generic_nan<double>' into 'explog_based::generic_tanh<double>' (r:/builds/2018.3/continuous/2018_12_06_2405991/src/products/hls/hls_lib/hlsmath/include/FloatingPoint\hls_tanh.h:67) automatically.
INFO: [XFORM 203-602] Inlining function 'exp_reduce_::expm1' into 'explog_based::generic_tanh<double>' (r:/builds/2018.3/continuous/2018_12_06_2405991/src/products/hls/hls_lib/hlsmath/include/FloatingPoint\hls_tanh.h:89) automatically.
INFO: [XFORM 203-602] Inlining function 'tanh' into 'GELU' (../src/Gelu/GELU.cpp:36) automatically.
INFO: [HLS 200-111] Finished Checking Synthesizability Time (s): cpu = 00:00:01 ; elapsed = 00:00:08 . Memory (MB): peak = 272.414 ; gain = 186.863
INFO: [XFORM 203-502] Unrolling all sub-loops inside loop 'Loop-1' (../src/Gelu/GELU.cpp:25) in function 'GELU' for pipelining.
WARNING: [XFORM 203-503] Cannot unroll loop 'Loop-1.1' (../src/Gelu/GELU.cpp:27) in function 'GELU': cannot completely unroll a loop with a variable trip count.
WARNING: [XFORM 203-503] Cannot unroll loop 'Loop-1.1.1' (../src/Gelu/GELU.cpp:28) in function 'GELU': cannot completely unroll a loop with a variable trip count.
INFO: [XFORM 203-602] Inlining function 'fp_struct<double>::data' into 'fp_struct<double>::to_double' (r:/builds/2018.3/continuous/2018_12_06_2405991/src/products/hls/hls_lib/src/hls\utils/x_hls_utils.h:512) automatically.
INFO: [XFORM 203-602] Inlining function 'fp_struct<double>::to_double' into 'fp_struct<double>::to_ieee' (r:/builds/2018.3/continuous/2018_12_06_2405991/src/products/hls/hls_lib/src/hls\utils/x_hls_utils.h:526) automatically.
INFO: [XFORM 203-602] Inlining function 'fp_struct<double>::to_ieee' into 'generic_copysign<double>' (r:/builds/2018.3/continuous/2018_12_06_2405991/src/products/hls/hls_lib/hlsmath/include/FloatingPoint/hls_copysign.h:13) automatically.
INFO: [XFORM 203-602] Inlining function 'generic_copysign<double>' into 'generic_fabs<double>' (r:/builds/2018.3/continuous/2018_12_06_2405991/src/products/hls/hls_lib/hlsmath/include/FloatingPoint/hls_fabs.h:12) automatically.
INFO: [XFORM 203-602] Inlining function 'fp_struct<double>::to_ieee' into 'generic_nan<double>' (r:/builds/2018.3/continuous/2018_12_06_2405991/src/products/hls/hls_lib/hlsmath/include/FloatingPoint/hls_nan.h:14) automatically.
INFO: [XFORM 203-602] Inlining function 'generic_isnan<double>' into 'exp_reduce_::exp_generic<double>' (r:/builds/2018.3/continuous/2018_12_06_2405991/src/products/hls/hls_lib/hlsmath/include/FloatingPoint\hls_exp_.h:208) automatically.
INFO: [XFORM 203-602] Inlining function 'generic_isinf<double>' into 'exp_reduce_::exp_generic<double>' (r:/builds/2018.3/continuous/2018_12_06_2405991/src/products/hls/hls_lib/hlsmath/include/FloatingPoint\hls_exp_.h:209) automatically.
INFO: [XFORM 203-602] Inlining function 'fp_struct<double>::to_ieee' into 'exp_reduce_::exp_generic<double>' (r:/builds/2018.3/continuous/2018_12_06_2405991/src/products/hls/hls_lib/hlsmath/include/FloatingPoint\hls_exp_.h:218) automatically.
INFO: [XFORM 203-602] Inlining function 'fp_struct<double>::expv' into 'exp_reduce_::exp_generic<double>' (r:/builds/2018.3/continuous/2018_12_06_2405991/src/products/hls/hls_lib/hlsmath/include/FloatingPoint\hls_exp_.h:236) automatically.
INFO: [XFORM 203-602] Inlining function 'exp_reduce_::exp_traits<double>::exp_Z1P_m_1' into 'exp_reduce_::exp_generic<double>' (r:/builds/2018.3/continuous/2018_12_06_2405991/src/products/hls/hls_lib/hlsmath/include/FloatingPoint\hls_exp_.h:321) automatically.
INFO: [XFORM 203-602] Inlining function 'generic_fabs<double>' into 'explog_based::generic_tanh<double>' (r:/builds/2018.3/continuous/2018_12_06_2405991/src/products/hls/hls_lib/hlsmath/include/FloatingPoint\hls_tanh.h:61) automatically.
INFO: [XFORM 203-602] Inlining function 'generic_nan<double>' into 'explog_based::generic_tanh<double>' (r:/builds/2018.3/continuous/2018_12_06_2405991/src/products/hls/hls_lib/hlsmath/include/FloatingPoint\hls_tanh.h:67) automatically.
INFO: [XFORM 203-602] Inlining function 'exp_reduce_::expm1' into 'explog_based::generic_tanh<double>' (r:/builds/2018.3/continuous/2018_12_06_2405991/src/products/hls/hls_lib/hlsmath/include/FloatingPoint\hls_tanh.h:89) automatically.
INFO: [XFORM 203-602] Inlining function 'tanh' into 'GELU' (../src/Gelu/GELU.cpp:36) automatically.
INFO: [XFORM 203-401] Performing if-conversion on hyperblock from (r:/builds/2018.3/continuous/2018_12_06_2405991/src/products/hls/hls_lib/hlsmath/include/FloatingPoint\hls_tanh.h:107:8) to (r:/builds/2018.3/continuous/2018_12_06_2405991/src/products/hls/hls_lib/hlsmath/include/FloatingPoint\hls_tanh.h:113:3) in function 'explog_based::generic_tanh<double>'... converting 3 basic blocks.
INFO: [XFORM 203-401] Performing if-conversion on hyperblock from (r:/builds/2018.3/continuous/2018_12_06_2405991/src/products/hls/hls_lib/hlsmath/include/FloatingPoint\hls_tanh.h:82:10) to (r:/builds/2018.3/continuous/2018_12_06_2405991/src/products/hls/hls_lib/hlsmath/src/common/hls_exp_double.cpp:8:11) in function 'explog_based::generic_tanh<double>'... converting 4 basic blocks.
INFO: [XFORM 203-401] Performing if-conversion on hyperblock from (r:/builds/2018.3/continuous/2018_12_06_2405991/src/products/hls/hls_lib/hlsmath/include/FloatingPoint\hls_exp_.h:184:19) to (r:/builds/2018.3/continuous/2018_12_06_2405991/src/products/hls/hls_lib/hlsmath/include/FloatingPoint\hls_exp_.h:367:3) in function 'exp_reduce_::exp_generic<double>'... converting 20 basic blocks.
INFO: [HLS 200-111] Finished Pre-synthesis Time (s): cpu = 00:00:01 ; elapsed = 00:00:10 . Memory (MB): peak = 364.742 ; gain = 279.191
INFO: [XFORM 203-541] Flattening a loop nest 'Loop-1' (../src/Gelu/GELU.cpp:25:21) in function 'GELU'.
WARNING: [XFORM 203-631] Renaming function 'explog_based::generic_tanh<double>' to 'generic_tanh<double>' (r:/builds/2018.3/continuous/2018_12_06_2405991/src/products/hls/hls_lib/hlsmath/include/FloatingPoint\hls_tanh.h:56)
WARNING: [XFORM 203-631] Renaming function 'exp_reduce_::exp_generic<double>' to 'exp_generic<double>' (r:/builds/2018.3/continuous/2018_12_06_2405991/src/products/hls/hls_lib/hlsmath/include/FloatingPoint\hls_exp_.h:184)
INFO: [HLS 200-444] Inferring multiple bus burst read of variable length on port 'gmem' (../src/Gelu/GELU.cpp:33:43). These data requests might be further partitioned to multiple requests during RTL generation, based on max_read_burst_length or max_write_burst_length settings.
INFO: [HLS 200-111] Finished Architecture Synthesis Time (s): cpu = 00:00:01 ; elapsed = 00:00:10 . Memory (MB): peak = 404.352 ; gain = 318.801
INFO: [HLS 200-10] Starting hardware synthesis ...
INFO: [HLS 200-10] Synthesizing 'GELU' ...
WARNING: [SYN 201-103] Legalizing function name 'exp_generic<double>' to 'exp_generic_double_s'.
WARNING: [SYN 201-103] Legalizing function name 'generic_tanh<double>' to 'generic_tanh_double_s'.
INFO: [HLS 200-10] ----------------------------------------------------------------
INFO: [HLS 200-42] -- Implementing module 'exp_generic_double_s' 
INFO: [HLS 200-10] ----------------------------------------------------------------
INFO: [SCHED 204-11] Starting scheduling ...
INFO: [SCHED 204-61] Pipelining function 'exp_generic<double>'.
INFO: [SCHED 204-61] Pipelining result : Target II = 1, Final II = 1, Depth = 13.
INFO: [SCHED 204-11] Finished scheduling.
INFO: [HLS 200-111]  Elapsed time: 10.402 seconds; current allocated memory: 340.621 MB.
INFO: [BIND 205-100] Starting micro-architecture generation ...
INFO: [BIND 205-101] Performing variable lifetime analysis.
INFO: [BIND 205-101] Exploring resource sharing.
INFO: [BIND 205-101] Binding ...
INFO: [BIND 205-100] Finished micro-architecture generation.
INFO: [HLS 200-111]  Elapsed time: 0.174 seconds; current allocated memory: 341.269 MB.
INFO: [HLS 200-10] ----------------------------------------------------------------
INFO: [HLS 200-42] -- Implementing module 'generic_tanh_double_s' 
INFO: [HLS 200-10] ----------------------------------------------------------------
INFO: [SCHED 204-11] Starting scheduling ...
INFO: [SCHED 204-61] Pipelining function 'generic_tanh<double>'.
INFO: [SCHED 204-61] Pipelining result : Target II = 1, Final II = 1, Depth = 66.
INFO: [SCHED 204-11] Finished scheduling.
INFO: [HLS 200-111]  Elapsed time: 0.261 seconds; current allocated memory: 341.992 MB.
INFO: [BIND 205-100] Starting micro-architecture generation ...
INFO: [BIND 205-101] Performing variable lifetime analysis.
INFO: [BIND 205-101] Exploring resource sharing.
INFO: [BIND 205-101] Binding ...
INFO: [BIND 205-100] Finished micro-architecture generation.
INFO: [HLS 200-111]  Elapsed time: 0.213 seconds; current allocated memory: 342.641 MB.
INFO: [HLS 200-10] ----------------------------------------------------------------
INFO: [HLS 200-42] -- Implementing module 'GELU' 
INFO: [HLS 200-10] ----------------------------------------------------------------
INFO: [SCHED 204-11] Starting scheduling ...
WARNING: [SCHED 204-65] Unable to satisfy pipeline directive: Loop contains subloop(s) not being unrolled or flattened.
INFO: [SCHED 204-11] Finished scheduling.
INFO: [HLS 200-111]  Elapsed time: 0.311 seconds; current allocated memory: 343.166 MB.
INFO: [HLS 200-434] Only 0 loops out of a total 2 loops have been pipelined in this design.
INFO: [BIND 205-100] Starting micro-architecture generation ...
INFO: [BIND 205-101] Performing variable lifetime analysis.
INFO: [BIND 205-101] Exploring resource sharing.
INFO: [BIND 205-101] Binding ...
INFO: [BIND 205-100] Finished micro-architecture generation.
INFO: [HLS 200-111]  Elapsed time: 0.248 seconds; current allocated memory: 343.867 MB.
INFO: [HLS 200-10] ----------------------------------------------------------------
INFO: [HLS 200-10] -- Generating RTL for module 'exp_generic_double_s' 
INFO: [HLS 200-10] ----------------------------------------------------------------
INFO: [SYN 201-210] Renamed object name 'exp_generic_double_s_table_exp_Z1_array_s' to 'exp_generic_doublbkb' due to the length limit 20
INFO: [SYN 201-210] Renamed object name 'exp_generic_double_s_table_f_Z3_array_V' to 'exp_generic_doublcud' due to the length limit 20
INFO: [SYN 201-210] Renamed object name 'exp_generic_double_s_table_f_Z2_array_V' to 'exp_generic_doubldEe' due to the length limit 20
INFO: [SYN 201-210] Renamed object name 'GELU_mul_72ns_13s_84_2_1' to 'GELU_mul_72ns_13seOg' due to the length limit 20
INFO: [SYN 201-210] Renamed object name 'GELU_mac_muladd_16ns_16s_19s_31_1_1' to 'GELU_mac_muladd_1fYi' due to the length limit 20
INFO: [RTGEN 206-100] Generating core module 'GELU_mac_muladd_1fYi': 1 instance(s).
INFO: [RTGEN 206-100] Generating core module 'GELU_mul_72ns_13seOg': 1 instance(s).
INFO: [RTGEN 206-100] Finished creating RTL model for 'exp_generic_double_s'.
INFO: [HLS 200-111]  Elapsed time: 0.34 seconds; current allocated memory: 345.394 MB.
INFO: [HLS 200-10] ----------------------------------------------------------------
INFO: [HLS 200-10] -- Generating RTL for module 'generic_tanh_double_s' 
INFO: [HLS 200-10] ----------------------------------------------------------------
INFO: [SYN 201-210] Renamed object name 'GELU_dadddsub_64ns_64ns_64_5_full_dsp_1' to 'GELU_dadddsub_64ng8j' due to the length limit 20
INFO: [SYN 201-210] Renamed object name 'GELU_dadd_64ns_64ns_64_5_full_dsp_1' to 'GELU_dadd_64ns_64hbi' due to the length limit 20
INFO: [SYN 201-210] Renamed object name 'GELU_dsub_64ns_64ns_64_5_full_dsp_1' to 'GELU_dsub_64ns_64ibs' due to the length limit 20
INFO: [SYN 201-210] Renamed object name 'GELU_dmul_64ns_64ns_64_5_max_dsp_1' to 'GELU_dmul_64ns_64jbC' due to the length limit 20
INFO: [SYN 201-210] Renamed object name 'GELU_ddiv_64ns_64ns_64_31_1' to 'GELU_ddiv_64ns_64kbM' due to the length limit 20
INFO: [SYN 201-210] Renamed object name 'GELU_dcmp_64ns_64ns_1_1_1' to 'GELU_dcmp_64ns_64lbW' due to the length limit 20
INFO: [RTGEN 206-100] Generating core module 'GELU_dadd_64ns_64hbi': 3 instance(s).
INFO: [RTGEN 206-100] Generating core module 'GELU_dadddsub_64ng8j': 1 instance(s).
INFO: [RTGEN 206-100] Generating core module 'GELU_dcmp_64ns_64lbW': 1 instance(s).
INFO: [RTGEN 206-100] Generating core module 'GELU_ddiv_64ns_64kbM': 1 instance(s).
INFO: [RTGEN 206-100] Generating core module 'GELU_dmul_64ns_64jbC': 1 instance(s).
INFO: [RTGEN 206-100] Generating core module 'GELU_dsub_64ns_64ibs': 1 instance(s).
INFO: [RTGEN 206-100] Finished creating RTL model for 'generic_tanh_double_s'.
INFO: [HLS 200-111]  Elapsed time: 0.6 seconds; current allocated memory: 348.237 MB.
INFO: [HLS 200-10] ----------------------------------------------------------------
INFO: [HLS 200-10] -- Generating RTL for module 'GELU' 
INFO: [HLS 200-10] ----------------------------------------------------------------
INFO: [RTGEN 206-500] Setting interface mode on port 'GELU/gmem' to 'm_axi'.
INFO: [RTGEN 206-500] Setting interface mode on port 'GELU/input_width_V' to 's_axilite & ap_none'.
INFO: [RTGEN 206-500] Setting interface mode on port 'GELU/input_height_V' to 's_axilite & ap_none'.
INFO: [RTGEN 206-500] Setting interface mode on port 'GELU/input_depth_V' to 's_axilite & ap_none'.
INFO: [RTGEN 206-500] Setting interface mode on port 'GELU/in_data' to 's_axilite & ap_none'.
INFO: [RTGEN 206-500] Setting interface mode on port 'GELU/out_data' to 's_axilite & ap_none'.
INFO: [RTGEN 206-500] Setting interface mode on function 'GELU' to 's_axilite & ap_ctrl_hs'.
INFO: [RTGEN 206-100] Bundling port 'return', 'input_width_V', 'input_depth_V', 'in_data' and 'out_data' to AXI-Lite port AXILiteS.
INFO: [SYN 201-210] Renamed object name 'GELU_mul_mul_12ns_8ns_20_1_1' to 'GELU_mul_mul_12nsmb6' due to the length limit 20
INFO: [SYN 201-210] Renamed object name 'GELU_mac_muladd_12ns_8ns_12ns_20_1_1' to 'GELU_mac_muladd_1ncg' due to the length limit 20
INFO: [SYN 201-210] Renamed object name 'GELU_mul_mul_12ns_20ns_32_1_1' to 'GELU_mul_mul_12nsocq' due to the length limit 20
INFO: [RTGEN 206-100] Generating core module 'GELU_dadd_64ns_64hbi': 1 instance(s).
INFO: [RTGEN 206-100] Generating core module 'GELU_dmul_64ns_64jbC': 1 instance(s).
INFO: [RTGEN 206-100] Generating core module 'GELU_mac_muladd_1ncg': 1 instance(s).
INFO: [RTGEN 206-100] Generating core module 'GELU_mul_mul_12nsmb6': 1 instance(s).
INFO: [RTGEN 206-100] Generating core module 'GELU_mul_mul_12nsocq': 1 instance(s).
INFO: [RTGEN 206-100] Finished creating RTL model for 'GELU'.
INFO: [HLS 200-111]  Elapsed time: 0.702 seconds; current allocated memory: 350.069 MB.
INFO: [RTMG 210-282] Generating pipelined core: 'GELU_mul_72ns_13seOg_MulnS_0'
INFO: [RTMG 210-279] Implementing memory 'exp_generic_doublbkb_rom' using auto ROMs.
INFO: [RTMG 210-279] Implementing memory 'exp_generic_doublcud_rom' using auto ROMs.
INFO: [RTMG 210-279] Implementing memory 'exp_generic_doubldEe_rom' using auto ROMs.
INFO: [HLS 200-111] Finished generating all RTL models Time (s): cpu = 00:00:02 ; elapsed = 00:00:16 . Memory (MB): peak = 420.398 ; gain = 334.848
INFO: [SYSC 207-301] Generating SystemC RTL for GELU.
INFO: [VHDL 208-304] Generating VHDL RTL for GELU.
INFO: [VLOG 209-307] Generating Verilog RTL for GELU.
INFO: [HLS 200-112] Total elapsed time: 16.165 seconds; peak allocated memory: 350.069 MB.
==============================================================
File generated on Fri Oct 25 16:38:04 +0800 2024
Vivado(TM) HLS - High-Level Synthesis from C, C++ and SystemC v2018.3 (64-bit)
SW Build 2405991 on Thu Dec  6 23:38:27 MST 2018
IP Build 2404404 on Fri Dec  7 01:43:56 MST 2018
Copyright 1986-2018 Xilinx, Inc. All Rights Reserved.
==============================================================
INFO: [SYN 201-201] Setting up clock 'default' with a period of 10ns.
INFO: [HLS 200-10] Setting target device to 'xc7z020clg400-2'
INFO: [SCHED 204-61] Option 'relax_ii_for_timing' is enabled, will increase II to preserve clock frequency constraints.
INFO: [HLS 200-10] Analyzing design file '../src/Gelu/GELU.cpp' ... 
INFO: [HLS 200-111] Finished Linking Time (s): cpu = 00:00:00 ; elapsed = 00:00:10 . Memory (MB): peak = 103.297 ; gain = 18.348
INFO: [HLS 200-111] Finished Checking Pragmas Time (s): cpu = 00:00:00 ; elapsed = 00:00:10 . Memory (MB): peak = 103.297 ; gain = 18.348
INFO: [HLS 200-10] Starting code transformations ...
INFO: [HLS 200-111] Finished Standard Transforms Time (s): cpu = 00:00:01 ; elapsed = 00:00:13 . Memory (MB): peak = 273.484 ; gain = 188.535
INFO: [HLS 200-10] Checking synthesizability ...
INFO: [XFORM 203-602] Inlining function 'fp_struct<float>::data' into 'fp_struct<float>::to_float' (r:/builds/2018.3/continuous/2018_12_06_2405991/src/products/hls/hls_lib/src/hls\utils/x_hls_utils.h:348) automatically.
INFO: [XFORM 203-602] Inlining function 'fp_struct<float>::to_float' into 'fp_struct<float>::to_ieee' (r:/builds/2018.3/continuous/2018_12_06_2405991/src/products/hls/hls_lib/src/hls\utils/x_hls_utils.h:369) automatically.
INFO: [XFORM 203-602] Inlining function 'fp_struct<float>::to_ieee' into 'generic_copysign<float>' (r:/builds/2018.3/continuous/2018_12_06_2405991/src/products/hls/hls_lib/hlsmath/include/FloatingPoint/hls_copysign.h:13) automatically.
INFO: [XFORM 203-602] Inlining function 'generic_copysign<float>' into 'generic_fabs<float>' (r:/builds/2018.3/continuous/2018_12_06_2405991/src/products/hls/hls_lib/hlsmath/include/FloatingPoint/hls_fabs.h:12) automatically.
INFO: [XFORM 203-602] Inlining function 'fp_struct<float>::to_ieee' into 'generic_nan<float>' (r:/builds/2018.3/continuous/2018_12_06_2405991/src/products/hls/hls_lib/hlsmath/include/FloatingPoint/hls_nan.h:14) automatically.
INFO: [XFORM 203-602] Inlining function 'fp_struct<double>::data' into 'fp_struct<double>::to_double' (r:/builds/2018.3/continuous/2018_12_06_2405991/src/products/hls/hls_lib/src/hls\utils/x_hls_utils.h:512) automatically.
INFO: [XFORM 203-602] Inlining function 'fp_struct<double>::to_double' into 'fp_struct<double>::to_ieee' (r:/builds/2018.3/continuous/2018_12_06_2405991/src/products/hls/hls_lib/src/hls\utils/x_hls_utils.h:526) automatically.
INFO: [XFORM 203-602] Inlining function 'generic_isnan<double>' into 'exp_reduce_::exp_generic<double>' (r:/builds/2018.3/continuous/2018_12_06_2405991/src/products/hls/hls_lib/hlsmath/include/FloatingPoint\hls_exp_.h:208) automatically.
INFO: [XFORM 203-602] Inlining function 'generic_isinf<double>' into 'exp_reduce_::exp_generic<double>' (r:/builds/2018.3/continuous/2018_12_06_2405991/src/products/hls/hls_lib/hlsmath/include/FloatingPoint\hls_exp_.h:209) automatically.
INFO: [XFORM 203-602] Inlining function 'fp_struct<double>::to_ieee' into 'exp_reduce_::exp_generic<double>' (r:/builds/2018.3/continuous/2018_12_06_2405991/src/products/hls/hls_lib/hlsmath/include/FloatingPoint\hls_exp_.h:218) automatically.
INFO: [XFORM 203-602] Inlining function 'fp_struct<double>::expv' into 'exp_reduce_::exp_generic<double>' (r:/builds/2018.3/continuous/2018_12_06_2405991/src/products/hls/hls_lib/hlsmath/include/FloatingPoint\hls_exp_.h:236) automatically.
INFO: [XFORM 203-602] Inlining function 'exp_reduce_::exp_traits<double>::exp_Z1P_m_1' into 'exp_reduce_::exp_generic<double>' (r:/builds/2018.3/continuous/2018_12_06_2405991/src/products/hls/hls_lib/hlsmath/include/FloatingPoint\hls_exp_.h:321) automatically.
INFO: [XFORM 203-602] Inlining function 'generic_fabs<float>' into 'explog_based::generic_tanh<float>' (r:/builds/2018.3/continuous/2018_12_06_2405991/src/products/hls/hls_lib/hlsmath/include/FloatingPoint\hls_tanh.h:61) automatically.
INFO: [XFORM 203-602] Inlining function 'generic_nan<float>' into 'explog_based::generic_tanh<float>' (r:/builds/2018.3/continuous/2018_12_06_2405991/src/products/hls/hls_lib/hlsmath/include/FloatingPoint\hls_tanh.h:67) automatically.
INFO: [XFORM 203-602] Inlining function 'exp_reduce_::expm1' into 'explog_based::generic_tanh<float>' (r:/builds/2018.3/continuous/2018_12_06_2405991/src/products/hls/hls_lib/hlsmath/include/FloatingPoint\hls_tanh.h:89) automatically.
INFO: [XFORM 203-602] Inlining function 'tanhf' into 'std::tanh' (D:/software/Xilinx/Vivado/2018.3/win64/tools/clang/bin\..\lib\clang\3.1/../../../include/c++/4.5.2\cmath:466) automatically.
INFO: [XFORM 203-602] Inlining function 'std::tanh' into 'GELU' (../src/Gelu/GELU.cpp:33) automatically.
INFO: [HLS 200-111] Finished Checking Synthesizability Time (s): cpu = 00:00:01 ; elapsed = 00:00:14 . Memory (MB): peak = 360.773 ; gain = 275.824
WARNING: [XFORM 203-503] Cannot unroll loop 'Loop-1' (../src/Gelu/GELU.cpp:22) in function 'GELU': cannot completely unroll a loop with a variable trip count.
INFO: [XFORM 203-602] Inlining function 'fp_struct<float>::data' into 'fp_struct<float>::to_float' (r:/builds/2018.3/continuous/2018_12_06_2405991/src/products/hls/hls_lib/src/hls\utils/x_hls_utils.h:348) automatically.
INFO: [XFORM 203-602] Inlining function 'fp_struct<float>::to_float' into 'fp_struct<float>::to_ieee' (r:/builds/2018.3/continuous/2018_12_06_2405991/src/products/hls/hls_lib/src/hls\utils/x_hls_utils.h:369) automatically.
INFO: [XFORM 203-602] Inlining function 'fp_struct<float>::to_ieee' into 'generic_copysign<float>' (r:/builds/2018.3/continuous/2018_12_06_2405991/src/products/hls/hls_lib/hlsmath/include/FloatingPoint/hls_copysign.h:13) automatically.
INFO: [XFORM 203-602] Inlining function 'generic_copysign<float>' into 'generic_fabs<float>' (r:/builds/2018.3/continuous/2018_12_06_2405991/src/products/hls/hls_lib/hlsmath/include/FloatingPoint/hls_fabs.h:12) automatically.
INFO: [XFORM 203-602] Inlining function 'fp_struct<float>::to_ieee' into 'generic_nan<float>' (r:/builds/2018.3/continuous/2018_12_06_2405991/src/products/hls/hls_lib/hlsmath/include/FloatingPoint/hls_nan.h:14) automatically.
INFO: [XFORM 203-602] Inlining function 'fp_struct<double>::data' into 'fp_struct<double>::to_double' (r:/builds/2018.3/continuous/2018_12_06_2405991/src/products/hls/hls_lib/src/hls\utils/x_hls_utils.h:512) automatically.
INFO: [XFORM 203-602] Inlining function 'fp_struct<double>::to_double' into 'fp_struct<double>::to_ieee' (r:/builds/2018.3/continuous/2018_12_06_2405991/src/products/hls/hls_lib/src/hls\utils/x_hls_utils.h:526) automatically.
INFO: [XFORM 203-602] Inlining function 'generic_isnan<double>' into 'exp_reduce_::exp_generic<double>' (r:/builds/2018.3/continuous/2018_12_06_2405991/src/products/hls/hls_lib/hlsmath/include/FloatingPoint\hls_exp_.h:208) automatically.
INFO: [XFORM 203-602] Inlining function 'generic_isinf<double>' into 'exp_reduce_::exp_generic<double>' (r:/builds/2018.3/continuous/2018_12_06_2405991/src/products/hls/hls_lib/hlsmath/include/FloatingPoint\hls_exp_.h:209) automatically.
INFO: [XFORM 203-602] Inlining function 'fp_struct<double>::to_ieee' into 'exp_reduce_::exp_generic<double>' (r:/builds/2018.3/continuous/2018_12_06_2405991/src/products/hls/hls_lib/hlsmath/include/FloatingPoint\hls_exp_.h:218) automatically.
INFO: [XFORM 203-602] Inlining function 'fp_struct<double>::expv' into 'exp_reduce_::exp_generic<double>' (r:/builds/2018.3/continuous/2018_12_06_2405991/src/products/hls/hls_lib/hlsmath/include/FloatingPoint\hls_exp_.h:236) automatically.
INFO: [XFORM 203-602] Inlining function 'exp_reduce_::exp_traits<double>::exp_Z1P_m_1' into 'exp_reduce_::exp_generic<double>' (r:/builds/2018.3/continuous/2018_12_06_2405991/src/products/hls/hls_lib/hlsmath/include/FloatingPoint\hls_exp_.h:321) automatically.
INFO: [XFORM 203-602] Inlining function 'generic_fabs<float>' into 'explog_based::generic_tanh<float>' (r:/builds/2018.3/continuous/2018_12_06_2405991/src/products/hls/hls_lib/hlsmath/include/FloatingPoint\hls_tanh.h:61) automatically.
INFO: [XFORM 203-602] Inlining function 'generic_nan<float>' into 'explog_based::generic_tanh<float>' (r:/builds/2018.3/continuous/2018_12_06_2405991/src/products/hls/hls_lib/hlsmath/include/FloatingPoint\hls_tanh.h:67) automatically.
INFO: [XFORM 203-602] Inlining function 'exp_reduce_::expm1' into 'explog_based::generic_tanh<float>' (r:/builds/2018.3/continuous/2018_12_06_2405991/src/products/hls/hls_lib/hlsmath/include/FloatingPoint\hls_tanh.h:89) automatically.
INFO: [XFORM 203-602] Inlining function 'tanhf' into 'std::tanh' (D:/software/Xilinx/Vivado/2018.3/win64/tools/clang/bin\..\lib\clang\3.1/../../../include/c++/4.5.2\cmath:466) automatically.
INFO: [XFORM 203-602] Inlining function 'std::tanh' into 'GELU' (../src/Gelu/GELU.cpp:33) automatically.
INFO: [XFORM 203-401] Performing if-conversion on hyperblock from (r:/builds/2018.3/continuous/2018_12_06_2405991/src/products/hls/hls_lib/hlsmath/include/FloatingPoint\hls_tanh.h:107:8) to (r:/builds/2018.3/continuous/2018_12_06_2405991/src/products/hls/hls_lib/hlsmath/include/FloatingPoint\hls_tanh.h:113:3) in function 'explog_based::generic_tanh<float>'... converting 3 basic blocks.
INFO: [XFORM 203-401] Performing if-conversion on hyperblock from (r:/builds/2018.3/continuous/2018_12_06_2405991/src/products/hls/hls_lib/hlsmath/include/FloatingPoint\hls_tanh.h:82:10) to (r:/builds/2018.3/continuous/2018_12_06_2405991/src/products/hls/hls_lib/hlsmath/src/common/hls_exp_float.cpp:8:10) in function 'explog_based::generic_tanh<float>'... converting 4 basic blocks.
INFO: [XFORM 203-401] Performing if-conversion on hyperblock from (r:/builds/2018.3/continuous/2018_12_06_2405991/src/products/hls/hls_lib/hlsmath/include/FloatingPoint\hls_exp_.h:184:19) to (r:/builds/2018.3/continuous/2018_12_06_2405991/src/products/hls/hls_lib/hlsmath/include/FloatingPoint\hls_exp_.h:367:3) in function 'exp_reduce_::exp_generic<double>'... converting 20 basic blocks.
INFO: [HLS 200-111] Finished Pre-synthesis Time (s): cpu = 00:00:01 ; elapsed = 00:00:16 . Memory (MB): peak = 476.676 ; gain = 391.727
WARNING: [XFORM 203-631] Renaming function 'explog_based::generic_tanh<float>' to 'generic_tanh<float>' (r:/builds/2018.3/continuous/2018_12_06_2405991/src/products/hls/hls_lib/hlsmath/include/FloatingPoint\hls_tanh.h:56)
WARNING: [XFORM 203-631] Renaming function 'exp_reduce_::exp_generic<double>' to 'exp_generic<double>' (r:/builds/2018.3/continuous/2018_12_06_2405991/src/products/hls/hls_lib/hlsmath/include/FloatingPoint\hls_exp_.h:184)
INFO: [HLS 200-444] Inferring multiple bus burst read of variable length on port 'gmem' (../src/Gelu/GELU.cpp:30:43). These data requests might be further partitioned to multiple requests during RTL generation, based on max_read_burst_length or max_write_burst_length settings.
INFO: [HLS 200-111] Finished Architecture Synthesis Time (s): cpu = 00:00:01 ; elapsed = 00:00:17 . Memory (MB): peak = 531.441 ; gain = 446.492
INFO: [HLS 200-10] Starting hardware synthesis ...
INFO: [HLS 200-10] Synthesizing 'GELU' ...
WARNING: [SYN 201-103] Legalizing function name 'exp_generic<double>' to 'exp_generic_double_s'.
WARNING: [SYN 201-103] Legalizing function name 'generic_tanh<float>' to 'generic_tanh_float_s'.
INFO: [HLS 200-10] ----------------------------------------------------------------
INFO: [HLS 200-42] -- Implementing module 'exp_generic_double_s' 
INFO: [HLS 200-10] ----------------------------------------------------------------
INFO: [SCHED 204-11] Starting scheduling ...
INFO: [SCHED 204-61] Pipelining function 'exp_generic<double>'.
INFO: [SCHED 204-61] Pipelining result : Target II = 1, Final II = 1, Depth = 13.
INFO: [SCHED 204-11] Finished scheduling.
INFO: [HLS 200-111]  Elapsed time: 16.964 seconds; current allocated memory: 452.504 MB.
INFO: [BIND 205-100] Starting micro-architecture generation ...
INFO: [BIND 205-101] Performing variable lifetime analysis.
INFO: [BIND 205-101] Exploring resource sharing.
INFO: [BIND 205-101] Binding ...
INFO: [BIND 205-100] Finished micro-architecture generation.
INFO: [HLS 200-111]  Elapsed time: 0.181 seconds; current allocated memory: 453.136 MB.
INFO: [HLS 200-10] ----------------------------------------------------------------
INFO: [HLS 200-42] -- Implementing module 'generic_tanh_float_s' 
INFO: [HLS 200-10] ----------------------------------------------------------------
INFO: [SCHED 204-11] Starting scheduling ...
INFO: [SCHED 204-11] Finished scheduling.
INFO: [HLS 200-111]  Elapsed time: 0.236 seconds; current allocated memory: 453.776 MB.
INFO: [BIND 205-100] Starting micro-architecture generation ...
INFO: [BIND 205-101] Performing variable lifetime analysis.
INFO: [BIND 205-101] Exploring resource sharing.
INFO: [BIND 205-101] Binding ...
INFO: [BIND 205-100] Finished micro-architecture generation.
INFO: [HLS 200-111]  Elapsed time: 0.203 seconds; current allocated memory: 454.227 MB.
INFO: [HLS 200-10] ----------------------------------------------------------------
INFO: [HLS 200-42] -- Implementing module 'GELU' 
INFO: [HLS 200-10] ----------------------------------------------------------------
INFO: [SCHED 204-11] Starting scheduling ...
INFO: [SCHED 204-11] Finished scheduling.
INFO: [HLS 200-111]  Elapsed time: 0.265 seconds; current allocated memory: 454.740 MB.
INFO: [HLS 200-434] Only 0 loops out of a total 3 loops have been pipelined in this design.
INFO: [BIND 205-100] Starting micro-architecture generation ...
INFO: [BIND 205-101] Performing variable lifetime analysis.
INFO: [BIND 205-101] Exploring resource sharing.
INFO: [BIND 205-101] Binding ...
INFO: [BIND 205-100] Finished micro-architecture generation.
INFO: [HLS 200-111]  Elapsed time: 0.188 seconds; current allocated memory: 455.103 MB.
INFO: [HLS 200-10] ----------------------------------------------------------------
INFO: [HLS 200-10] -- Generating RTL for module 'exp_generic_double_s' 
INFO: [HLS 200-10] ----------------------------------------------------------------
INFO: [SYN 201-210] Renamed object name 'exp_generic_double_s_table_exp_Z1_array_s' to 'exp_generic_doublbkb' due to the length limit 20
INFO: [SYN 201-210] Renamed object name 'exp_generic_double_s_table_f_Z3_array_V' to 'exp_generic_doublcud' due to the length limit 20
INFO: [SYN 201-210] Renamed object name 'exp_generic_double_s_table_f_Z2_array_V' to 'exp_generic_doubldEe' due to the length limit 20
INFO: [SYN 201-210] Renamed object name 'GELU_mul_72ns_13s_84_2_1' to 'GELU_mul_72ns_13seOg' due to the length limit 20
INFO: [SYN 201-210] Renamed object name 'GELU_mac_muladd_16ns_16s_19s_31_1_1' to 'GELU_mac_muladd_1fYi' due to the length limit 20
INFO: [RTGEN 206-100] Generating core module 'GELU_mac_muladd_1fYi': 1 instance(s).
INFO: [RTGEN 206-100] Generating core module 'GELU_mul_72ns_13seOg': 1 instance(s).
INFO: [RTGEN 206-100] Finished creating RTL model for 'exp_generic_double_s'.
INFO: [HLS 200-111]  Elapsed time: 0.336 seconds; current allocated memory: 456.555 MB.
INFO: [HLS 200-10] ----------------------------------------------------------------
INFO: [HLS 200-10] -- Generating RTL for module 'generic_tanh_float_s' 
INFO: [HLS 200-10] ----------------------------------------------------------------
INFO: [SYN 201-210] Renamed object name 'GELU_faddfsub_32ns_32ns_32_4_full_dsp_1' to 'GELU_faddfsub_32ng8j' due to the length limit 20
INFO: [SYN 201-210] Renamed object name 'GELU_fmul_32ns_32ns_32_3_max_dsp_1' to 'GELU_fmul_32ns_32hbi' due to the length limit 20
INFO: [SYN 201-210] Renamed object name 'GELU_fdiv_32ns_32ns_32_12_1' to 'GELU_fdiv_32ns_32ibs' due to the length limit 20
INFO: [SYN 201-210] Renamed object name 'GELU_fptrunc_64ns_32_1_1' to 'GELU_fptrunc_64nsjbC' due to the length limit 20
INFO: [SYN 201-210] Renamed object name 'GELU_fpext_32ns_64_1_1' to 'GELU_fpext_32ns_6kbM' due to the length limit 20
INFO: [SYN 201-210] Renamed object name 'GELU_fcmp_32ns_32ns_1_1_1' to 'GELU_fcmp_32ns_32lbW' due to the length limit 20
INFO: [SYN 201-210] Renamed object name 'GELU_dadd_64ns_64ns_64_5_full_dsp_1' to 'GELU_dadd_64ns_64mb6' due to the length limit 20
INFO: [RTGEN 206-100] Generating core module 'GELU_dadd_64ns_64mb6': 1 instance(s).
INFO: [RTGEN 206-100] Generating core module 'GELU_faddfsub_32ng8j': 1 instance(s).
INFO: [RTGEN 206-100] Generating core module 'GELU_fcmp_32ns_32lbW': 1 instance(s).
INFO: [RTGEN 206-100] Generating core module 'GELU_fdiv_32ns_32ibs': 1 instance(s).
INFO: [RTGEN 206-100] Generating core module 'GELU_fmul_32ns_32hbi': 1 instance(s).
INFO: [RTGEN 206-100] Generating core module 'GELU_fpext_32ns_6kbM': 1 instance(s).
INFO: [RTGEN 206-100] Generating core module 'GELU_fptrunc_64nsjbC': 1 instance(s).
INFO: [RTGEN 206-100] Finished creating RTL model for 'generic_tanh_float_s'.
INFO: [HLS 200-111]  Elapsed time: 0.681 seconds; current allocated memory: 457.969 MB.
INFO: [HLS 200-10] ----------------------------------------------------------------
INFO: [HLS 200-10] -- Generating RTL for module 'GELU' 
INFO: [HLS 200-10] ----------------------------------------------------------------
INFO: [RTGEN 206-500] Setting interface mode on port 'GELU/gmem' to 'm_axi'.
INFO: [RTGEN 206-500] Setting interface mode on port 'GELU/input_width_V' to 's_axilite & ap_none'.
INFO: [RTGEN 206-500] Setting interface mode on port 'GELU/input_height_V' to 's_axilite & ap_none'.
INFO: [RTGEN 206-500] Setting interface mode on port 'GELU/input_depth_V' to 's_axilite & ap_none'.
INFO: [RTGEN 206-500] Setting interface mode on port 'GELU/in_data' to 's_axilite & ap_none'.
INFO: [RTGEN 206-500] Setting interface mode on port 'GELU/out_data' to 's_axilite & ap_none'.
INFO: [RTGEN 206-500] Setting interface mode on function 'GELU' to 's_axilite & ap_ctrl_hs'.
INFO: [RTGEN 206-100] Bundling port 'return', 'input_width_V', 'input_depth_V', 'in_data' and 'out_data' to AXI-Lite port AXILiteS.
INFO: [SYN 201-210] Renamed object name 'GELU_fadd_32ns_32ns_32_4_full_dsp_1' to 'GELU_fadd_32ns_32ncg' due to the length limit 20
INFO: [SYN 201-210] Renamed object name 'GELU_dmul_64ns_64ns_64_5_max_dsp_1' to 'GELU_dmul_64ns_64ocq' due to the length limit 20
INFO: [SYN 201-210] Renamed object name 'GELU_mul_mul_12ns_20ns_32_1_1' to 'GELU_mul_mul_12nspcA' due to the length limit 20
INFO: [RTGEN 206-100] Generating core module 'GELU_dmul_64ns_64ocq': 1 instance(s).
INFO: [RTGEN 206-100] Generating core module 'GELU_fadd_32ns_32ncg': 1 instance(s).
INFO: [RTGEN 206-100] Generating core module 'GELU_fmul_32ns_32hbi': 1 instance(s).
INFO: [RTGEN 206-100] Generating core module 'GELU_fpext_32ns_6kbM': 1 instance(s).
INFO: [RTGEN 206-100] Generating core module 'GELU_fptrunc_64nsjbC': 1 instance(s).
INFO: [RTGEN 206-100] Generating core module 'GELU_mul_mul_12nspcA': 1 instance(s).
INFO: [RTGEN 206-100] Finished creating RTL model for 'GELU'.
INFO: [HLS 200-111]  Elapsed time: 0.664 seconds; current allocated memory: 459.242 MB.
INFO: [RTMG 210-282] Generating pipelined core: 'GELU_mul_72ns_13seOg_MulnS_0'
INFO: [RTMG 210-279] Implementing memory 'exp_generic_doublbkb_rom' using auto ROMs.
INFO: [RTMG 210-279] Implementing memory 'exp_generic_doublcud_rom' using auto ROMs.
INFO: [RTMG 210-279] Implementing memory 'exp_generic_doubldEe_rom' using auto ROMs.
INFO: [HLS 200-111] Finished generating all RTL models Time (s): cpu = 00:00:02 ; elapsed = 00:00:23 . Memory (MB): peak = 533.152 ; gain = 448.203
INFO: [SYSC 207-301] Generating SystemC RTL for GELU.
INFO: [VHDL 208-304] Generating VHDL RTL for GELU.
INFO: [VLOG 209-307] Generating Verilog RTL for GELU.
INFO: [HLS 200-112] Total elapsed time: 22.66 seconds; peak allocated memory: 459.242 MB.
==============================================================
File generated on Fri Oct 25 16:39:14 +0800 2024
Vivado(TM) HLS - High-Level Synthesis from C, C++ and SystemC v2018.3 (64-bit)
SW Build 2405991 on Thu Dec  6 23:38:27 MST 2018
IP Build 2404404 on Fri Dec  7 01:43:56 MST 2018
Copyright 1986-2018 Xilinx, Inc. All Rights Reserved.
==============================================================
INFO: [SYN 201-201] Setting up clock 'default' with a period of 10ns.
INFO: [HLS 200-10] Setting target device to 'xc7z020clg400-2'
INFO: [SCHED 204-61] Option 'relax_ii_for_timing' is enabled, will increase II to preserve clock frequency constraints.
INFO: [HLS 200-10] Analyzing design file '../src/Gelu/GELU.cpp' ... 
INFO: [HLS 200-111] Finished Linking Time (s): cpu = 00:00:00 ; elapsed = 00:00:13 . Memory (MB): peak = 103.402 ; gain = 18.496
INFO: [HLS 200-111] Finished Checking Pragmas Time (s): cpu = 00:00:00 ; elapsed = 00:00:13 . Memory (MB): peak = 103.402 ; gain = 18.496
INFO: [HLS 200-10] Starting code transformations ...
INFO: [HLS 200-111] Finished Standard Transforms Time (s): cpu = 00:00:01 ; elapsed = 00:00:16 . Memory (MB): peak = 273.863 ; gain = 188.957
INFO: [HLS 200-10] Checking synthesizability ...
INFO: [XFORM 203-602] Inlining function 'fp_struct<float>::data' into 'fp_struct<float>::to_float' (r:/builds/2018.3/continuous/2018_12_06_2405991/src/products/hls/hls_lib/src/hls\utils/x_hls_utils.h:348) automatically.
INFO: [XFORM 203-602] Inlining function 'fp_struct<float>::to_float' into 'fp_struct<float>::to_ieee' (r:/builds/2018.3/continuous/2018_12_06_2405991/src/products/hls/hls_lib/src/hls\utils/x_hls_utils.h:369) automatically.
INFO: [XFORM 203-602] Inlining function 'fp_struct<float>::to_ieee' into 'generic_copysign<float>' (r:/builds/2018.3/continuous/2018_12_06_2405991/src/products/hls/hls_lib/hlsmath/include/FloatingPoint/hls_copysign.h:13) automatically.
INFO: [XFORM 203-602] Inlining function 'generic_copysign<float>' into 'generic_fabs<float>' (r:/builds/2018.3/continuous/2018_12_06_2405991/src/products/hls/hls_lib/hlsmath/include/FloatingPoint/hls_fabs.h:12) automatically.
INFO: [XFORM 203-602] Inlining function 'fp_struct<float>::to_ieee' into 'generic_nan<float>' (r:/builds/2018.3/continuous/2018_12_06_2405991/src/products/hls/hls_lib/hlsmath/include/FloatingPoint/hls_nan.h:14) automatically.
INFO: [XFORM 203-602] Inlining function 'fp_struct<double>::data' into 'fp_struct<double>::to_double' (r:/builds/2018.3/continuous/2018_12_06_2405991/src/products/hls/hls_lib/src/hls\utils/x_hls_utils.h:512) automatically.
INFO: [XFORM 203-602] Inlining function 'fp_struct<double>::to_double' into 'fp_struct<double>::to_ieee' (r:/builds/2018.3/continuous/2018_12_06_2405991/src/products/hls/hls_lib/src/hls\utils/x_hls_utils.h:526) automatically.
INFO: [XFORM 203-602] Inlining function 'generic_isnan<double>' into 'exp_reduce_::exp_generic<double>' (r:/builds/2018.3/continuous/2018_12_06_2405991/src/products/hls/hls_lib/hlsmath/include/FloatingPoint\hls_exp_.h:208) automatically.
INFO: [XFORM 203-602] Inlining function 'generic_isinf<double>' into 'exp_reduce_::exp_generic<double>' (r:/builds/2018.3/continuous/2018_12_06_2405991/src/products/hls/hls_lib/hlsmath/include/FloatingPoint\hls_exp_.h:209) automatically.
INFO: [XFORM 203-602] Inlining function 'fp_struct<double>::to_ieee' into 'exp_reduce_::exp_generic<double>' (r:/builds/2018.3/continuous/2018_12_06_2405991/src/products/hls/hls_lib/hlsmath/include/FloatingPoint\hls_exp_.h:218) automatically.
INFO: [XFORM 203-602] Inlining function 'fp_struct<double>::expv' into 'exp_reduce_::exp_generic<double>' (r:/builds/2018.3/continuous/2018_12_06_2405991/src/products/hls/hls_lib/hlsmath/include/FloatingPoint\hls_exp_.h:236) automatically.
INFO: [XFORM 203-602] Inlining function 'exp_reduce_::exp_traits<double>::exp_Z1P_m_1' into 'exp_reduce_::exp_generic<double>' (r:/builds/2018.3/continuous/2018_12_06_2405991/src/products/hls/hls_lib/hlsmath/include/FloatingPoint\hls_exp_.h:321) automatically.
INFO: [XFORM 203-602] Inlining function 'generic_fabs<float>' into 'explog_based::generic_tanh<float>' (r:/builds/2018.3/continuous/2018_12_06_2405991/src/products/hls/hls_lib/hlsmath/include/FloatingPoint\hls_tanh.h:61) automatically.
INFO: [XFORM 203-602] Inlining function 'generic_nan<float>' into 'explog_based::generic_tanh<float>' (r:/builds/2018.3/continuous/2018_12_06_2405991/src/products/hls/hls_lib/hlsmath/include/FloatingPoint\hls_tanh.h:67) automatically.
INFO: [XFORM 203-602] Inlining function 'exp_reduce_::expm1' into 'explog_based::generic_tanh<float>' (r:/builds/2018.3/continuous/2018_12_06_2405991/src/products/hls/hls_lib/hlsmath/include/FloatingPoint\hls_tanh.h:89) automatically.
INFO: [XFORM 203-602] Inlining function 'tanhf' into 'std::tanh' (D:/software/Xilinx/Vivado/2018.3/win64/tools/clang/bin\..\lib\clang\3.1/../../../include/c++/4.5.2\cmath:466) automatically.
INFO: [XFORM 203-602] Inlining function 'std::tanh' into 'GELU' (../src/Gelu/GELU.cpp:34) automatically.
INFO: [HLS 200-111] Finished Checking Synthesizability Time (s): cpu = 00:00:01 ; elapsed = 00:00:17 . Memory (MB): peak = 358.723 ; gain = 273.816
WARNING: [XFORM 203-503] Cannot unroll loop 'Loop-1' (../src/Gelu/GELU.cpp:22) in function 'GELU': cannot completely unroll a loop with a variable trip count.
WARNING: [XFORM 203-503] Cannot unroll loop 'Loop-1.1' (../src/Gelu/GELU.cpp:24) in function 'GELU': cannot completely unroll a loop with a variable trip count.
INFO: [XFORM 203-602] Inlining function 'fp_struct<float>::data' into 'fp_struct<float>::to_float' (r:/builds/2018.3/continuous/2018_12_06_2405991/src/products/hls/hls_lib/src/hls\utils/x_hls_utils.h:348) automatically.
INFO: [XFORM 203-602] Inlining function 'fp_struct<float>::to_float' into 'fp_struct<float>::to_ieee' (r:/builds/2018.3/continuous/2018_12_06_2405991/src/products/hls/hls_lib/src/hls\utils/x_hls_utils.h:369) automatically.
INFO: [XFORM 203-602] Inlining function 'fp_struct<float>::to_ieee' into 'generic_copysign<float>' (r:/builds/2018.3/continuous/2018_12_06_2405991/src/products/hls/hls_lib/hlsmath/include/FloatingPoint/hls_copysign.h:13) automatically.
INFO: [XFORM 203-602] Inlining function 'generic_copysign<float>' into 'generic_fabs<float>' (r:/builds/2018.3/continuous/2018_12_06_2405991/src/products/hls/hls_lib/hlsmath/include/FloatingPoint/hls_fabs.h:12) automatically.
INFO: [XFORM 203-602] Inlining function 'fp_struct<float>::to_ieee' into 'generic_nan<float>' (r:/builds/2018.3/continuous/2018_12_06_2405991/src/products/hls/hls_lib/hlsmath/include/FloatingPoint/hls_nan.h:14) automatically.
INFO: [XFORM 203-602] Inlining function 'fp_struct<double>::data' into 'fp_struct<double>::to_double' (r:/builds/2018.3/continuous/2018_12_06_2405991/src/products/hls/hls_lib/src/hls\utils/x_hls_utils.h:512) automatically.
INFO: [XFORM 203-602] Inlining function 'fp_struct<double>::to_double' into 'fp_struct<double>::to_ieee' (r:/builds/2018.3/continuous/2018_12_06_2405991/src/products/hls/hls_lib/src/hls\utils/x_hls_utils.h:526) automatically.
INFO: [XFORM 203-602] Inlining function 'generic_isnan<double>' into 'exp_reduce_::exp_generic<double>' (r:/builds/2018.3/continuous/2018_12_06_2405991/src/products/hls/hls_lib/hlsmath/include/FloatingPoint\hls_exp_.h:208) automatically.
INFO: [XFORM 203-602] Inlining function 'generic_isinf<double>' into 'exp_reduce_::exp_generic<double>' (r:/builds/2018.3/continuous/2018_12_06_2405991/src/products/hls/hls_lib/hlsmath/include/FloatingPoint\hls_exp_.h:209) automatically.
INFO: [XFORM 203-602] Inlining function 'fp_struct<double>::to_ieee' into 'exp_reduce_::exp_generic<double>' (r:/builds/2018.3/continuous/2018_12_06_2405991/src/products/hls/hls_lib/hlsmath/include/FloatingPoint\hls_exp_.h:218) automatically.
INFO: [XFORM 203-602] Inlining function 'fp_struct<double>::expv' into 'exp_reduce_::exp_generic<double>' (r:/builds/2018.3/continuous/2018_12_06_2405991/src/products/hls/hls_lib/hlsmath/include/FloatingPoint\hls_exp_.h:236) automatically.
INFO: [XFORM 203-602] Inlining function 'exp_reduce_::exp_traits<double>::exp_Z1P_m_1' into 'exp_reduce_::exp_generic<double>' (r:/builds/2018.3/continuous/2018_12_06_2405991/src/products/hls/hls_lib/hlsmath/include/FloatingPoint\hls_exp_.h:321) automatically.
INFO: [XFORM 203-602] Inlining function 'generic_fabs<float>' into 'explog_based::generic_tanh<float>' (r:/builds/2018.3/continuous/2018_12_06_2405991/src/products/hls/hls_lib/hlsmath/include/FloatingPoint\hls_tanh.h:61) automatically.
INFO: [XFORM 203-602] Inlining function 'generic_nan<float>' into 'explog_based::generic_tanh<float>' (r:/builds/2018.3/continuous/2018_12_06_2405991/src/products/hls/hls_lib/hlsmath/include/FloatingPoint\hls_tanh.h:67) automatically.
INFO: [XFORM 203-602] Inlining function 'exp_reduce_::expm1' into 'explog_based::generic_tanh<float>' (r:/builds/2018.3/continuous/2018_12_06_2405991/src/products/hls/hls_lib/hlsmath/include/FloatingPoint\hls_tanh.h:89) automatically.
INFO: [XFORM 203-602] Inlining function 'tanhf' into 'std::tanh' (D:/software/Xilinx/Vivado/2018.3/win64/tools/clang/bin\..\lib\clang\3.1/../../../include/c++/4.5.2\cmath:466) automatically.
INFO: [XFORM 203-602] Inlining function 'std::tanh' into 'GELU' (../src/Gelu/GELU.cpp:34) automatically.
INFO: [XFORM 203-401] Performing if-conversion on hyperblock from (r:/builds/2018.3/continuous/2018_12_06_2405991/src/products/hls/hls_lib/hlsmath/include/FloatingPoint\hls_tanh.h:107:8) to (r:/builds/2018.3/continuous/2018_12_06_2405991/src/products/hls/hls_lib/hlsmath/include/FloatingPoint\hls_tanh.h:113:3) in function 'explog_based::generic_tanh<float>'... converting 3 basic blocks.
INFO: [XFORM 203-401] Performing if-conversion on hyperblock from (r:/builds/2018.3/continuous/2018_12_06_2405991/src/products/hls/hls_lib/hlsmath/include/FloatingPoint\hls_tanh.h:82:10) to (r:/builds/2018.3/continuous/2018_12_06_2405991/src/products/hls/hls_lib/hlsmath/src/common/hls_exp_float.cpp:8:10) in function 'explog_based::generic_tanh<float>'... converting 4 basic blocks.
INFO: [XFORM 203-401] Performing if-conversion on hyperblock from (r:/builds/2018.3/continuous/2018_12_06_2405991/src/products/hls/hls_lib/hlsmath/include/FloatingPoint\hls_exp_.h:184:19) to (r:/builds/2018.3/continuous/2018_12_06_2405991/src/products/hls/hls_lib/hlsmath/include/FloatingPoint\hls_exp_.h:367:3) in function 'exp_reduce_::exp_generic<double>'... converting 20 basic blocks.
INFO: [HLS 200-111] Finished Pre-synthesis Time (s): cpu = 00:00:02 ; elapsed = 00:00:19 . Memory (MB): peak = 475.176 ; gain = 390.270
WARNING: [XFORM 203-631] Renaming function 'explog_based::generic_tanh<float>' to 'generic_tanh<float>' (r:/builds/2018.3/continuous/2018_12_06_2405991/src/products/hls/hls_lib/hlsmath/include/FloatingPoint\hls_tanh.h:56)
WARNING: [XFORM 203-631] Renaming function 'exp_reduce_::exp_generic<double>' to 'exp_generic<double>' (r:/builds/2018.3/continuous/2018_12_06_2405991/src/products/hls/hls_lib/hlsmath/include/FloatingPoint\hls_exp_.h:184)
INFO: [HLS 200-444] Inferring multiple bus burst read of variable length on port 'gmem' (../src/Gelu/GELU.cpp:31:43). These data requests might be further partitioned to multiple requests during RTL generation, based on max_read_burst_length or max_write_burst_length settings.
INFO: [HLS 200-111] Finished Architecture Synthesis Time (s): cpu = 00:00:02 ; elapsed = 00:00:19 . Memory (MB): peak = 530.453 ; gain = 445.547
INFO: [HLS 200-10] Starting hardware synthesis ...
INFO: [HLS 200-10] Synthesizing 'GELU' ...
WARNING: [SYN 201-103] Legalizing function name 'exp_generic<double>' to 'exp_generic_double_s'.
WARNING: [SYN 201-103] Legalizing function name 'generic_tanh<float>' to 'generic_tanh_float_s'.
INFO: [HLS 200-10] ----------------------------------------------------------------
INFO: [HLS 200-42] -- Implementing module 'exp_generic_double_s' 
INFO: [HLS 200-10] ----------------------------------------------------------------
INFO: [SCHED 204-11] Starting scheduling ...
INFO: [SCHED 204-61] Pipelining function 'exp_generic<double>'.
INFO: [SCHED 204-61] Pipelining result : Target II = 1, Final II = 1, Depth = 13.
INFO: [SCHED 204-11] Finished scheduling.
INFO: [HLS 200-111]  Elapsed time: 19.618 seconds; current allocated memory: 452.521 MB.
INFO: [BIND 205-100] Starting micro-architecture generation ...
INFO: [BIND 205-101] Performing variable lifetime analysis.
INFO: [BIND 205-101] Exploring resource sharing.
INFO: [BIND 205-101] Binding ...
INFO: [BIND 205-100] Finished micro-architecture generation.
INFO: [HLS 200-111]  Elapsed time: 0.18 seconds; current allocated memory: 453.152 MB.
INFO: [HLS 200-10] ----------------------------------------------------------------
INFO: [HLS 200-42] -- Implementing module 'generic_tanh_float_s' 
INFO: [HLS 200-10] ----------------------------------------------------------------
INFO: [SCHED 204-11] Starting scheduling ...
INFO: [SCHED 204-11] Finished scheduling.
INFO: [HLS 200-111]  Elapsed time: 0.229 seconds; current allocated memory: 453.793 MB.
INFO: [BIND 205-100] Starting micro-architecture generation ...
INFO: [BIND 205-101] Performing variable lifetime analysis.
INFO: [BIND 205-101] Exploring resource sharing.
INFO: [BIND 205-101] Binding ...
INFO: [BIND 205-100] Finished micro-architecture generation.
INFO: [HLS 200-111]  Elapsed time: 0.173 seconds; current allocated memory: 454.244 MB.
INFO: [HLS 200-10] ----------------------------------------------------------------
INFO: [HLS 200-42] -- Implementing module 'GELU' 
INFO: [HLS 200-10] ----------------------------------------------------------------
INFO: [SCHED 204-11] Starting scheduling ...
INFO: [SCHED 204-11] Finished scheduling.
INFO: [HLS 200-111]  Elapsed time: 0.254 seconds; current allocated memory: 454.759 MB.
INFO: [HLS 200-434] Only 0 loops out of a total 3 loops have been pipelined in this design.
INFO: [BIND 205-100] Starting micro-architecture generation ...
INFO: [BIND 205-101] Performing variable lifetime analysis.
INFO: [BIND 205-101] Exploring resource sharing.
INFO: [BIND 205-101] Binding ...
INFO: [BIND 205-100] Finished micro-architecture generation.
INFO: [HLS 200-111]  Elapsed time: 0.177 seconds; current allocated memory: 455.125 MB.
INFO: [HLS 200-10] ----------------------------------------------------------------
INFO: [HLS 200-10] -- Generating RTL for module 'exp_generic_double_s' 
INFO: [HLS 200-10] ----------------------------------------------------------------
INFO: [SYN 201-210] Renamed object name 'exp_generic_double_s_table_exp_Z1_array_s' to 'exp_generic_doublbkb' due to the length limit 20
INFO: [SYN 201-210] Renamed object name 'exp_generic_double_s_table_f_Z3_array_V' to 'exp_generic_doublcud' due to the length limit 20
INFO: [SYN 201-210] Renamed object name 'exp_generic_double_s_table_f_Z2_array_V' to 'exp_generic_doubldEe' due to the length limit 20
INFO: [SYN 201-210] Renamed object name 'GELU_mul_72ns_13s_84_2_1' to 'GELU_mul_72ns_13seOg' due to the length limit 20
INFO: [SYN 201-210] Renamed object name 'GELU_mac_muladd_16ns_16s_19s_31_1_1' to 'GELU_mac_muladd_1fYi' due to the length limit 20
INFO: [RTGEN 206-100] Generating core module 'GELU_mac_muladd_1fYi': 1 instance(s).
INFO: [RTGEN 206-100] Generating core module 'GELU_mul_72ns_13seOg': 1 instance(s).
INFO: [RTGEN 206-100] Finished creating RTL model for 'exp_generic_double_s'.
INFO: [HLS 200-111]  Elapsed time: 0.36 seconds; current allocated memory: 456.577 MB.
INFO: [HLS 200-10] ----------------------------------------------------------------
INFO: [HLS 200-10] -- Generating RTL for module 'generic_tanh_float_s' 
INFO: [HLS 200-10] ----------------------------------------------------------------
INFO: [SYN 201-210] Renamed object name 'GELU_faddfsub_32ns_32ns_32_4_full_dsp_1' to 'GELU_faddfsub_32ng8j' due to the length limit 20
INFO: [SYN 201-210] Renamed object name 'GELU_fmul_32ns_32ns_32_3_max_dsp_1' to 'GELU_fmul_32ns_32hbi' due to the length limit 20
INFO: [SYN 201-210] Renamed object name 'GELU_fdiv_32ns_32ns_32_12_1' to 'GELU_fdiv_32ns_32ibs' due to the length limit 20
INFO: [SYN 201-210] Renamed object name 'GELU_fptrunc_64ns_32_1_1' to 'GELU_fptrunc_64nsjbC' due to the length limit 20
INFO: [SYN 201-210] Renamed object name 'GELU_fpext_32ns_64_1_1' to 'GELU_fpext_32ns_6kbM' due to the length limit 20
INFO: [SYN 201-210] Renamed object name 'GELU_fcmp_32ns_32ns_1_1_1' to 'GELU_fcmp_32ns_32lbW' due to the length limit 20
INFO: [SYN 201-210] Renamed object name 'GELU_dadd_64ns_64ns_64_5_full_dsp_1' to 'GELU_dadd_64ns_64mb6' due to the length limit 20
INFO: [RTGEN 206-100] Generating core module 'GELU_dadd_64ns_64mb6': 1 instance(s).
INFO: [RTGEN 206-100] Generating core module 'GELU_faddfsub_32ng8j': 1 instance(s).
INFO: [RTGEN 206-100] Generating core module 'GELU_fcmp_32ns_32lbW': 1 instance(s).
INFO: [RTGEN 206-100] Generating core module 'GELU_fdiv_32ns_32ibs': 1 instance(s).
INFO: [RTGEN 206-100] Generating core module 'GELU_fmul_32ns_32hbi': 1 instance(s).
INFO: [RTGEN 206-100] Generating core module 'GELU_fpext_32ns_6kbM': 1 instance(s).
INFO: [RTGEN 206-100] Generating core module 'GELU_fptrunc_64nsjbC': 1 instance(s).
INFO: [RTGEN 206-100] Finished creating RTL model for 'generic_tanh_float_s'.
INFO: [HLS 200-111]  Elapsed time: 0.69 seconds; current allocated memory: 457.990 MB.
INFO: [HLS 200-10] ----------------------------------------------------------------
INFO: [HLS 200-10] -- Generating RTL for module 'GELU' 
INFO: [HLS 200-10] ----------------------------------------------------------------
INFO: [RTGEN 206-500] Setting interface mode on port 'GELU/gmem' to 'm_axi'.
INFO: [RTGEN 206-500] Setting interface mode on port 'GELU/input_width_V' to 's_axilite & ap_none'.
INFO: [RTGEN 206-500] Setting interface mode on port 'GELU/input_height_V' to 's_axilite & ap_none'.
INFO: [RTGEN 206-500] Setting interface mode on port 'GELU/input_depth_V' to 's_axilite & ap_none'.
INFO: [RTGEN 206-500] Setting interface mode on port 'GELU/in_data' to 's_axilite & ap_none'.
INFO: [RTGEN 206-500] Setting interface mode on port 'GELU/out_data' to 's_axilite & ap_none'.
INFO: [RTGEN 206-500] Setting interface mode on function 'GELU' to 's_axilite & ap_ctrl_hs'.
INFO: [RTGEN 206-100] Bundling port 'return', 'input_width_V', 'input_depth_V', 'in_data' and 'out_data' to AXI-Lite port AXILiteS.
INFO: [SYN 201-210] Renamed object name 'GELU_fadd_32ns_32ns_32_4_full_dsp_1' to 'GELU_fadd_32ns_32ncg' due to the length limit 20
INFO: [SYN 201-210] Renamed object name 'GELU_dmul_64ns_64ns_64_5_max_dsp_1' to 'GELU_dmul_64ns_64ocq' due to the length limit 20
INFO: [SYN 201-210] Renamed object name 'GELU_mul_mul_12ns_20ns_32_1_1' to 'GELU_mul_mul_12nspcA' due to the length limit 20
INFO: [RTGEN 206-100] Generating core module 'GELU_dmul_64ns_64ocq': 1 instance(s).
INFO: [RTGEN 206-100] Generating core module 'GELU_fadd_32ns_32ncg': 1 instance(s).
INFO: [RTGEN 206-100] Generating core module 'GELU_fmul_32ns_32hbi': 1 instance(s).
INFO: [RTGEN 206-100] Generating core module 'GELU_fpext_32ns_6kbM': 1 instance(s).
INFO: [RTGEN 206-100] Generating core module 'GELU_fptrunc_64nsjbC': 1 instance(s).
INFO: [RTGEN 206-100] Generating core module 'GELU_mul_mul_12nspcA': 1 instance(s).
INFO: [RTGEN 206-100] Finished creating RTL model for 'GELU'.
INFO: [HLS 200-111]  Elapsed time: 0.648 seconds; current allocated memory: 459.264 MB.
INFO: [RTMG 210-282] Generating pipelined core: 'GELU_mul_72ns_13seOg_MulnS_0'
INFO: [RTMG 210-279] Implementing memory 'exp_generic_doublbkb_rom' using auto ROMs.
INFO: [RTMG 210-279] Implementing memory 'exp_generic_doublcud_rom' using auto ROMs.
INFO: [RTMG 210-279] Implementing memory 'exp_generic_doubldEe_rom' using auto ROMs.
INFO: [HLS 200-111] Finished generating all RTL models Time (s): cpu = 00:00:03 ; elapsed = 00:00:25 . Memory (MB): peak = 533.586 ; gain = 448.680
INFO: [SYSC 207-301] Generating SystemC RTL for GELU.
INFO: [VHDL 208-304] Generating VHDL RTL for GELU.
INFO: [VLOG 209-307] Generating Verilog RTL for GELU.
INFO: [HLS 200-112] Total elapsed time: 25.339 seconds; peak allocated memory: 459.264 MB.
==============================================================
File generated on Fri Oct 25 16:40:04 +0800 2024
Vivado(TM) HLS - High-Level Synthesis from C, C++ and SystemC v2018.3 (64-bit)
SW Build 2405991 on Thu Dec  6 23:38:27 MST 2018
IP Build 2404404 on Fri Dec  7 01:43:56 MST 2018
Copyright 1986-2018 Xilinx, Inc. All Rights Reserved.
==============================================================
INFO: [SYN 201-201] Setting up clock 'default' with a period of 10ns.
INFO: [HLS 200-10] Setting target device to 'xc7z020clg400-2'
INFO: [SCHED 204-61] Option 'relax_ii_for_timing' is enabled, will increase II to preserve clock frequency constraints.
INFO: [HLS 200-10] Analyzing design file '../src/Gelu/GELU.cpp' ... 
INFO: [HLS 200-111] Finished Linking Time (s): cpu = 00:00:00 ; elapsed = 00:00:11 . Memory (MB): peak = 103.570 ; gain = 18.348
INFO: [HLS 200-111] Finished Checking Pragmas Time (s): cpu = 00:00:00 ; elapsed = 00:00:11 . Memory (MB): peak = 103.570 ; gain = 18.348
INFO: [HLS 200-10] Starting code transformations ...
INFO: [HLS 200-111] Finished Standard Transforms Time (s): cpu = 00:00:01 ; elapsed = 00:00:14 . Memory (MB): peak = 274.047 ; gain = 188.824
INFO: [HLS 200-10] Checking synthesizability ...
INFO: [XFORM 203-602] Inlining function 'fp_struct<float>::data' into 'fp_struct<float>::to_float' (r:/builds/2018.3/continuous/2018_12_06_2405991/src/products/hls/hls_lib/src/hls\utils/x_hls_utils.h:348) automatically.
INFO: [XFORM 203-602] Inlining function 'fp_struct<float>::to_float' into 'fp_struct<float>::to_ieee' (r:/builds/2018.3/continuous/2018_12_06_2405991/src/products/hls/hls_lib/src/hls\utils/x_hls_utils.h:369) automatically.
INFO: [XFORM 203-602] Inlining function 'fp_struct<float>::to_ieee' into 'generic_copysign<float>' (r:/builds/2018.3/continuous/2018_12_06_2405991/src/products/hls/hls_lib/hlsmath/include/FloatingPoint/hls_copysign.h:13) automatically.
INFO: [XFORM 203-602] Inlining function 'generic_copysign<float>' into 'generic_fabs<float>' (r:/builds/2018.3/continuous/2018_12_06_2405991/src/products/hls/hls_lib/hlsmath/include/FloatingPoint/hls_fabs.h:12) automatically.
INFO: [XFORM 203-602] Inlining function 'fp_struct<float>::to_ieee' into 'generic_nan<float>' (r:/builds/2018.3/continuous/2018_12_06_2405991/src/products/hls/hls_lib/hlsmath/include/FloatingPoint/hls_nan.h:14) automatically.
INFO: [XFORM 203-602] Inlining function 'fp_struct<double>::data' into 'fp_struct<double>::to_double' (r:/builds/2018.3/continuous/2018_12_06_2405991/src/products/hls/hls_lib/src/hls\utils/x_hls_utils.h:512) automatically.
INFO: [XFORM 203-602] Inlining function 'fp_struct<double>::to_double' into 'fp_struct<double>::to_ieee' (r:/builds/2018.3/continuous/2018_12_06_2405991/src/products/hls/hls_lib/src/hls\utils/x_hls_utils.h:526) automatically.
INFO: [XFORM 203-602] Inlining function 'generic_isnan<double>' into 'exp_reduce_::exp_generic<double>' (r:/builds/2018.3/continuous/2018_12_06_2405991/src/products/hls/hls_lib/hlsmath/include/FloatingPoint\hls_exp_.h:208) automatically.
INFO: [XFORM 203-602] Inlining function 'generic_isinf<double>' into 'exp_reduce_::exp_generic<double>' (r:/builds/2018.3/continuous/2018_12_06_2405991/src/products/hls/hls_lib/hlsmath/include/FloatingPoint\hls_exp_.h:209) automatically.
INFO: [XFORM 203-602] Inlining function 'fp_struct<double>::to_ieee' into 'exp_reduce_::exp_generic<double>' (r:/builds/2018.3/continuous/2018_12_06_2405991/src/products/hls/hls_lib/hlsmath/include/FloatingPoint\hls_exp_.h:218) automatically.
INFO: [XFORM 203-602] Inlining function 'fp_struct<double>::expv' into 'exp_reduce_::exp_generic<double>' (r:/builds/2018.3/continuous/2018_12_06_2405991/src/products/hls/hls_lib/hlsmath/include/FloatingPoint\hls_exp_.h:236) automatically.
INFO: [XFORM 203-602] Inlining function 'exp_reduce_::exp_traits<double>::exp_Z1P_m_1' into 'exp_reduce_::exp_generic<double>' (r:/builds/2018.3/continuous/2018_12_06_2405991/src/products/hls/hls_lib/hlsmath/include/FloatingPoint\hls_exp_.h:321) automatically.
INFO: [XFORM 203-602] Inlining function 'generic_fabs<float>' into 'explog_based::generic_tanh<float>' (r:/builds/2018.3/continuous/2018_12_06_2405991/src/products/hls/hls_lib/hlsmath/include/FloatingPoint\hls_tanh.h:61) automatically.
INFO: [XFORM 203-602] Inlining function 'generic_nan<float>' into 'explog_based::generic_tanh<float>' (r:/builds/2018.3/continuous/2018_12_06_2405991/src/products/hls/hls_lib/hlsmath/include/FloatingPoint\hls_tanh.h:67) automatically.
INFO: [XFORM 203-602] Inlining function 'exp_reduce_::expm1' into 'explog_based::generic_tanh<float>' (r:/builds/2018.3/continuous/2018_12_06_2405991/src/products/hls/hls_lib/hlsmath/include/FloatingPoint\hls_tanh.h:89) automatically.
INFO: [XFORM 203-602] Inlining function 'tanhf' into 'std::tanh' (D:/software/Xilinx/Vivado/2018.3/win64/tools/clang/bin\..\lib\clang\3.1/../../../include/c++/4.5.2\cmath:466) automatically.
INFO: [XFORM 203-602] Inlining function 'std::tanh' into 'GELU' (../src/Gelu/GELU.cpp:33) automatically.
INFO: [HLS 200-111] Finished Checking Synthesizability Time (s): cpu = 00:00:01 ; elapsed = 00:00:15 . Memory (MB): peak = 361.484 ; gain = 276.262
WARNING: [XFORM 203-503] Cannot unroll loop 'Loop-1' (../src/Gelu/GELU.cpp:22) in function 'GELU': cannot completely unroll a loop with a variable trip count.
INFO: [XFORM 203-602] Inlining function 'fp_struct<float>::data' into 'fp_struct<float>::to_float' (r:/builds/2018.3/continuous/2018_12_06_2405991/src/products/hls/hls_lib/src/hls\utils/x_hls_utils.h:348) automatically.
INFO: [XFORM 203-602] Inlining function 'fp_struct<float>::to_float' into 'fp_struct<float>::to_ieee' (r:/builds/2018.3/continuous/2018_12_06_2405991/src/products/hls/hls_lib/src/hls\utils/x_hls_utils.h:369) automatically.
INFO: [XFORM 203-602] Inlining function 'fp_struct<float>::to_ieee' into 'generic_copysign<float>' (r:/builds/2018.3/continuous/2018_12_06_2405991/src/products/hls/hls_lib/hlsmath/include/FloatingPoint/hls_copysign.h:13) automatically.
INFO: [XFORM 203-602] Inlining function 'generic_copysign<float>' into 'generic_fabs<float>' (r:/builds/2018.3/continuous/2018_12_06_2405991/src/products/hls/hls_lib/hlsmath/include/FloatingPoint/hls_fabs.h:12) automatically.
INFO: [XFORM 203-602] Inlining function 'fp_struct<float>::to_ieee' into 'generic_nan<float>' (r:/builds/2018.3/continuous/2018_12_06_2405991/src/products/hls/hls_lib/hlsmath/include/FloatingPoint/hls_nan.h:14) automatically.
INFO: [XFORM 203-602] Inlining function 'fp_struct<double>::data' into 'fp_struct<double>::to_double' (r:/builds/2018.3/continuous/2018_12_06_2405991/src/products/hls/hls_lib/src/hls\utils/x_hls_utils.h:512) automatically.
INFO: [XFORM 203-602] Inlining function 'fp_struct<double>::to_double' into 'fp_struct<double>::to_ieee' (r:/builds/2018.3/continuous/2018_12_06_2405991/src/products/hls/hls_lib/src/hls\utils/x_hls_utils.h:526) automatically.
INFO: [XFORM 203-602] Inlining function 'generic_isnan<double>' into 'exp_reduce_::exp_generic<double>' (r:/builds/2018.3/continuous/2018_12_06_2405991/src/products/hls/hls_lib/hlsmath/include/FloatingPoint\hls_exp_.h:208) automatically.
INFO: [XFORM 203-602] Inlining function 'generic_isinf<double>' into 'exp_reduce_::exp_generic<double>' (r:/builds/2018.3/continuous/2018_12_06_2405991/src/products/hls/hls_lib/hlsmath/include/FloatingPoint\hls_exp_.h:209) automatically.
INFO: [XFORM 203-602] Inlining function 'fp_struct<double>::to_ieee' into 'exp_reduce_::exp_generic<double>' (r:/builds/2018.3/continuous/2018_12_06_2405991/src/products/hls/hls_lib/hlsmath/include/FloatingPoint\hls_exp_.h:218) automatically.
INFO: [XFORM 203-602] Inlining function 'fp_struct<double>::expv' into 'exp_reduce_::exp_generic<double>' (r:/builds/2018.3/continuous/2018_12_06_2405991/src/products/hls/hls_lib/hlsmath/include/FloatingPoint\hls_exp_.h:236) automatically.
INFO: [XFORM 203-602] Inlining function 'exp_reduce_::exp_traits<double>::exp_Z1P_m_1' into 'exp_reduce_::exp_generic<double>' (r:/builds/2018.3/continuous/2018_12_06_2405991/src/products/hls/hls_lib/hlsmath/include/FloatingPoint\hls_exp_.h:321) automatically.
INFO: [XFORM 203-602] Inlining function 'generic_fabs<float>' into 'explog_based::generic_tanh<float>' (r:/builds/2018.3/continuous/2018_12_06_2405991/src/products/hls/hls_lib/hlsmath/include/FloatingPoint\hls_tanh.h:61) automatically.
INFO: [XFORM 203-602] Inlining function 'generic_nan<float>' into 'explog_based::generic_tanh<float>' (r:/builds/2018.3/continuous/2018_12_06_2405991/src/products/hls/hls_lib/hlsmath/include/FloatingPoint\hls_tanh.h:67) automatically.
INFO: [XFORM 203-602] Inlining function 'exp_reduce_::expm1' into 'explog_based::generic_tanh<float>' (r:/builds/2018.3/continuous/2018_12_06_2405991/src/products/hls/hls_lib/hlsmath/include/FloatingPoint\hls_tanh.h:89) automatically.
INFO: [XFORM 203-602] Inlining function 'tanhf' into 'std::tanh' (D:/software/Xilinx/Vivado/2018.3/win64/tools/clang/bin\..\lib\clang\3.1/../../../include/c++/4.5.2\cmath:466) automatically.
INFO: [XFORM 203-602] Inlining function 'std::tanh' into 'GELU' (../src/Gelu/GELU.cpp:33) automatically.
INFO: [XFORM 203-401] Performing if-conversion on hyperblock from (r:/builds/2018.3/continuous/2018_12_06_2405991/src/products/hls/hls_lib/hlsmath/include/FloatingPoint\hls_tanh.h:107:8) to (r:/builds/2018.3/continuous/2018_12_06_2405991/src/products/hls/hls_lib/hlsmath/include/FloatingPoint\hls_tanh.h:113:3) in function 'explog_based::generic_tanh<float>'... converting 3 basic blocks.
INFO: [XFORM 203-401] Performing if-conversion on hyperblock from (r:/builds/2018.3/continuous/2018_12_06_2405991/src/products/hls/hls_lib/hlsmath/include/FloatingPoint\hls_tanh.h:82:10) to (r:/builds/2018.3/continuous/2018_12_06_2405991/src/products/hls/hls_lib/hlsmath/src/common/hls_exp_float.cpp:8:10) in function 'explog_based::generic_tanh<float>'... converting 4 basic blocks.
INFO: [XFORM 203-401] Performing if-conversion on hyperblock from (r:/builds/2018.3/continuous/2018_12_06_2405991/src/products/hls/hls_lib/hlsmath/include/FloatingPoint\hls_exp_.h:184:19) to (r:/builds/2018.3/continuous/2018_12_06_2405991/src/products/hls/hls_lib/hlsmath/include/FloatingPoint\hls_exp_.h:367:3) in function 'exp_reduce_::exp_generic<double>'... converting 20 basic blocks.
INFO: [HLS 200-111] Finished Pre-synthesis Time (s): cpu = 00:00:01 ; elapsed = 00:00:16 . Memory (MB): peak = 476.758 ; gain = 391.535
WARNING: [XFORM 203-631] Renaming function 'explog_based::generic_tanh<float>' to 'generic_tanh<float>' (r:/builds/2018.3/continuous/2018_12_06_2405991/src/products/hls/hls_lib/hlsmath/include/FloatingPoint\hls_tanh.h:56)
WARNING: [XFORM 203-631] Renaming function 'exp_reduce_::exp_generic<double>' to 'exp_generic<double>' (r:/builds/2018.3/continuous/2018_12_06_2405991/src/products/hls/hls_lib/hlsmath/include/FloatingPoint\hls_exp_.h:184)
INFO: [HLS 200-444] Inferring multiple bus burst read of variable length on port 'gmem' (../src/Gelu/GELU.cpp:30:43). These data requests might be further partitioned to multiple requests during RTL generation, based on max_read_burst_length or max_write_burst_length settings.
INFO: [HLS 200-111] Finished Architecture Synthesis Time (s): cpu = 00:00:01 ; elapsed = 00:00:16 . Memory (MB): peak = 531.719 ; gain = 446.496
INFO: [HLS 200-10] Starting hardware synthesis ...
INFO: [HLS 200-10] Synthesizing 'GELU' ...
WARNING: [SYN 201-103] Legalizing function name 'exp_generic<double>' to 'exp_generic_double_s'.
WARNING: [SYN 201-103] Legalizing function name 'generic_tanh<float>' to 'generic_tanh_float_s'.
INFO: [HLS 200-10] ----------------------------------------------------------------
INFO: [HLS 200-42] -- Implementing module 'exp_generic_double_s' 
INFO: [HLS 200-10] ----------------------------------------------------------------
INFO: [SCHED 204-11] Starting scheduling ...
INFO: [SCHED 204-61] Pipelining function 'exp_generic<double>'.
INFO: [SCHED 204-61] Pipelining result : Target II = 1, Final II = 1, Depth = 13.
INFO: [SCHED 204-11] Finished scheduling.
INFO: [HLS 200-111]  Elapsed time: 16.821 seconds; current allocated memory: 452.504 MB.
INFO: [BIND 205-100] Starting micro-architecture generation ...
INFO: [BIND 205-101] Performing variable lifetime analysis.
INFO: [BIND 205-101] Exploring resource sharing.
INFO: [BIND 205-101] Binding ...
INFO: [BIND 205-100] Finished micro-architecture generation.
INFO: [HLS 200-111]  Elapsed time: 0.177 seconds; current allocated memory: 453.136 MB.
INFO: [HLS 200-10] ----------------------------------------------------------------
INFO: [HLS 200-42] -- Implementing module 'generic_tanh_float_s' 
INFO: [HLS 200-10] ----------------------------------------------------------------
INFO: [SCHED 204-11] Starting scheduling ...
INFO: [SCHED 204-11] Finished scheduling.
INFO: [HLS 200-111]  Elapsed time: 0.242 seconds; current allocated memory: 453.776 MB.
INFO: [BIND 205-100] Starting micro-architecture generation ...
INFO: [BIND 205-101] Performing variable lifetime analysis.
INFO: [BIND 205-101] Exploring resource sharing.
INFO: [BIND 205-101] Binding ...
INFO: [BIND 205-100] Finished micro-architecture generation.
INFO: [HLS 200-111]  Elapsed time: 0.189 seconds; current allocated memory: 454.227 MB.
INFO: [HLS 200-10] ----------------------------------------------------------------
INFO: [HLS 200-42] -- Implementing module 'GELU' 
INFO: [HLS 200-10] ----------------------------------------------------------------
INFO: [SCHED 204-11] Starting scheduling ...
INFO: [SCHED 204-11] Finished scheduling.
INFO: [HLS 200-111]  Elapsed time: 0.258 seconds; current allocated memory: 454.740 MB.
INFO: [HLS 200-434] Only 0 loops out of a total 3 loops have been pipelined in this design.
INFO: [BIND 205-100] Starting micro-architecture generation ...
INFO: [BIND 205-101] Performing variable lifetime analysis.
INFO: [BIND 205-101] Exploring resource sharing.
INFO: [BIND 205-101] Binding ...
INFO: [BIND 205-100] Finished micro-architecture generation.
INFO: [HLS 200-111]  Elapsed time: 0.171 seconds; current allocated memory: 455.103 MB.
INFO: [HLS 200-10] ----------------------------------------------------------------
INFO: [HLS 200-10] -- Generating RTL for module 'exp_generic_double_s' 
INFO: [HLS 200-10] ----------------------------------------------------------------
INFO: [SYN 201-210] Renamed object name 'exp_generic_double_s_table_exp_Z1_array_s' to 'exp_generic_doublbkb' due to the length limit 20
INFO: [SYN 201-210] Renamed object name 'exp_generic_double_s_table_f_Z3_array_V' to 'exp_generic_doublcud' due to the length limit 20
INFO: [SYN 201-210] Renamed object name 'exp_generic_double_s_table_f_Z2_array_V' to 'exp_generic_doubldEe' due to the length limit 20
INFO: [SYN 201-210] Renamed object name 'GELU_mul_72ns_13s_84_2_1' to 'GELU_mul_72ns_13seOg' due to the length limit 20
INFO: [SYN 201-210] Renamed object name 'GELU_mac_muladd_16ns_16s_19s_31_1_1' to 'GELU_mac_muladd_1fYi' due to the length limit 20
INFO: [RTGEN 206-100] Generating core module 'GELU_mac_muladd_1fYi': 1 instance(s).
INFO: [RTGEN 206-100] Generating core module 'GELU_mul_72ns_13seOg': 1 instance(s).
INFO: [RTGEN 206-100] Finished creating RTL model for 'exp_generic_double_s'.
INFO: [HLS 200-111]  Elapsed time: 0.335 seconds; current allocated memory: 456.555 MB.
INFO: [HLS 200-10] ----------------------------------------------------------------
INFO: [HLS 200-10] -- Generating RTL for module 'generic_tanh_float_s' 
INFO: [HLS 200-10] ----------------------------------------------------------------
INFO: [SYN 201-210] Renamed object name 'GELU_faddfsub_32ns_32ns_32_4_full_dsp_1' to 'GELU_faddfsub_32ng8j' due to the length limit 20
INFO: [SYN 201-210] Renamed object name 'GELU_fmul_32ns_32ns_32_3_max_dsp_1' to 'GELU_fmul_32ns_32hbi' due to the length limit 20
INFO: [SYN 201-210] Renamed object name 'GELU_fdiv_32ns_32ns_32_12_1' to 'GELU_fdiv_32ns_32ibs' due to the length limit 20
INFO: [SYN 201-210] Renamed object name 'GELU_fptrunc_64ns_32_1_1' to 'GELU_fptrunc_64nsjbC' due to the length limit 20
INFO: [SYN 201-210] Renamed object name 'GELU_fpext_32ns_64_1_1' to 'GELU_fpext_32ns_6kbM' due to the length limit 20
INFO: [SYN 201-210] Renamed object name 'GELU_fcmp_32ns_32ns_1_1_1' to 'GELU_fcmp_32ns_32lbW' due to the length limit 20
INFO: [SYN 201-210] Renamed object name 'GELU_dadd_64ns_64ns_64_5_full_dsp_1' to 'GELU_dadd_64ns_64mb6' due to the length limit 20
INFO: [RTGEN 206-100] Generating core module 'GELU_dadd_64ns_64mb6': 1 instance(s).
INFO: [RTGEN 206-100] Generating core module 'GELU_faddfsub_32ng8j': 1 instance(s).
INFO: [RTGEN 206-100] Generating core module 'GELU_fcmp_32ns_32lbW': 1 instance(s).
INFO: [RTGEN 206-100] Generating core module 'GELU_fdiv_32ns_32ibs': 1 instance(s).
INFO: [RTGEN 206-100] Generating core module 'GELU_fmul_32ns_32hbi': 1 instance(s).
INFO: [RTGEN 206-100] Generating core module 'GELU_fpext_32ns_6kbM': 1 instance(s).
INFO: [RTGEN 206-100] Generating core module 'GELU_fptrunc_64nsjbC': 1 instance(s).
INFO: [RTGEN 206-100] Finished creating RTL model for 'generic_tanh_float_s'.
INFO: [HLS 200-111]  Elapsed time: 0.608 seconds; current allocated memory: 457.969 MB.
INFO: [HLS 200-10] ----------------------------------------------------------------
INFO: [HLS 200-10] -- Generating RTL for module 'GELU' 
INFO: [HLS 200-10] ----------------------------------------------------------------
INFO: [RTGEN 206-500] Setting interface mode on port 'GELU/gmem' to 'm_axi'.
INFO: [RTGEN 206-500] Setting interface mode on port 'GELU/input_width_V' to 's_axilite & ap_none'.
INFO: [RTGEN 206-500] Setting interface mode on port 'GELU/input_height_V' to 's_axilite & ap_none'.
INFO: [RTGEN 206-500] Setting interface mode on port 'GELU/input_depth_V' to 's_axilite & ap_none'.
INFO: [RTGEN 206-500] Setting interface mode on port 'GELU/in_data' to 's_axilite & ap_none'.
INFO: [RTGEN 206-500] Setting interface mode on port 'GELU/out_data' to 's_axilite & ap_none'.
INFO: [RTGEN 206-500] Setting interface mode on function 'GELU' to 's_axilite & ap_ctrl_hs'.
INFO: [RTGEN 206-100] Bundling port 'return', 'input_width_V', 'input_depth_V', 'in_data' and 'out_data' to AXI-Lite port AXILiteS.
INFO: [SYN 201-210] Renamed object name 'GELU_fadd_32ns_32ns_32_4_full_dsp_1' to 'GELU_fadd_32ns_32ncg' due to the length limit 20
INFO: [SYN 201-210] Renamed object name 'GELU_dmul_64ns_64ns_64_5_max_dsp_1' to 'GELU_dmul_64ns_64ocq' due to the length limit 20
INFO: [SYN 201-210] Renamed object name 'GELU_mul_mul_12ns_20ns_32_1_1' to 'GELU_mul_mul_12nspcA' due to the length limit 20
INFO: [RTGEN 206-100] Generating core module 'GELU_dmul_64ns_64ocq': 1 instance(s).
INFO: [RTGEN 206-100] Generating core module 'GELU_fadd_32ns_32ncg': 1 instance(s).
INFO: [RTGEN 206-100] Generating core module 'GELU_fmul_32ns_32hbi': 1 instance(s).
INFO: [RTGEN 206-100] Generating core module 'GELU_fpext_32ns_6kbM': 1 instance(s).
INFO: [RTGEN 206-100] Generating core module 'GELU_fptrunc_64nsjbC': 1 instance(s).
INFO: [RTGEN 206-100] Generating core module 'GELU_mul_mul_12nspcA': 1 instance(s).
INFO: [RTGEN 206-100] Finished creating RTL model for 'GELU'.
INFO: [HLS 200-111]  Elapsed time: 0.635 seconds; current allocated memory: 459.242 MB.
INFO: [RTMG 210-282] Generating pipelined core: 'GELU_mul_72ns_13seOg_MulnS_0'
INFO: [RTMG 210-279] Implementing memory 'exp_generic_doublbkb_rom' using auto ROMs.
INFO: [RTMG 210-279] Implementing memory 'exp_generic_doublcud_rom' using auto ROMs.
INFO: [RTMG 210-279] Implementing memory 'exp_generic_doubldEe_rom' using auto ROMs.
INFO: [HLS 200-111] Finished generating all RTL models Time (s): cpu = 00:00:02 ; elapsed = 00:00:22 . Memory (MB): peak = 533.656 ; gain = 448.434
INFO: [SYSC 207-301] Generating SystemC RTL for GELU.
INFO: [VHDL 208-304] Generating VHDL RTL for GELU.
INFO: [VLOG 209-307] Generating Verilog RTL for GELU.
INFO: [HLS 200-112] Total elapsed time: 22.428 seconds; peak allocated memory: 459.242 MB.
==============================================================
File generated on Fri Oct 25 16:42:06 +0800 2024
Vivado(TM) HLS - High-Level Synthesis from C, C++ and SystemC v2018.3 (64-bit)
SW Build 2405991 on Thu Dec  6 23:38:27 MST 2018
IP Build 2404404 on Fri Dec  7 01:43:56 MST 2018
Copyright 1986-2018 Xilinx, Inc. All Rights Reserved.
==============================================================
INFO: [SYN 201-201] Setting up clock 'default' with a period of 10ns.
INFO: [HLS 200-10] Setting target device to 'xc7z020clg400-2'
INFO: [SCHED 204-61] Option 'relax_ii_for_timing' is enabled, will increase II to preserve clock frequency constraints.
INFO: [HLS 200-10] Analyzing design file '../src/Gelu/GELU.cpp' ... 
INFO: [HLS 200-111] Finished Linking Time (s): cpu = 00:00:00 ; elapsed = 00:00:10 . Memory (MB): peak = 103.227 ; gain = 18.117
INFO: [HLS 200-111] Finished Checking Pragmas Time (s): cpu = 00:00:00 ; elapsed = 00:00:10 . Memory (MB): peak = 103.227 ; gain = 18.117
INFO: [HLS 200-10] Starting code transformations ...
INFO: [HLS 200-111] Finished Standard Transforms Time (s): cpu = 00:00:01 ; elapsed = 00:00:12 . Memory (MB): peak = 273.672 ; gain = 188.562
INFO: [HLS 200-10] Checking synthesizability ...
INFO: [XFORM 203-602] Inlining function 'fp_struct<float>::data' into 'fp_struct<float>::to_float' (r:/builds/2018.3/continuous/2018_12_06_2405991/src/products/hls/hls_lib/src/hls\utils/x_hls_utils.h:348) automatically.
INFO: [XFORM 203-602] Inlining function 'fp_struct<float>::to_float' into 'fp_struct<float>::to_ieee' (r:/builds/2018.3/continuous/2018_12_06_2405991/src/products/hls/hls_lib/src/hls\utils/x_hls_utils.h:369) automatically.
INFO: [XFORM 203-602] Inlining function 'fp_struct<float>::to_ieee' into 'generic_copysign<float>' (r:/builds/2018.3/continuous/2018_12_06_2405991/src/products/hls/hls_lib/hlsmath/include/FloatingPoint/hls_copysign.h:13) automatically.
INFO: [XFORM 203-602] Inlining function 'generic_copysign<float>' into 'generic_fabs<float>' (r:/builds/2018.3/continuous/2018_12_06_2405991/src/products/hls/hls_lib/hlsmath/include/FloatingPoint/hls_fabs.h:12) automatically.
INFO: [XFORM 203-602] Inlining function 'fp_struct<float>::to_ieee' into 'generic_nan<float>' (r:/builds/2018.3/continuous/2018_12_06_2405991/src/products/hls/hls_lib/hlsmath/include/FloatingPoint/hls_nan.h:14) automatically.
INFO: [XFORM 203-602] Inlining function 'fp_struct<double>::data' into 'fp_struct<double>::to_double' (r:/builds/2018.3/continuous/2018_12_06_2405991/src/products/hls/hls_lib/src/hls\utils/x_hls_utils.h:512) automatically.
INFO: [XFORM 203-602] Inlining function 'fp_struct<double>::to_double' into 'fp_struct<double>::to_ieee' (r:/builds/2018.3/continuous/2018_12_06_2405991/src/products/hls/hls_lib/src/hls\utils/x_hls_utils.h:526) automatically.
INFO: [XFORM 203-602] Inlining function 'generic_isnan<double>' into 'exp_reduce_::exp_generic<double>' (r:/builds/2018.3/continuous/2018_12_06_2405991/src/products/hls/hls_lib/hlsmath/include/FloatingPoint\hls_exp_.h:208) automatically.
INFO: [XFORM 203-602] Inlining function 'generic_isinf<double>' into 'exp_reduce_::exp_generic<double>' (r:/builds/2018.3/continuous/2018_12_06_2405991/src/products/hls/hls_lib/hlsmath/include/FloatingPoint\hls_exp_.h:209) automatically.
INFO: [XFORM 203-602] Inlining function 'fp_struct<double>::to_ieee' into 'exp_reduce_::exp_generic<double>' (r:/builds/2018.3/continuous/2018_12_06_2405991/src/products/hls/hls_lib/hlsmath/include/FloatingPoint\hls_exp_.h:218) automatically.
INFO: [XFORM 203-602] Inlining function 'fp_struct<double>::expv' into 'exp_reduce_::exp_generic<double>' (r:/builds/2018.3/continuous/2018_12_06_2405991/src/products/hls/hls_lib/hlsmath/include/FloatingPoint\hls_exp_.h:236) automatically.
INFO: [XFORM 203-602] Inlining function 'exp_reduce_::exp_traits<double>::exp_Z1P_m_1' into 'exp_reduce_::exp_generic<double>' (r:/builds/2018.3/continuous/2018_12_06_2405991/src/products/hls/hls_lib/hlsmath/include/FloatingPoint\hls_exp_.h:321) automatically.
INFO: [XFORM 203-602] Inlining function 'generic_fabs<float>' into 'explog_based::generic_tanh<float>' (r:/builds/2018.3/continuous/2018_12_06_2405991/src/products/hls/hls_lib/hlsmath/include/FloatingPoint\hls_tanh.h:61) automatically.
INFO: [XFORM 203-602] Inlining function 'generic_nan<float>' into 'explog_based::generic_tanh<float>' (r:/builds/2018.3/continuous/2018_12_06_2405991/src/products/hls/hls_lib/hlsmath/include/FloatingPoint\hls_tanh.h:67) automatically.
INFO: [XFORM 203-602] Inlining function 'exp_reduce_::expm1' into 'explog_based::generic_tanh<float>' (r:/builds/2018.3/continuous/2018_12_06_2405991/src/products/hls/hls_lib/hlsmath/include/FloatingPoint\hls_tanh.h:89) automatically.
INFO: [XFORM 203-602] Inlining function 'tanhf' into 'std::tanh' (D:/software/Xilinx/Vivado/2018.3/win64/tools/clang/bin\..\lib\clang\3.1/../../../include/c++/4.5.2\cmath:466) automatically.
INFO: [XFORM 203-602] Inlining function 'std::tanh' into 'GELU' (../src/Gelu/GELU.cpp:35) automatically.
INFO: [HLS 200-111] Finished Checking Synthesizability Time (s): cpu = 00:00:01 ; elapsed = 00:00:13 . Memory (MB): peak = 360.359 ; gain = 275.250
INFO: [XFORM 203-502] Unrolling all sub-loops inside loop 'Loop-1.1' (../src/Gelu/GELU.cpp:27) in function 'GELU' for pipelining.
WARNING: [XFORM 203-503] Cannot unroll loop 'Loop-1' (../src/Gelu/GELU.cpp:25) in function 'GELU': cannot completely unroll a loop with a variable trip count.
WARNING: [XFORM 203-503] Cannot unroll loop 'Loop-1.1.1' (../src/Gelu/GELU.cpp:29) in function 'GELU': cannot completely unroll a loop with a variable trip count.
INFO: [XFORM 203-602] Inlining function 'fp_struct<float>::data' into 'fp_struct<float>::to_float' (r:/builds/2018.3/continuous/2018_12_06_2405991/src/products/hls/hls_lib/src/hls\utils/x_hls_utils.h:348) automatically.
INFO: [XFORM 203-602] Inlining function 'fp_struct<float>::to_float' into 'fp_struct<float>::to_ieee' (r:/builds/2018.3/continuous/2018_12_06_2405991/src/products/hls/hls_lib/src/hls\utils/x_hls_utils.h:369) automatically.
INFO: [XFORM 203-602] Inlining function 'fp_struct<float>::to_ieee' into 'generic_copysign<float>' (r:/builds/2018.3/continuous/2018_12_06_2405991/src/products/hls/hls_lib/hlsmath/include/FloatingPoint/hls_copysign.h:13) automatically.
INFO: [XFORM 203-602] Inlining function 'generic_copysign<float>' into 'generic_fabs<float>' (r:/builds/2018.3/continuous/2018_12_06_2405991/src/products/hls/hls_lib/hlsmath/include/FloatingPoint/hls_fabs.h:12) automatically.
INFO: [XFORM 203-602] Inlining function 'fp_struct<float>::to_ieee' into 'generic_nan<float>' (r:/builds/2018.3/continuous/2018_12_06_2405991/src/products/hls/hls_lib/hlsmath/include/FloatingPoint/hls_nan.h:14) automatically.
INFO: [XFORM 203-602] Inlining function 'fp_struct<double>::data' into 'fp_struct<double>::to_double' (r:/builds/2018.3/continuous/2018_12_06_2405991/src/products/hls/hls_lib/src/hls\utils/x_hls_utils.h:512) automatically.
INFO: [XFORM 203-602] Inlining function 'fp_struct<double>::to_double' into 'fp_struct<double>::to_ieee' (r:/builds/2018.3/continuous/2018_12_06_2405991/src/products/hls/hls_lib/src/hls\utils/x_hls_utils.h:526) automatically.
INFO: [XFORM 203-602] Inlining function 'generic_isnan<double>' into 'exp_reduce_::exp_generic<double>' (r:/builds/2018.3/continuous/2018_12_06_2405991/src/products/hls/hls_lib/hlsmath/include/FloatingPoint\hls_exp_.h:208) automatically.
INFO: [XFORM 203-602] Inlining function 'generic_isinf<double>' into 'exp_reduce_::exp_generic<double>' (r:/builds/2018.3/continuous/2018_12_06_2405991/src/products/hls/hls_lib/hlsmath/include/FloatingPoint\hls_exp_.h:209) automatically.
INFO: [XFORM 203-602] Inlining function 'fp_struct<double>::to_ieee' into 'exp_reduce_::exp_generic<double>' (r:/builds/2018.3/continuous/2018_12_06_2405991/src/products/hls/hls_lib/hlsmath/include/FloatingPoint\hls_exp_.h:218) automatically.
INFO: [XFORM 203-602] Inlining function 'fp_struct<double>::expv' into 'exp_reduce_::exp_generic<double>' (r:/builds/2018.3/continuous/2018_12_06_2405991/src/products/hls/hls_lib/hlsmath/include/FloatingPoint\hls_exp_.h:236) automatically.
INFO: [XFORM 203-602] Inlining function 'exp_reduce_::exp_traits<double>::exp_Z1P_m_1' into 'exp_reduce_::exp_generic<double>' (r:/builds/2018.3/continuous/2018_12_06_2405991/src/products/hls/hls_lib/hlsmath/include/FloatingPoint\hls_exp_.h:321) automatically.
INFO: [XFORM 203-602] Inlining function 'generic_fabs<float>' into 'explog_based::generic_tanh<float>' (r:/builds/2018.3/continuous/2018_12_06_2405991/src/products/hls/hls_lib/hlsmath/include/FloatingPoint\hls_tanh.h:61) automatically.
INFO: [XFORM 203-602] Inlining function 'generic_nan<float>' into 'explog_based::generic_tanh<float>' (r:/builds/2018.3/continuous/2018_12_06_2405991/src/products/hls/hls_lib/hlsmath/include/FloatingPoint\hls_tanh.h:67) automatically.
INFO: [XFORM 203-602] Inlining function 'exp_reduce_::expm1' into 'explog_based::generic_tanh<float>' (r:/builds/2018.3/continuous/2018_12_06_2405991/src/products/hls/hls_lib/hlsmath/include/FloatingPoint\hls_tanh.h:89) automatically.
INFO: [XFORM 203-602] Inlining function 'tanhf' into 'std::tanh' (D:/software/Xilinx/Vivado/2018.3/win64/tools/clang/bin\..\lib\clang\3.1/../../../include/c++/4.5.2\cmath:466) automatically.
INFO: [XFORM 203-602] Inlining function 'std::tanh' into 'GELU' (../src/Gelu/GELU.cpp:35) automatically.
INFO: [XFORM 203-401] Performing if-conversion on hyperblock from (r:/builds/2018.3/continuous/2018_12_06_2405991/src/products/hls/hls_lib/hlsmath/include/FloatingPoint\hls_tanh.h:107:8) to (r:/builds/2018.3/continuous/2018_12_06_2405991/src/products/hls/hls_lib/hlsmath/include/FloatingPoint\hls_tanh.h:113:3) in function 'explog_based::generic_tanh<float>'... converting 3 basic blocks.
INFO: [XFORM 203-401] Performing if-conversion on hyperblock from (r:/builds/2018.3/continuous/2018_12_06_2405991/src/products/hls/hls_lib/hlsmath/include/FloatingPoint\hls_tanh.h:82:10) to (r:/builds/2018.3/continuous/2018_12_06_2405991/src/products/hls/hls_lib/hlsmath/src/common/hls_exp_float.cpp:8:10) in function 'explog_based::generic_tanh<float>'... converting 4 basic blocks.
INFO: [XFORM 203-401] Performing if-conversion on hyperblock from (r:/builds/2018.3/continuous/2018_12_06_2405991/src/products/hls/hls_lib/hlsmath/include/FloatingPoint\hls_exp_.h:184:19) to (r:/builds/2018.3/continuous/2018_12_06_2405991/src/products/hls/hls_lib/hlsmath/include/FloatingPoint\hls_exp_.h:367:3) in function 'exp_reduce_::exp_generic<double>'... converting 20 basic blocks.
INFO: [HLS 200-111] Finished Pre-synthesis Time (s): cpu = 00:00:02 ; elapsed = 00:00:15 . Memory (MB): peak = 475.949 ; gain = 390.840
INFO: [XFORM 203-541] Flattening a loop nest 'Loop-1.1' (../src/Gelu/GELU.cpp:27:18) in function 'GELU'.
INFO: [XFORM 203-541] Flattening a loop nest 'Loop-1' (../src/Gelu/GELU.cpp:25:21) in function 'GELU'.
WARNING: [XFORM 203-631] Renaming function 'explog_based::generic_tanh<float>' to 'generic_tanh<float>' (r:/builds/2018.3/continuous/2018_12_06_2405991/src/products/hls/hls_lib/hlsmath/include/FloatingPoint\hls_tanh.h:56)
WARNING: [XFORM 203-631] Renaming function 'exp_reduce_::exp_generic<double>' to 'exp_generic<double>' (r:/builds/2018.3/continuous/2018_12_06_2405991/src/products/hls/hls_lib/hlsmath/include/FloatingPoint\hls_exp_.h:184)
INFO: [HLS 200-444] Inferring multiple bus burst read of variable length on port 'gmem' (../src/Gelu/GELU.cpp:34:126). These data requests might be further partitioned to multiple requests during RTL generation, based on max_read_burst_length or max_write_burst_length settings.
INFO: [HLS 200-111] Finished Architecture Synthesis Time (s): cpu = 00:00:02 ; elapsed = 00:00:15 . Memory (MB): peak = 530.199 ; gain = 445.090
INFO: [HLS 200-10] Starting hardware synthesis ...
INFO: [HLS 200-10] Synthesizing 'GELU' ...
WARNING: [SYN 201-103] Legalizing function name 'exp_generic<double>' to 'exp_generic_double_s'.
WARNING: [SYN 201-103] Legalizing function name 'generic_tanh<float>' to 'generic_tanh_float_s'.
INFO: [HLS 200-10] ----------------------------------------------------------------
INFO: [HLS 200-42] -- Implementing module 'exp_generic_double_s' 
INFO: [HLS 200-10] ----------------------------------------------------------------
INFO: [SCHED 204-11] Starting scheduling ...
INFO: [SCHED 204-61] Pipelining function 'exp_generic<double>'.
INFO: [SCHED 204-61] Pipelining result : Target II = 1, Final II = 1, Depth = 13.
INFO: [SCHED 204-11] Finished scheduling.
INFO: [HLS 200-111]  Elapsed time: 15.477 seconds; current allocated memory: 452.643 MB.
INFO: [BIND 205-100] Starting micro-architecture generation ...
INFO: [BIND 205-101] Performing variable lifetime analysis.
INFO: [BIND 205-101] Exploring resource sharing.
INFO: [BIND 205-101] Binding ...
INFO: [BIND 205-100] Finished micro-architecture generation.
INFO: [HLS 200-111]  Elapsed time: 0.184 seconds; current allocated memory: 453.274 MB.
INFO: [HLS 200-10] ----------------------------------------------------------------
INFO: [HLS 200-42] -- Implementing module 'generic_tanh_float_s' 
INFO: [HLS 200-10] ----------------------------------------------------------------
INFO: [SCHED 204-11] Starting scheduling ...
INFO: [SCHED 204-61] Pipelining function 'generic_tanh<float>'.
INFO: [SCHED 204-61] Pipelining result : Target II = 1, Final II = 1, Depth = 46.
INFO: [SCHED 204-11] Finished scheduling.
INFO: [HLS 200-111]  Elapsed time: 0.255 seconds; current allocated memory: 453.932 MB.
INFO: [BIND 205-100] Starting micro-architecture generation ...
INFO: [BIND 205-101] Performing variable lifetime analysis.
INFO: [BIND 205-101] Exploring resource sharing.
INFO: [BIND 205-101] Binding ...
INFO: [BIND 205-100] Finished micro-architecture generation.
INFO: [HLS 200-111]  Elapsed time: 0.165 seconds; current allocated memory: 454.452 MB.
INFO: [HLS 200-10] ----------------------------------------------------------------
INFO: [HLS 200-42] -- Implementing module 'GELU' 
INFO: [HLS 200-10] ----------------------------------------------------------------
INFO: [SCHED 204-11] Starting scheduling ...
INFO: [SCHED 204-61] Pipelining loop 'Loop 1'.
INFO: [SCHED 204-61] Pipelining result : Target II = 1, Final II = 1, Depth = 123.
INFO: [SCHED 204-11] Finished scheduling.
INFO: [HLS 200-111]  Elapsed time: 0.309 seconds; current allocated memory: 455.254 MB.
INFO: [BIND 205-100] Starting micro-architecture generation ...
INFO: [BIND 205-101] Performing variable lifetime analysis.
INFO: [BIND 205-101] Exploring resource sharing.
INFO: [BIND 205-101] Binding ...
INFO: [BIND 205-100] Finished micro-architecture generation.
INFO: [HLS 200-111]  Elapsed time: 0.265 seconds; current allocated memory: 456.153 MB.
INFO: [HLS 200-10] ----------------------------------------------------------------
INFO: [HLS 200-10] -- Generating RTL for module 'exp_generic_double_s' 
INFO: [HLS 200-10] ----------------------------------------------------------------
INFO: [SYN 201-210] Renamed object name 'exp_generic_double_s_table_exp_Z1_array_s' to 'exp_generic_doublbkb' due to the length limit 20
INFO: [SYN 201-210] Renamed object name 'exp_generic_double_s_table_f_Z3_array_V' to 'exp_generic_doublcud' due to the length limit 20
INFO: [SYN 201-210] Renamed object name 'exp_generic_double_s_table_f_Z2_array_V' to 'exp_generic_doubldEe' due to the length limit 20
INFO: [SYN 201-210] Renamed object name 'GELU_mul_72ns_13s_84_2_1' to 'GELU_mul_72ns_13seOg' due to the length limit 20
INFO: [SYN 201-210] Renamed object name 'GELU_mac_muladd_16ns_16s_19s_31_1_1' to 'GELU_mac_muladd_1fYi' due to the length limit 20
INFO: [RTGEN 206-100] Generating core module 'GELU_mac_muladd_1fYi': 1 instance(s).
INFO: [RTGEN 206-100] Generating core module 'GELU_mul_72ns_13seOg': 1 instance(s).
INFO: [RTGEN 206-100] Finished creating RTL model for 'exp_generic_double_s'.
INFO: [HLS 200-111]  Elapsed time: 0.41 seconds; current allocated memory: 457.683 MB.
INFO: [HLS 200-10] ----------------------------------------------------------------
INFO: [HLS 200-10] -- Generating RTL for module 'generic_tanh_float_s' 
INFO: [HLS 200-10] ----------------------------------------------------------------
INFO: [SYN 201-210] Renamed object name 'GELU_fadd_32ns_32ns_32_4_full_dsp_1' to 'GELU_fadd_32ns_32g8j' due to the length limit 20
INFO: [SYN 201-210] Renamed object name 'GELU_fsub_32ns_32ns_32_4_full_dsp_1' to 'GELU_fsub_32ns_32hbi' due to the length limit 20
INFO: [SYN 201-210] Renamed object name 'GELU_fmul_32ns_32ns_32_3_max_dsp_1' to 'GELU_fmul_32ns_32ibs' due to the length limit 20
INFO: [SYN 201-210] Renamed object name 'GELU_fdiv_32ns_32ns_32_12_1' to 'GELU_fdiv_32ns_32jbC' due to the length limit 20
INFO: [SYN 201-210] Renamed object name 'GELU_fptrunc_64ns_32_1_1' to 'GELU_fptrunc_64nskbM' due to the length limit 20
INFO: [SYN 201-210] Renamed object name 'GELU_fpext_32ns_64_1_1' to 'GELU_fpext_32ns_6lbW' due to the length limit 20
INFO: [SYN 201-210] Renamed object name 'GELU_fcmp_32ns_32ns_1_1_1' to 'GELU_fcmp_32ns_32mb6' due to the length limit 20
INFO: [SYN 201-210] Renamed object name 'GELU_dadd_64ns_64ns_64_5_full_dsp_1' to 'GELU_dadd_64ns_64ncg' due to the length limit 20
INFO: [RTGEN 206-100] Generating core module 'GELU_dadd_64ns_64ncg': 1 instance(s).
INFO: [RTGEN 206-100] Generating core module 'GELU_fadd_32ns_32g8j': 2 instance(s).
INFO: [RTGEN 206-100] Generating core module 'GELU_fcmp_32ns_32mb6': 1 instance(s).
INFO: [RTGEN 206-100] Generating core module 'GELU_fdiv_32ns_32jbC': 1 instance(s).
INFO: [RTGEN 206-100] Generating core module 'GELU_fmul_32ns_32ibs': 1 instance(s).
INFO: [RTGEN 206-100] Generating core module 'GELU_fpext_32ns_6lbW': 1 instance(s).
INFO: [RTGEN 206-100] Generating core module 'GELU_fptrunc_64nskbM': 1 instance(s).
INFO: [RTGEN 206-100] Generating core module 'GELU_fsub_32ns_32hbi': 2 instance(s).
INFO: [RTGEN 206-100] Finished creating RTL model for 'generic_tanh_float_s'.
INFO: [HLS 200-111]  Elapsed time: 0.675 seconds; current allocated memory: 460.496 MB.
INFO: [HLS 200-10] ----------------------------------------------------------------
INFO: [HLS 200-10] -- Generating RTL for module 'GELU' 
INFO: [HLS 200-10] ----------------------------------------------------------------
INFO: [RTGEN 206-500] Setting interface mode on port 'GELU/gmem' to 'm_axi'.
INFO: [RTGEN 206-500] Setting interface mode on port 'GELU/input_width_V' to 's_axilite & ap_none'.
INFO: [RTGEN 206-500] Setting interface mode on port 'GELU/input_height_V' to 's_axilite & ap_none'.
INFO: [RTGEN 206-500] Setting interface mode on port 'GELU/input_depth_V' to 's_axilite & ap_none'.
INFO: [RTGEN 206-500] Setting interface mode on port 'GELU/in_data' to 's_axilite & ap_none'.
INFO: [RTGEN 206-500] Setting interface mode on port 'GELU/out_data' to 's_axilite & ap_none'.
INFO: [RTGEN 206-500] Setting interface mode on function 'GELU' to 's_axilite & ap_ctrl_hs'.
INFO: [RTGEN 206-100] Bundling port 'return', 'input_width_V', 'input_depth_V', 'in_data' and 'out_data' to AXI-Lite port AXILiteS.
INFO: [SYN 201-210] Renamed object name 'GELU_dmul_64ns_64ns_64_5_max_dsp_1' to 'GELU_dmul_64ns_64ocq' due to the length limit 20
INFO: [SYN 201-210] Renamed object name 'GELU_urem_32ns_12ns_32_36_1' to 'GELU_urem_32ns_12pcA' due to the length limit 20
INFO: [SYN 201-210] Renamed object name 'GELU_mul_mul_12ns_12ns_24_1_1' to 'GELU_mul_mul_12nsqcK' due to the length limit 20
INFO: [SYN 201-210] Renamed object name 'GELU_mul_mul_24ns_8ns_32_1_1' to 'GELU_mul_mul_24nsrcU' due to the length limit 20
INFO: [SYN 201-210] Renamed object name 'GELU_mul_mul_8ns_12ns_20_1_1' to 'GELU_mul_mul_8ns_sc4' due to the length limit 20
INFO: [SYN 201-210] Renamed object name 'GELU_mul_mul_20ns_12ns_32_1_1' to 'GELU_mul_mul_20nstde' due to the length limit 20
INFO: [RTGEN 206-104] Estimated max fanout for 'GELU' is 7356 from HDL expression: (1'b0 == ap_block_pp0_stage0_11001)
INFO: [RTGEN 206-100] Generating core module 'GELU_dmul_64ns_64ocq': 2 instance(s).
INFO: [RTGEN 206-100] Generating core module 'GELU_fadd_32ns_32g8j': 2 instance(s).
INFO: [RTGEN 206-100] Generating core module 'GELU_fmul_32ns_32ibs': 4 instance(s).
INFO: [RTGEN 206-100] Generating core module 'GELU_fpext_32ns_6lbW': 2 instance(s).
INFO: [RTGEN 206-100] Generating core module 'GELU_fptrunc_64nskbM': 1 instance(s).
INFO: [RTGEN 206-100] Generating core module 'GELU_mul_mul_12nsqcK': 1 instance(s).
INFO: [RTGEN 206-100] Generating core module 'GELU_mul_mul_20nstde': 1 instance(s).
INFO: [RTGEN 206-100] Generating core module 'GELU_mul_mul_24nsrcU': 1 instance(s).
INFO: [RTGEN 206-100] Generating core module 'GELU_mul_mul_8ns_sc4': 2 instance(s).
INFO: [RTGEN 206-100] Generating core module 'GELU_urem_32ns_12pcA': 1 instance(s).
INFO: [RTGEN 206-100] Finished creating RTL model for 'GELU'.
INFO: [HLS 200-111]  Elapsed time: 0.893 seconds; current allocated memory: 463.841 MB.
INFO: [RTMG 210-282] Generating pipelined core: 'GELU_mul_72ns_13seOg_MulnS_0'
INFO: [RTMG 210-279] Implementing memory 'exp_generic_doublbkb_rom' using auto ROMs.
INFO: [RTMG 210-279] Implementing memory 'exp_generic_doublcud_rom' using auto ROMs.
INFO: [RTMG 210-279] Implementing memory 'exp_generic_doubldEe_rom' using auto ROMs.
INFO: [RTMG 210-282] Generating pipelined core: 'GELU_urem_32ns_12pcA_div'
INFO: [HLS 200-111] Finished generating all RTL models Time (s): cpu = 00:00:02 ; elapsed = 00:00:22 . Memory (MB): peak = 540.609 ; gain = 455.500
INFO: [SYSC 207-301] Generating SystemC RTL for GELU.
INFO: [VHDL 208-304] Generating VHDL RTL for GELU.
INFO: [VLOG 209-307] Generating Verilog RTL for GELU.
INFO: [HLS 200-112] Total elapsed time: 22.279 seconds; peak allocated memory: 463.841 MB.
==============================================================
File generated on Fri Oct 25 16:42:48 +0800 2024
Vivado(TM) HLS - High-Level Synthesis from C, C++ and SystemC v2018.3 (64-bit)
SW Build 2405991 on Thu Dec  6 23:38:27 MST 2018
IP Build 2404404 on Fri Dec  7 01:43:56 MST 2018
Copyright 1986-2018 Xilinx, Inc. All Rights Reserved.
==============================================================
INFO: [SYN 201-201] Setting up clock 'default' with a period of 10ns.
INFO: [HLS 200-10] Setting target device to 'xc7z020clg400-2'
INFO: [SCHED 204-61] Option 'relax_ii_for_timing' is enabled, will increase II to preserve clock frequency constraints.
INFO: [HLS 200-10] Analyzing design file '../src/Gelu/GELU.cpp' ... 
INFO: [HLS 200-111] Finished Linking Time (s): cpu = 00:00:00 ; elapsed = 00:00:10 . Memory (MB): peak = 103.273 ; gain = 17.906
INFO: [HLS 200-111] Finished Checking Pragmas Time (s): cpu = 00:00:00 ; elapsed = 00:00:10 . Memory (MB): peak = 103.273 ; gain = 17.906
INFO: [HLS 200-10] Starting code transformations ...
INFO: [HLS 200-111] Finished Standard Transforms Time (s): cpu = 00:00:01 ; elapsed = 00:00:12 . Memory (MB): peak = 273.438 ; gain = 188.070
INFO: [HLS 200-10] Checking synthesizability ...
INFO: [XFORM 203-602] Inlining function 'fp_struct<float>::data' into 'fp_struct<float>::to_float' (r:/builds/2018.3/continuous/2018_12_06_2405991/src/products/hls/hls_lib/src/hls\utils/x_hls_utils.h:348) automatically.
INFO: [XFORM 203-602] Inlining function 'fp_struct<float>::to_float' into 'fp_struct<float>::to_ieee' (r:/builds/2018.3/continuous/2018_12_06_2405991/src/products/hls/hls_lib/src/hls\utils/x_hls_utils.h:369) automatically.
INFO: [XFORM 203-602] Inlining function 'fp_struct<float>::to_ieee' into 'generic_copysign<float>' (r:/builds/2018.3/continuous/2018_12_06_2405991/src/products/hls/hls_lib/hlsmath/include/FloatingPoint/hls_copysign.h:13) automatically.
INFO: [XFORM 203-602] Inlining function 'generic_copysign<float>' into 'generic_fabs<float>' (r:/builds/2018.3/continuous/2018_12_06_2405991/src/products/hls/hls_lib/hlsmath/include/FloatingPoint/hls_fabs.h:12) automatically.
INFO: [XFORM 203-602] Inlining function 'fp_struct<float>::to_ieee' into 'generic_nan<float>' (r:/builds/2018.3/continuous/2018_12_06_2405991/src/products/hls/hls_lib/hlsmath/include/FloatingPoint/hls_nan.h:14) automatically.
INFO: [XFORM 203-602] Inlining function 'fp_struct<double>::data' into 'fp_struct<double>::to_double' (r:/builds/2018.3/continuous/2018_12_06_2405991/src/products/hls/hls_lib/src/hls\utils/x_hls_utils.h:512) automatically.
INFO: [XFORM 203-602] Inlining function 'fp_struct<double>::to_double' into 'fp_struct<double>::to_ieee' (r:/builds/2018.3/continuous/2018_12_06_2405991/src/products/hls/hls_lib/src/hls\utils/x_hls_utils.h:526) automatically.
INFO: [XFORM 203-602] Inlining function 'generic_isnan<double>' into 'exp_reduce_::exp_generic<double>' (r:/builds/2018.3/continuous/2018_12_06_2405991/src/products/hls/hls_lib/hlsmath/include/FloatingPoint\hls_exp_.h:208) automatically.
INFO: [XFORM 203-602] Inlining function 'generic_isinf<double>' into 'exp_reduce_::exp_generic<double>' (r:/builds/2018.3/continuous/2018_12_06_2405991/src/products/hls/hls_lib/hlsmath/include/FloatingPoint\hls_exp_.h:209) automatically.
INFO: [XFORM 203-602] Inlining function 'fp_struct<double>::to_ieee' into 'exp_reduce_::exp_generic<double>' (r:/builds/2018.3/continuous/2018_12_06_2405991/src/products/hls/hls_lib/hlsmath/include/FloatingPoint\hls_exp_.h:218) automatically.
INFO: [XFORM 203-602] Inlining function 'fp_struct<double>::expv' into 'exp_reduce_::exp_generic<double>' (r:/builds/2018.3/continuous/2018_12_06_2405991/src/products/hls/hls_lib/hlsmath/include/FloatingPoint\hls_exp_.h:236) automatically.
INFO: [XFORM 203-602] Inlining function 'exp_reduce_::exp_traits<double>::exp_Z1P_m_1' into 'exp_reduce_::exp_generic<double>' (r:/builds/2018.3/continuous/2018_12_06_2405991/src/products/hls/hls_lib/hlsmath/include/FloatingPoint\hls_exp_.h:321) automatically.
INFO: [XFORM 203-602] Inlining function 'generic_fabs<float>' into 'explog_based::generic_tanh<float>' (r:/builds/2018.3/continuous/2018_12_06_2405991/src/products/hls/hls_lib/hlsmath/include/FloatingPoint\hls_tanh.h:61) automatically.
INFO: [XFORM 203-602] Inlining function 'generic_nan<float>' into 'explog_based::generic_tanh<float>' (r:/builds/2018.3/continuous/2018_12_06_2405991/src/products/hls/hls_lib/hlsmath/include/FloatingPoint\hls_tanh.h:67) automatically.
INFO: [XFORM 203-602] Inlining function 'exp_reduce_::expm1' into 'explog_based::generic_tanh<float>' (r:/builds/2018.3/continuous/2018_12_06_2405991/src/products/hls/hls_lib/hlsmath/include/FloatingPoint\hls_tanh.h:89) automatically.
INFO: [XFORM 203-602] Inlining function 'tanhf' into 'std::tanh' (D:/software/Xilinx/Vivado/2018.3/win64/tools/clang/bin\..\lib\clang\3.1/../../../include/c++/4.5.2\cmath:466) automatically.
INFO: [XFORM 203-602] Inlining function 'std::tanh' into 'GELU' (../src/Gelu/GELU.cpp:38) automatically.
INFO: [HLS 200-111] Finished Checking Synthesizability Time (s): cpu = 00:00:01 ; elapsed = 00:00:13 . Memory (MB): peak = 359.812 ; gain = 274.445
INFO: [XFORM 203-502] Unrolling all sub-loops inside loop 'Loop-1.1' (../src/Gelu/GELU.cpp:27) in function 'GELU' for pipelining.
WARNING: [XFORM 203-503] Cannot unroll loop 'Loop-1' (../src/Gelu/GELU.cpp:25) in function 'GELU': cannot completely unroll a loop with a variable trip count.
WARNING: [XFORM 203-503] Cannot unroll loop 'Loop-1.1.1' (../src/Gelu/GELU.cpp:29) in function 'GELU': cannot completely unroll a loop with a variable trip count.
INFO: [XFORM 203-602] Inlining function 'fp_struct<float>::data' into 'fp_struct<float>::to_float' (r:/builds/2018.3/continuous/2018_12_06_2405991/src/products/hls/hls_lib/src/hls\utils/x_hls_utils.h:348) automatically.
INFO: [XFORM 203-602] Inlining function 'fp_struct<float>::to_float' into 'fp_struct<float>::to_ieee' (r:/builds/2018.3/continuous/2018_12_06_2405991/src/products/hls/hls_lib/src/hls\utils/x_hls_utils.h:369) automatically.
INFO: [XFORM 203-602] Inlining function 'fp_struct<float>::to_ieee' into 'generic_copysign<float>' (r:/builds/2018.3/continuous/2018_12_06_2405991/src/products/hls/hls_lib/hlsmath/include/FloatingPoint/hls_copysign.h:13) automatically.
INFO: [XFORM 203-602] Inlining function 'generic_copysign<float>' into 'generic_fabs<float>' (r:/builds/2018.3/continuous/2018_12_06_2405991/src/products/hls/hls_lib/hlsmath/include/FloatingPoint/hls_fabs.h:12) automatically.
INFO: [XFORM 203-602] Inlining function 'fp_struct<float>::to_ieee' into 'generic_nan<float>' (r:/builds/2018.3/continuous/2018_12_06_2405991/src/products/hls/hls_lib/hlsmath/include/FloatingPoint/hls_nan.h:14) automatically.
INFO: [XFORM 203-602] Inlining function 'fp_struct<double>::data' into 'fp_struct<double>::to_double' (r:/builds/2018.3/continuous/2018_12_06_2405991/src/products/hls/hls_lib/src/hls\utils/x_hls_utils.h:512) automatically.
INFO: [XFORM 203-602] Inlining function 'fp_struct<double>::to_double' into 'fp_struct<double>::to_ieee' (r:/builds/2018.3/continuous/2018_12_06_2405991/src/products/hls/hls_lib/src/hls\utils/x_hls_utils.h:526) automatically.
INFO: [XFORM 203-602] Inlining function 'generic_isnan<double>' into 'exp_reduce_::exp_generic<double>' (r:/builds/2018.3/continuous/2018_12_06_2405991/src/products/hls/hls_lib/hlsmath/include/FloatingPoint\hls_exp_.h:208) automatically.
INFO: [XFORM 203-602] Inlining function 'generic_isinf<double>' into 'exp_reduce_::exp_generic<double>' (r:/builds/2018.3/continuous/2018_12_06_2405991/src/products/hls/hls_lib/hlsmath/include/FloatingPoint\hls_exp_.h:209) automatically.
INFO: [XFORM 203-602] Inlining function 'fp_struct<double>::to_ieee' into 'exp_reduce_::exp_generic<double>' (r:/builds/2018.3/continuous/2018_12_06_2405991/src/products/hls/hls_lib/hlsmath/include/FloatingPoint\hls_exp_.h:218) automatically.
INFO: [XFORM 203-602] Inlining function 'fp_struct<double>::expv' into 'exp_reduce_::exp_generic<double>' (r:/builds/2018.3/continuous/2018_12_06_2405991/src/products/hls/hls_lib/hlsmath/include/FloatingPoint\hls_exp_.h:236) automatically.
INFO: [XFORM 203-602] Inlining function 'exp_reduce_::exp_traits<double>::exp_Z1P_m_1' into 'exp_reduce_::exp_generic<double>' (r:/builds/2018.3/continuous/2018_12_06_2405991/src/products/hls/hls_lib/hlsmath/include/FloatingPoint\hls_exp_.h:321) automatically.
INFO: [XFORM 203-602] Inlining function 'generic_fabs<float>' into 'explog_based::generic_tanh<float>' (r:/builds/2018.3/continuous/2018_12_06_2405991/src/products/hls/hls_lib/hlsmath/include/FloatingPoint\hls_tanh.h:61) automatically.
INFO: [XFORM 203-602] Inlining function 'generic_nan<float>' into 'explog_based::generic_tanh<float>' (r:/builds/2018.3/continuous/2018_12_06_2405991/src/products/hls/hls_lib/hlsmath/include/FloatingPoint\hls_tanh.h:67) automatically.
INFO: [XFORM 203-602] Inlining function 'exp_reduce_::expm1' into 'explog_based::generic_tanh<float>' (r:/builds/2018.3/continuous/2018_12_06_2405991/src/products/hls/hls_lib/hlsmath/include/FloatingPoint\hls_tanh.h:89) automatically.
INFO: [XFORM 203-602] Inlining function 'tanhf' into 'std::tanh' (D:/software/Xilinx/Vivado/2018.3/win64/tools/clang/bin\..\lib\clang\3.1/../../../include/c++/4.5.2\cmath:466) automatically.
INFO: [XFORM 203-602] Inlining function 'std::tanh' into 'GELU' (../src/Gelu/GELU.cpp:38) automatically.
INFO: [XFORM 203-401] Performing if-conversion on hyperblock from (r:/builds/2018.3/continuous/2018_12_06_2405991/src/products/hls/hls_lib/hlsmath/include/FloatingPoint\hls_tanh.h:107:8) to (r:/builds/2018.3/continuous/2018_12_06_2405991/src/products/hls/hls_lib/hlsmath/include/FloatingPoint\hls_tanh.h:113:3) in function 'explog_based::generic_tanh<float>'... converting 3 basic blocks.
INFO: [XFORM 203-401] Performing if-conversion on hyperblock from (r:/builds/2018.3/continuous/2018_12_06_2405991/src/products/hls/hls_lib/hlsmath/include/FloatingPoint\hls_tanh.h:82:10) to (r:/builds/2018.3/continuous/2018_12_06_2405991/src/products/hls/hls_lib/hlsmath/src/common/hls_exp_float.cpp:8:10) in function 'explog_based::generic_tanh<float>'... converting 4 basic blocks.
INFO: [XFORM 203-401] Performing if-conversion on hyperblock from (r:/builds/2018.3/continuous/2018_12_06_2405991/src/products/hls/hls_lib/hlsmath/include/FloatingPoint\hls_exp_.h:184:19) to (r:/builds/2018.3/continuous/2018_12_06_2405991/src/products/hls/hls_lib/hlsmath/include/FloatingPoint\hls_exp_.h:367:3) in function 'exp_reduce_::exp_generic<double>'... converting 20 basic blocks.
INFO: [HLS 200-111] Finished Pre-synthesis Time (s): cpu = 00:00:01 ; elapsed = 00:00:15 . Memory (MB): peak = 476.973 ; gain = 391.605
INFO: [XFORM 203-541] Flattening a loop nest 'Loop-1.1' (../src/Gelu/GELU.cpp:27:18) in function 'GELU'.
INFO: [XFORM 203-541] Flattening a loop nest 'Loop-1' (../src/Gelu/GELU.cpp:25:21) in function 'GELU'.
WARNING: [XFORM 203-631] Renaming function 'explog_based::generic_tanh<float>' to 'generic_tanh<float>' (r:/builds/2018.3/continuous/2018_12_06_2405991/src/products/hls/hls_lib/hlsmath/include/FloatingPoint\hls_tanh.h:56)
WARNING: [XFORM 203-631] Renaming function 'exp_reduce_::exp_generic<double>' to 'exp_generic<double>' (r:/builds/2018.3/continuous/2018_12_06_2405991/src/products/hls/hls_lib/hlsmath/include/FloatingPoint\hls_exp_.h:184)
INFO: [HLS 200-444] Inferring multiple bus burst read of variable length on port 'gmem' (../src/Gelu/GELU.cpp:33:43). These data requests might be further partitioned to multiple requests during RTL generation, based on max_read_burst_length or max_write_burst_length settings.
INFO: [HLS 200-111] Finished Architecture Synthesis Time (s): cpu = 00:00:01 ; elapsed = 00:00:15 . Memory (MB): peak = 531.973 ; gain = 446.605
INFO: [HLS 200-10] Starting hardware synthesis ...
INFO: [HLS 200-10] Synthesizing 'GELU' ...
WARNING: [SYN 201-103] Legalizing function name 'exp_generic<double>' to 'exp_generic_double_s'.
WARNING: [SYN 201-103] Legalizing function name 'generic_tanh<float>' to 'generic_tanh_float_s'.
INFO: [HLS 200-10] ----------------------------------------------------------------
INFO: [HLS 200-42] -- Implementing module 'exp_generic_double_s' 
INFO: [HLS 200-10] ----------------------------------------------------------------
INFO: [SCHED 204-11] Starting scheduling ...
INFO: [SCHED 204-61] Pipelining function 'exp_generic<double>'.
INFO: [SCHED 204-61] Pipelining result : Target II = 1, Final II = 1, Depth = 13.
INFO: [SCHED 204-11] Finished scheduling.
INFO: [HLS 200-111]  Elapsed time: 15.427 seconds; current allocated memory: 452.652 MB.
INFO: [BIND 205-100] Starting micro-architecture generation ...
INFO: [BIND 205-101] Performing variable lifetime analysis.
INFO: [BIND 205-101] Exploring resource sharing.
INFO: [BIND 205-101] Binding ...
INFO: [BIND 205-100] Finished micro-architecture generation.
INFO: [HLS 200-111]  Elapsed time: 0.194 seconds; current allocated memory: 453.284 MB.
INFO: [HLS 200-10] ----------------------------------------------------------------
INFO: [HLS 200-42] -- Implementing module 'generic_tanh_float_s' 
INFO: [HLS 200-10] ----------------------------------------------------------------
INFO: [SCHED 204-11] Starting scheduling ...
INFO: [SCHED 204-61] Pipelining function 'generic_tanh<float>'.
INFO: [SCHED 204-61] Pipelining result : Target II = 1, Final II = 1, Depth = 46.
INFO: [SCHED 204-11] Finished scheduling.
INFO: [HLS 200-111]  Elapsed time: 0.238 seconds; current allocated memory: 453.942 MB.
INFO: [BIND 205-100] Starting micro-architecture generation ...
INFO: [BIND 205-101] Performing variable lifetime analysis.
INFO: [BIND 205-101] Exploring resource sharing.
INFO: [BIND 205-101] Binding ...
INFO: [BIND 205-100] Finished micro-architecture generation.
INFO: [HLS 200-111]  Elapsed time: 0.161 seconds; current allocated memory: 454.461 MB.
INFO: [HLS 200-10] ----------------------------------------------------------------
INFO: [HLS 200-42] -- Implementing module 'GELU' 
INFO: [HLS 200-10] ----------------------------------------------------------------
INFO: [SCHED 204-11] Starting scheduling ...
INFO: [SCHED 204-61] Pipelining loop 'Loop 1'.
INFO: [SCHED 204-61] Pipelining result : Target II = 1, Final II = 1, Depth = 123.
INFO: [SCHED 204-11] Finished scheduling.
INFO: [HLS 200-111]  Elapsed time: 0.318 seconds; current allocated memory: 455.263 MB.
INFO: [BIND 205-100] Starting micro-architecture generation ...
INFO: [BIND 205-101] Performing variable lifetime analysis.
INFO: [BIND 205-101] Exploring resource sharing.
INFO: [BIND 205-101] Binding ...
INFO: [BIND 205-100] Finished micro-architecture generation.
INFO: [HLS 200-111]  Elapsed time: 0.248 seconds; current allocated memory: 456.163 MB.
INFO: [HLS 200-10] ----------------------------------------------------------------
INFO: [HLS 200-10] -- Generating RTL for module 'exp_generic_double_s' 
INFO: [HLS 200-10] ----------------------------------------------------------------
INFO: [SYN 201-210] Renamed object name 'exp_generic_double_s_table_exp_Z1_array_s' to 'exp_generic_doublbkb' due to the length limit 20
INFO: [SYN 201-210] Renamed object name 'exp_generic_double_s_table_f_Z3_array_V' to 'exp_generic_doublcud' due to the length limit 20
INFO: [SYN 201-210] Renamed object name 'exp_generic_double_s_table_f_Z2_array_V' to 'exp_generic_doubldEe' due to the length limit 20
INFO: [SYN 201-210] Renamed object name 'GELU_mul_72ns_13s_84_2_1' to 'GELU_mul_72ns_13seOg' due to the length limit 20
INFO: [SYN 201-210] Renamed object name 'GELU_mac_muladd_16ns_16s_19s_31_1_1' to 'GELU_mac_muladd_1fYi' due to the length limit 20
INFO: [RTGEN 206-100] Generating core module 'GELU_mac_muladd_1fYi': 1 instance(s).
INFO: [RTGEN 206-100] Generating core module 'GELU_mul_72ns_13seOg': 1 instance(s).
INFO: [RTGEN 206-100] Finished creating RTL model for 'exp_generic_double_s'.
INFO: [HLS 200-111]  Elapsed time: 0.383 seconds; current allocated memory: 457.692 MB.
INFO: [HLS 200-10] ----------------------------------------------------------------
INFO: [HLS 200-10] -- Generating RTL for module 'generic_tanh_float_s' 
INFO: [HLS 200-10] ----------------------------------------------------------------
INFO: [SYN 201-210] Renamed object name 'GELU_fadd_32ns_32ns_32_4_full_dsp_1' to 'GELU_fadd_32ns_32g8j' due to the length limit 20
INFO: [SYN 201-210] Renamed object name 'GELU_fsub_32ns_32ns_32_4_full_dsp_1' to 'GELU_fsub_32ns_32hbi' due to the length limit 20
INFO: [SYN 201-210] Renamed object name 'GELU_fmul_32ns_32ns_32_3_max_dsp_1' to 'GELU_fmul_32ns_32ibs' due to the length limit 20
INFO: [SYN 201-210] Renamed object name 'GELU_fdiv_32ns_32ns_32_12_1' to 'GELU_fdiv_32ns_32jbC' due to the length limit 20
INFO: [SYN 201-210] Renamed object name 'GELU_fptrunc_64ns_32_1_1' to 'GELU_fptrunc_64nskbM' due to the length limit 20
INFO: [SYN 201-210] Renamed object name 'GELU_fpext_32ns_64_1_1' to 'GELU_fpext_32ns_6lbW' due to the length limit 20
INFO: [SYN 201-210] Renamed object name 'GELU_fcmp_32ns_32ns_1_1_1' to 'GELU_fcmp_32ns_32mb6' due to the length limit 20
INFO: [SYN 201-210] Renamed object name 'GELU_dadd_64ns_64ns_64_5_full_dsp_1' to 'GELU_dadd_64ns_64ncg' due to the length limit 20
INFO: [RTGEN 206-100] Generating core module 'GELU_dadd_64ns_64ncg': 1 instance(s).
INFO: [RTGEN 206-100] Generating core module 'GELU_fadd_32ns_32g8j': 2 instance(s).
INFO: [RTGEN 206-100] Generating core module 'GELU_fcmp_32ns_32mb6': 1 instance(s).
INFO: [RTGEN 206-100] Generating core module 'GELU_fdiv_32ns_32jbC': 1 instance(s).
INFO: [RTGEN 206-100] Generating core module 'GELU_fmul_32ns_32ibs': 1 instance(s).
INFO: [RTGEN 206-100] Generating core module 'GELU_fpext_32ns_6lbW': 1 instance(s).
INFO: [RTGEN 206-100] Generating core module 'GELU_fptrunc_64nskbM': 1 instance(s).
INFO: [RTGEN 206-100] Generating core module 'GELU_fsub_32ns_32hbi': 2 instance(s).
INFO: [RTGEN 206-100] Finished creating RTL model for 'generic_tanh_float_s'.
INFO: [HLS 200-111]  Elapsed time: 0.678 seconds; current allocated memory: 460.505 MB.
INFO: [HLS 200-10] ----------------------------------------------------------------
INFO: [HLS 200-10] -- Generating RTL for module 'GELU' 
INFO: [HLS 200-10] ----------------------------------------------------------------
INFO: [RTGEN 206-500] Setting interface mode on port 'GELU/gmem' to 'm_axi'.
INFO: [RTGEN 206-500] Setting interface mode on port 'GELU/input_width_V' to 's_axilite & ap_none'.
INFO: [RTGEN 206-500] Setting interface mode on port 'GELU/input_height_V' to 's_axilite & ap_none'.
INFO: [RTGEN 206-500] Setting interface mode on port 'GELU/input_depth_V' to 's_axilite & ap_none'.
INFO: [RTGEN 206-500] Setting interface mode on port 'GELU/in_data' to 's_axilite & ap_none'.
INFO: [RTGEN 206-500] Setting interface mode on port 'GELU/out_data' to 's_axilite & ap_none'.
INFO: [RTGEN 206-500] Setting interface mode on function 'GELU' to 's_axilite & ap_ctrl_hs'.
INFO: [RTGEN 206-100] Bundling port 'return', 'input_width_V', 'input_depth_V', 'in_data' and 'out_data' to AXI-Lite port AXILiteS.
INFO: [SYN 201-210] Renamed object name 'GELU_dmul_64ns_64ns_64_5_max_dsp_1' to 'GELU_dmul_64ns_64ocq' due to the length limit 20
INFO: [SYN 201-210] Renamed object name 'GELU_urem_32ns_12ns_32_36_1' to 'GELU_urem_32ns_12pcA' due to the length limit 20
INFO: [SYN 201-210] Renamed object name 'GELU_mul_mul_12ns_12ns_24_1_1' to 'GELU_mul_mul_12nsqcK' due to the length limit 20
INFO: [SYN 201-210] Renamed object name 'GELU_mul_mul_24ns_8ns_32_1_1' to 'GELU_mul_mul_24nsrcU' due to the length limit 20
INFO: [SYN 201-210] Renamed object name 'GELU_mul_mul_8ns_12ns_20_1_1' to 'GELU_mul_mul_8ns_sc4' due to the length limit 20
INFO: [SYN 201-210] Renamed object name 'GELU_mul_mul_20ns_12ns_32_1_1' to 'GELU_mul_mul_20nstde' due to the length limit 20
INFO: [RTGEN 206-104] Estimated max fanout for 'GELU' is 7356 from HDL expression: (1'b0 == ap_block_pp0_stage0_11001)
INFO: [RTGEN 206-100] Generating core module 'GELU_dmul_64ns_64ocq': 2 instance(s).
INFO: [RTGEN 206-100] Generating core module 'GELU_fadd_32ns_32g8j': 2 instance(s).
INFO: [RTGEN 206-100] Generating core module 'GELU_fmul_32ns_32ibs': 4 instance(s).
INFO: [RTGEN 206-100] Generating core module 'GELU_fpext_32ns_6lbW': 2 instance(s).
INFO: [RTGEN 206-100] Generating core module 'GELU_fptrunc_64nskbM': 1 instance(s).
INFO: [RTGEN 206-100] Generating core module 'GELU_mul_mul_12nsqcK': 1 instance(s).
INFO: [RTGEN 206-100] Generating core module 'GELU_mul_mul_20nstde': 1 instance(s).
INFO: [RTGEN 206-100] Generating core module 'GELU_mul_mul_24nsrcU': 1 instance(s).
INFO: [RTGEN 206-100] Generating core module 'GELU_mul_mul_8ns_sc4': 2 instance(s).
INFO: [RTGEN 206-100] Generating core module 'GELU_urem_32ns_12pcA': 1 instance(s).
INFO: [RTGEN 206-100] Finished creating RTL model for 'GELU'.
INFO: [HLS 200-111]  Elapsed time: 0.935 seconds; current allocated memory: 463.850 MB.
INFO: [RTMG 210-282] Generating pipelined core: 'GELU_mul_72ns_13seOg_MulnS_0'
INFO: [RTMG 210-279] Implementing memory 'exp_generic_doublbkb_rom' using auto ROMs.
INFO: [RTMG 210-279] Implementing memory 'exp_generic_doublcud_rom' using auto ROMs.
INFO: [RTMG 210-279] Implementing memory 'exp_generic_doubldEe_rom' using auto ROMs.
INFO: [RTMG 210-282] Generating pipelined core: 'GELU_urem_32ns_12pcA_div'
INFO: [HLS 200-111] Finished generating all RTL models Time (s): cpu = 00:00:02 ; elapsed = 00:00:22 . Memory (MB): peak = 541.227 ; gain = 455.859
INFO: [SYSC 207-301] Generating SystemC RTL for GELU.
INFO: [VHDL 208-304] Generating VHDL RTL for GELU.
INFO: [VLOG 209-307] Generating Verilog RTL for GELU.
INFO: [HLS 200-112] Total elapsed time: 22.099 seconds; peak allocated memory: 463.850 MB.
==============================================================
File generated on Fri Oct 25 16:43:27 +0800 2024
Vivado(TM) HLS - High-Level Synthesis from C, C++ and SystemC v2018.3 (64-bit)
SW Build 2405991 on Thu Dec  6 23:38:27 MST 2018
IP Build 2404404 on Fri Dec  7 01:43:56 MST 2018
Copyright 1986-2018 Xilinx, Inc. All Rights Reserved.
==============================================================
INFO: [SYN 201-201] Setting up clock 'default' with a period of 10ns.
INFO: [HLS 200-10] Setting target device to 'xc7z020clg400-2'
INFO: [SCHED 204-61] Option 'relax_ii_for_timing' is enabled, will increase II to preserve clock frequency constraints.
INFO: [HLS 200-10] Analyzing design file '../src/Gelu/GELU.cpp' ... 
INFO: [HLS 200-111] Finished Linking Time (s): cpu = 00:00:00 ; elapsed = 00:00:10 . Memory (MB): peak = 103.676 ; gain = 17.969
INFO: [HLS 200-111] Finished Checking Pragmas Time (s): cpu = 00:00:00 ; elapsed = 00:00:10 . Memory (MB): peak = 103.676 ; gain = 17.969
INFO: [HLS 200-10] Starting code transformations ...
INFO: [HLS 200-111] Finished Standard Transforms Time (s): cpu = 00:00:01 ; elapsed = 00:00:12 . Memory (MB): peak = 273.469 ; gain = 187.762
INFO: [HLS 200-10] Checking synthesizability ...
INFO: [XFORM 203-602] Inlining function 'fp_struct<float>::data' into 'fp_struct<float>::to_float' (r:/builds/2018.3/continuous/2018_12_06_2405991/src/products/hls/hls_lib/src/hls\utils/x_hls_utils.h:348) automatically.
INFO: [XFORM 203-602] Inlining function 'fp_struct<float>::to_float' into 'fp_struct<float>::to_ieee' (r:/builds/2018.3/continuous/2018_12_06_2405991/src/products/hls/hls_lib/src/hls\utils/x_hls_utils.h:369) automatically.
INFO: [XFORM 203-602] Inlining function 'fp_struct<float>::to_ieee' into 'generic_copysign<float>' (r:/builds/2018.3/continuous/2018_12_06_2405991/src/products/hls/hls_lib/hlsmath/include/FloatingPoint/hls_copysign.h:13) automatically.
INFO: [XFORM 203-602] Inlining function 'generic_copysign<float>' into 'generic_fabs<float>' (r:/builds/2018.3/continuous/2018_12_06_2405991/src/products/hls/hls_lib/hlsmath/include/FloatingPoint/hls_fabs.h:12) automatically.
INFO: [XFORM 203-602] Inlining function 'fp_struct<float>::to_ieee' into 'generic_nan<float>' (r:/builds/2018.3/continuous/2018_12_06_2405991/src/products/hls/hls_lib/hlsmath/include/FloatingPoint/hls_nan.h:14) automatically.
INFO: [XFORM 203-602] Inlining function 'fp_struct<double>::data' into 'fp_struct<double>::to_double' (r:/builds/2018.3/continuous/2018_12_06_2405991/src/products/hls/hls_lib/src/hls\utils/x_hls_utils.h:512) automatically.
INFO: [XFORM 203-602] Inlining function 'fp_struct<double>::to_double' into 'fp_struct<double>::to_ieee' (r:/builds/2018.3/continuous/2018_12_06_2405991/src/products/hls/hls_lib/src/hls\utils/x_hls_utils.h:526) automatically.
INFO: [XFORM 203-602] Inlining function 'generic_isnan<double>' into 'exp_reduce_::exp_generic<double>' (r:/builds/2018.3/continuous/2018_12_06_2405991/src/products/hls/hls_lib/hlsmath/include/FloatingPoint\hls_exp_.h:208) automatically.
INFO: [XFORM 203-602] Inlining function 'generic_isinf<double>' into 'exp_reduce_::exp_generic<double>' (r:/builds/2018.3/continuous/2018_12_06_2405991/src/products/hls/hls_lib/hlsmath/include/FloatingPoint\hls_exp_.h:209) automatically.
INFO: [XFORM 203-602] Inlining function 'fp_struct<double>::to_ieee' into 'exp_reduce_::exp_generic<double>' (r:/builds/2018.3/continuous/2018_12_06_2405991/src/products/hls/hls_lib/hlsmath/include/FloatingPoint\hls_exp_.h:218) automatically.
INFO: [XFORM 203-602] Inlining function 'fp_struct<double>::expv' into 'exp_reduce_::exp_generic<double>' (r:/builds/2018.3/continuous/2018_12_06_2405991/src/products/hls/hls_lib/hlsmath/include/FloatingPoint\hls_exp_.h:236) automatically.
INFO: [XFORM 203-602] Inlining function 'exp_reduce_::exp_traits<double>::exp_Z1P_m_1' into 'exp_reduce_::exp_generic<double>' (r:/builds/2018.3/continuous/2018_12_06_2405991/src/products/hls/hls_lib/hlsmath/include/FloatingPoint\hls_exp_.h:321) automatically.
INFO: [XFORM 203-602] Inlining function 'generic_fabs<float>' into 'explog_based::generic_tanh<float>' (r:/builds/2018.3/continuous/2018_12_06_2405991/src/products/hls/hls_lib/hlsmath/include/FloatingPoint\hls_tanh.h:61) automatically.
INFO: [XFORM 203-602] Inlining function 'generic_nan<float>' into 'explog_based::generic_tanh<float>' (r:/builds/2018.3/continuous/2018_12_06_2405991/src/products/hls/hls_lib/hlsmath/include/FloatingPoint\hls_tanh.h:67) automatically.
INFO: [XFORM 203-602] Inlining function 'exp_reduce_::expm1' into 'explog_based::generic_tanh<float>' (r:/builds/2018.3/continuous/2018_12_06_2405991/src/products/hls/hls_lib/hlsmath/include/FloatingPoint\hls_tanh.h:89) automatically.
INFO: [XFORM 203-602] Inlining function 'tanhf' into 'std::tanh' (D:/software/Xilinx/Vivado/2018.3/win64/tools/clang/bin\..\lib\clang\3.1/../../../include/c++/4.5.2\cmath:466) automatically.
INFO: [XFORM 203-602] Inlining function 'std::tanh' into 'GELU' (../src/Gelu/GELU.cpp:34) automatically.
INFO: [HLS 200-111] Finished Checking Synthesizability Time (s): cpu = 00:00:01 ; elapsed = 00:00:13 . Memory (MB): peak = 360.504 ; gain = 274.797
WARNING: [XFORM 203-503] Cannot unroll loop 'Loop-1' (../src/Gelu/GELU.cpp:22) in function 'GELU': cannot completely unroll a loop with a variable trip count.
INFO: [XFORM 203-602] Inlining function 'fp_struct<float>::data' into 'fp_struct<float>::to_float' (r:/builds/2018.3/continuous/2018_12_06_2405991/src/products/hls/hls_lib/src/hls\utils/x_hls_utils.h:348) automatically.
INFO: [XFORM 203-602] Inlining function 'fp_struct<float>::to_float' into 'fp_struct<float>::to_ieee' (r:/builds/2018.3/continuous/2018_12_06_2405991/src/products/hls/hls_lib/src/hls\utils/x_hls_utils.h:369) automatically.
INFO: [XFORM 203-602] Inlining function 'fp_struct<float>::to_ieee' into 'generic_copysign<float>' (r:/builds/2018.3/continuous/2018_12_06_2405991/src/products/hls/hls_lib/hlsmath/include/FloatingPoint/hls_copysign.h:13) automatically.
INFO: [XFORM 203-602] Inlining function 'generic_copysign<float>' into 'generic_fabs<float>' (r:/builds/2018.3/continuous/2018_12_06_2405991/src/products/hls/hls_lib/hlsmath/include/FloatingPoint/hls_fabs.h:12) automatically.
INFO: [XFORM 203-602] Inlining function 'fp_struct<float>::to_ieee' into 'generic_nan<float>' (r:/builds/2018.3/continuous/2018_12_06_2405991/src/products/hls/hls_lib/hlsmath/include/FloatingPoint/hls_nan.h:14) automatically.
INFO: [XFORM 203-602] Inlining function 'fp_struct<double>::data' into 'fp_struct<double>::to_double' (r:/builds/2018.3/continuous/2018_12_06_2405991/src/products/hls/hls_lib/src/hls\utils/x_hls_utils.h:512) automatically.
INFO: [XFORM 203-602] Inlining function 'fp_struct<double>::to_double' into 'fp_struct<double>::to_ieee' (r:/builds/2018.3/continuous/2018_12_06_2405991/src/products/hls/hls_lib/src/hls\utils/x_hls_utils.h:526) automatically.
INFO: [XFORM 203-602] Inlining function 'generic_isnan<double>' into 'exp_reduce_::exp_generic<double>' (r:/builds/2018.3/continuous/2018_12_06_2405991/src/products/hls/hls_lib/hlsmath/include/FloatingPoint\hls_exp_.h:208) automatically.
INFO: [XFORM 203-602] Inlining function 'generic_isinf<double>' into 'exp_reduce_::exp_generic<double>' (r:/builds/2018.3/continuous/2018_12_06_2405991/src/products/hls/hls_lib/hlsmath/include/FloatingPoint\hls_exp_.h:209) automatically.
INFO: [XFORM 203-602] Inlining function 'fp_struct<double>::to_ieee' into 'exp_reduce_::exp_generic<double>' (r:/builds/2018.3/continuous/2018_12_06_2405991/src/products/hls/hls_lib/hlsmath/include/FloatingPoint\hls_exp_.h:218) automatically.
INFO: [XFORM 203-602] Inlining function 'fp_struct<double>::expv' into 'exp_reduce_::exp_generic<double>' (r:/builds/2018.3/continuous/2018_12_06_2405991/src/products/hls/hls_lib/hlsmath/include/FloatingPoint\hls_exp_.h:236) automatically.
INFO: [XFORM 203-602] Inlining function 'exp_reduce_::exp_traits<double>::exp_Z1P_m_1' into 'exp_reduce_::exp_generic<double>' (r:/builds/2018.3/continuous/2018_12_06_2405991/src/products/hls/hls_lib/hlsmath/include/FloatingPoint\hls_exp_.h:321) automatically.
INFO: [XFORM 203-602] Inlining function 'generic_fabs<float>' into 'explog_based::generic_tanh<float>' (r:/builds/2018.3/continuous/2018_12_06_2405991/src/products/hls/hls_lib/hlsmath/include/FloatingPoint\hls_tanh.h:61) automatically.
INFO: [XFORM 203-602] Inlining function 'generic_nan<float>' into 'explog_based::generic_tanh<float>' (r:/builds/2018.3/continuous/2018_12_06_2405991/src/products/hls/hls_lib/hlsmath/include/FloatingPoint\hls_tanh.h:67) automatically.
INFO: [XFORM 203-602] Inlining function 'exp_reduce_::expm1' into 'explog_based::generic_tanh<float>' (r:/builds/2018.3/continuous/2018_12_06_2405991/src/products/hls/hls_lib/hlsmath/include/FloatingPoint\hls_tanh.h:89) automatically.
INFO: [XFORM 203-602] Inlining function 'tanhf' into 'std::tanh' (D:/software/Xilinx/Vivado/2018.3/win64/tools/clang/bin\..\lib\clang\3.1/../../../include/c++/4.5.2\cmath:466) automatically.
INFO: [XFORM 203-602] Inlining function 'std::tanh' into 'GELU' (../src/Gelu/GELU.cpp:34) automatically.
INFO: [XFORM 203-401] Performing if-conversion on hyperblock from (r:/builds/2018.3/continuous/2018_12_06_2405991/src/products/hls/hls_lib/hlsmath/include/FloatingPoint\hls_tanh.h:107:8) to (r:/builds/2018.3/continuous/2018_12_06_2405991/src/products/hls/hls_lib/hlsmath/include/FloatingPoint\hls_tanh.h:113:3) in function 'explog_based::generic_tanh<float>'... converting 3 basic blocks.
INFO: [XFORM 203-401] Performing if-conversion on hyperblock from (r:/builds/2018.3/continuous/2018_12_06_2405991/src/products/hls/hls_lib/hlsmath/include/FloatingPoint\hls_tanh.h:82:10) to (r:/builds/2018.3/continuous/2018_12_06_2405991/src/products/hls/hls_lib/hlsmath/src/common/hls_exp_float.cpp:8:10) in function 'explog_based::generic_tanh<float>'... converting 4 basic blocks.
INFO: [XFORM 203-401] Performing if-conversion on hyperblock from (r:/builds/2018.3/continuous/2018_12_06_2405991/src/products/hls/hls_lib/hlsmath/include/FloatingPoint\hls_exp_.h:184:19) to (r:/builds/2018.3/continuous/2018_12_06_2405991/src/products/hls/hls_lib/hlsmath/include/FloatingPoint\hls_exp_.h:367:3) in function 'exp_reduce_::exp_generic<double>'... converting 20 basic blocks.
INFO: [HLS 200-111] Finished Pre-synthesis Time (s): cpu = 00:00:01 ; elapsed = 00:00:15 . Memory (MB): peak = 476.016 ; gain = 390.309
WARNING: [XFORM 203-631] Renaming function 'explog_based::generic_tanh<float>' to 'generic_tanh<float>' (r:/builds/2018.3/continuous/2018_12_06_2405991/src/products/hls/hls_lib/hlsmath/include/FloatingPoint\hls_tanh.h:56)
WARNING: [XFORM 203-631] Renaming function 'exp_reduce_::exp_generic<double>' to 'exp_generic<double>' (r:/builds/2018.3/continuous/2018_12_06_2405991/src/products/hls/hls_lib/hlsmath/include/FloatingPoint\hls_exp_.h:184)
INFO: [HLS 200-444] Inferring multiple bus burst read of variable length on port 'gmem' (../src/Gelu/GELU.cpp:31:43). These data requests might be further partitioned to multiple requests during RTL generation, based on max_read_burst_length or max_write_burst_length settings.
INFO: [HLS 200-111] Finished Architecture Synthesis Time (s): cpu = 00:00:01 ; elapsed = 00:00:15 . Memory (MB): peak = 530.645 ; gain = 444.938
INFO: [HLS 200-10] Starting hardware synthesis ...
INFO: [HLS 200-10] Synthesizing 'GELU' ...
WARNING: [SYN 201-103] Legalizing function name 'exp_generic<double>' to 'exp_generic_double_s'.
WARNING: [SYN 201-103] Legalizing function name 'generic_tanh<float>' to 'generic_tanh_float_s'.
INFO: [HLS 200-10] ----------------------------------------------------------------
INFO: [HLS 200-42] -- Implementing module 'exp_generic_double_s' 
INFO: [HLS 200-10] ----------------------------------------------------------------
INFO: [SCHED 204-11] Starting scheduling ...
INFO: [SCHED 204-61] Pipelining function 'exp_generic<double>'.
INFO: [SCHED 204-61] Pipelining result : Target II = 1, Final II = 1, Depth = 13.
INFO: [SCHED 204-11] Finished scheduling.
INFO: [HLS 200-111]  Elapsed time: 15.62 seconds; current allocated memory: 452.504 MB.
INFO: [BIND 205-100] Starting micro-architecture generation ...
INFO: [BIND 205-101] Performing variable lifetime analysis.
INFO: [BIND 205-101] Exploring resource sharing.
INFO: [BIND 205-101] Binding ...
INFO: [BIND 205-100] Finished micro-architecture generation.
INFO: [HLS 200-111]  Elapsed time: 0.174 seconds; current allocated memory: 453.136 MB.
INFO: [HLS 200-10] ----------------------------------------------------------------
INFO: [HLS 200-42] -- Implementing module 'generic_tanh_float_s' 
INFO: [HLS 200-10] ----------------------------------------------------------------
INFO: [SCHED 204-11] Starting scheduling ...
INFO: [SCHED 204-11] Finished scheduling.
INFO: [HLS 200-111]  Elapsed time: 0.241 seconds; current allocated memory: 453.776 MB.
INFO: [BIND 205-100] Starting micro-architecture generation ...
INFO: [BIND 205-101] Performing variable lifetime analysis.
INFO: [BIND 205-101] Exploring resource sharing.
INFO: [BIND 205-101] Binding ...
INFO: [BIND 205-100] Finished micro-architecture generation.
INFO: [HLS 200-111]  Elapsed time: 0.165 seconds; current allocated memory: 454.227 MB.
INFO: [HLS 200-10] ----------------------------------------------------------------
INFO: [HLS 200-42] -- Implementing module 'GELU' 
INFO: [HLS 200-10] ----------------------------------------------------------------
INFO: [SCHED 204-11] Starting scheduling ...
INFO: [SCHED 204-11] Finished scheduling.
INFO: [HLS 200-111]  Elapsed time: 0.245 seconds; current allocated memory: 454.740 MB.
INFO: [HLS 200-434] Only 0 loops out of a total 3 loops have been pipelined in this design.
INFO: [BIND 205-100] Starting micro-architecture generation ...
INFO: [BIND 205-101] Performing variable lifetime analysis.
INFO: [BIND 205-101] Exploring resource sharing.
INFO: [BIND 205-101] Binding ...
INFO: [BIND 205-100] Finished micro-architecture generation.
INFO: [HLS 200-111]  Elapsed time: 0.167 seconds; current allocated memory: 455.103 MB.
INFO: [HLS 200-10] ----------------------------------------------------------------
INFO: [HLS 200-10] -- Generating RTL for module 'exp_generic_double_s' 
INFO: [HLS 200-10] ----------------------------------------------------------------
INFO: [SYN 201-210] Renamed object name 'exp_generic_double_s_table_exp_Z1_array_s' to 'exp_generic_doublbkb' due to the length limit 20
INFO: [SYN 201-210] Renamed object name 'exp_generic_double_s_table_f_Z3_array_V' to 'exp_generic_doublcud' due to the length limit 20
INFO: [SYN 201-210] Renamed object name 'exp_generic_double_s_table_f_Z2_array_V' to 'exp_generic_doubldEe' due to the length limit 20
INFO: [SYN 201-210] Renamed object name 'GELU_mul_72ns_13s_84_2_1' to 'GELU_mul_72ns_13seOg' due to the length limit 20
INFO: [SYN 201-210] Renamed object name 'GELU_mac_muladd_16ns_16s_19s_31_1_1' to 'GELU_mac_muladd_1fYi' due to the length limit 20
INFO: [RTGEN 206-100] Generating core module 'GELU_mac_muladd_1fYi': 1 instance(s).
INFO: [RTGEN 206-100] Generating core module 'GELU_mul_72ns_13seOg': 1 instance(s).
INFO: [RTGEN 206-100] Finished creating RTL model for 'exp_generic_double_s'.
INFO: [HLS 200-111]  Elapsed time: 0.341 seconds; current allocated memory: 456.555 MB.
INFO: [HLS 200-10] ----------------------------------------------------------------
INFO: [HLS 200-10] -- Generating RTL for module 'generic_tanh_float_s' 
INFO: [HLS 200-10] ----------------------------------------------------------------
INFO: [SYN 201-210] Renamed object name 'GELU_faddfsub_32ns_32ns_32_4_full_dsp_1' to 'GELU_faddfsub_32ng8j' due to the length limit 20
INFO: [SYN 201-210] Renamed object name 'GELU_fmul_32ns_32ns_32_3_max_dsp_1' to 'GELU_fmul_32ns_32hbi' due to the length limit 20
INFO: [SYN 201-210] Renamed object name 'GELU_fdiv_32ns_32ns_32_12_1' to 'GELU_fdiv_32ns_32ibs' due to the length limit 20
INFO: [SYN 201-210] Renamed object name 'GELU_fptrunc_64ns_32_1_1' to 'GELU_fptrunc_64nsjbC' due to the length limit 20
INFO: [SYN 201-210] Renamed object name 'GELU_fpext_32ns_64_1_1' to 'GELU_fpext_32ns_6kbM' due to the length limit 20
INFO: [SYN 201-210] Renamed object name 'GELU_fcmp_32ns_32ns_1_1_1' to 'GELU_fcmp_32ns_32lbW' due to the length limit 20
INFO: [SYN 201-210] Renamed object name 'GELU_dadd_64ns_64ns_64_5_full_dsp_1' to 'GELU_dadd_64ns_64mb6' due to the length limit 20
INFO: [RTGEN 206-100] Generating core module 'GELU_dadd_64ns_64mb6': 1 instance(s).
INFO: [RTGEN 206-100] Generating core module 'GELU_faddfsub_32ng8j': 1 instance(s).
INFO: [RTGEN 206-100] Generating core module 'GELU_fcmp_32ns_32lbW': 1 instance(s).
INFO: [RTGEN 206-100] Generating core module 'GELU_fdiv_32ns_32ibs': 1 instance(s).
INFO: [RTGEN 206-100] Generating core module 'GELU_fmul_32ns_32hbi': 1 instance(s).
INFO: [RTGEN 206-100] Generating core module 'GELU_fpext_32ns_6kbM': 1 instance(s).
INFO: [RTGEN 206-100] Generating core module 'GELU_fptrunc_64nsjbC': 1 instance(s).
INFO: [RTGEN 206-100] Finished creating RTL model for 'generic_tanh_float_s'.
INFO: [HLS 200-111]  Elapsed time: 0.609 seconds; current allocated memory: 457.969 MB.
INFO: [HLS 200-10] ----------------------------------------------------------------
INFO: [HLS 200-10] -- Generating RTL for module 'GELU' 
INFO: [HLS 200-10] ----------------------------------------------------------------
INFO: [RTGEN 206-500] Setting interface mode on port 'GELU/gmem' to 'm_axi'.
INFO: [RTGEN 206-500] Setting interface mode on port 'GELU/input_width_V' to 's_axilite & ap_none'.
INFO: [RTGEN 206-500] Setting interface mode on port 'GELU/input_height_V' to 's_axilite & ap_none'.
INFO: [RTGEN 206-500] Setting interface mode on port 'GELU/input_depth_V' to 's_axilite & ap_none'.
INFO: [RTGEN 206-500] Setting interface mode on port 'GELU/in_data' to 's_axilite & ap_none'.
INFO: [RTGEN 206-500] Setting interface mode on port 'GELU/out_data' to 's_axilite & ap_none'.
INFO: [RTGEN 206-500] Setting interface mode on function 'GELU' to 's_axilite & ap_ctrl_hs'.
INFO: [RTGEN 206-100] Bundling port 'return', 'input_width_V', 'input_depth_V', 'in_data' and 'out_data' to AXI-Lite port AXILiteS.
INFO: [SYN 201-210] Renamed object name 'GELU_fadd_32ns_32ns_32_4_full_dsp_1' to 'GELU_fadd_32ns_32ncg' due to the length limit 20
INFO: [SYN 201-210] Renamed object name 'GELU_dmul_64ns_64ns_64_5_max_dsp_1' to 'GELU_dmul_64ns_64ocq' due to the length limit 20
INFO: [SYN 201-210] Renamed object name 'GELU_mul_mul_12ns_20ns_32_1_1' to 'GELU_mul_mul_12nspcA' due to the length limit 20
INFO: [RTGEN 206-100] Generating core module 'GELU_dmul_64ns_64ocq': 1 instance(s).
INFO: [RTGEN 206-100] Generating core module 'GELU_fadd_32ns_32ncg': 1 instance(s).
INFO: [RTGEN 206-100] Generating core module 'GELU_fmul_32ns_32hbi': 1 instance(s).
INFO: [RTGEN 206-100] Generating core module 'GELU_fpext_32ns_6kbM': 1 instance(s).
INFO: [RTGEN 206-100] Generating core module 'GELU_fptrunc_64nsjbC': 1 instance(s).
INFO: [RTGEN 206-100] Generating core module 'GELU_mul_mul_12nspcA': 1 instance(s).
INFO: [RTGEN 206-100] Finished creating RTL model for 'GELU'.
INFO: [HLS 200-111]  Elapsed time: 0.594 seconds; current allocated memory: 459.242 MB.
INFO: [RTMG 210-282] Generating pipelined core: 'GELU_mul_72ns_13seOg_MulnS_0'
INFO: [RTMG 210-279] Implementing memory 'exp_generic_doublbkb_rom' using auto ROMs.
INFO: [RTMG 210-279] Implementing memory 'exp_generic_doublcud_rom' using auto ROMs.
INFO: [RTMG 210-279] Implementing memory 'exp_generic_doubldEe_rom' using auto ROMs.
INFO: [HLS 200-111] Finished generating all RTL models Time (s): cpu = 00:00:02 ; elapsed = 00:00:21 . Memory (MB): peak = 533.422 ; gain = 447.715
INFO: [SYSC 207-301] Generating SystemC RTL for GELU.
INFO: [VHDL 208-304] Generating VHDL RTL for GELU.
INFO: [VLOG 209-307] Generating Verilog RTL for GELU.
INFO: [HLS 200-112] Total elapsed time: 21.076 seconds; peak allocated memory: 459.242 MB.
